repetition,fold,model,row_position,actual,prediction
1,1,null,145,74.0,130.84615384615384
1,1,null,83,16.0,130.84615384615384
1,1,null,45,72.0,130.84615384615384
1,1,null,103,13.0,130.84615384615384
1,1,null,90,141.0,130.84615384615384
1,1,null,132,26.0,130.84615384615384
1,1,null,18,31.0,130.84615384615384
1,1,null,143,66.0,130.84615384615384
1,1,null,78,36.0,130.84615384615384
1,1,null,127,56.0,130.84615384615384
1,1,null,135,54.0,130.84615384615384
1,1,null,187,75.0,130.84615384615384
1,1,null,72,22.0,130.84615384615384
1,1,null,201,14.0,130.84615384615384
1,1,null,111,37.0,130.84615384615384
1,1,null,91,189.0,130.84615384615384
1,1,null,100,24.0,130.84615384615384
1,1,null,73,36.0,130.84615384615384
1,1,null,124,20.0,130.84615384615384
1,1,null,21,33.0,130.84615384615384
1,1,null,133,32.0,130.84615384615384
1,1,null,93,132.0,130.84615384615384
1,1,null,95,465.0,130.84615384615384
1,1,null,87,35.0,130.84615384615384
1,1,null,172,41.0,130.84615384615384
1,1,null,65,259.0,130.84615384615384
1,1,null,185,58.0,130.84615384615384
1,1,null,99,6.0,130.84615384615384
1,1,null,71,64.0,130.84615384615384
1,1,null,166,116.0,130.84615384615384
1,1,null,153,510.0,130.84615384615384
1,1,null,125,27.0,130.84615384615384
1,1,null,206,52.0,130.84615384615384
1,1,null,117,24.0,130.84615384615384
1,1,null,74,44.0,130.84615384615384
1,1,null,202,18.0,130.84615384615384
1,1,null,10,38.0,130.84615384615384
1,1,null,116,66.0,130.84615384615384
1,1,null,149,105.0,130.84615384615384
1,1,null,63,144.0,130.84615384615384
1,1,null,1,269.0,130.84615384615384
1,1,null,42,52.0,130.84615384615384
1,1,null,122,12.0,130.84615384615384
1,1,null,17,28.0,130.84615384615384
1,1,null,190,173.0,130.84615384615384
1,1,null,53,36.0,130.84615384615384
1,1,null,76,45.0,130.84615384615384
1,1,null,165,51.0,130.84615384615384
1,1,null,40,36.0,130.84615384615384
1,1,null,69,32.0,130.84615384615384
1,1,null,174,50.0,130.84615384615384
1,1,null,129,80.0,130.84615384615384
1,1,null,158,12.0,130.84615384615384
1,1,null,105,32.0,130.84615384615384
1,1,null,162,34.0,130.84615384615384
1,1,null,11,40.0,130.84615384615384
1,1,null,142,50.0,130.84615384615384
1,1,null,43,60.0,130.84615384615384
1,1,null,179,60.0,130.84615384615384
1,1,null,160,21.0,130.84615384615384
1,1,null,61,22.0,130.84615384615384
1,1,null,57,12.0,130.84615384615384
1,1,null,167,100.0,130.84615384615384
1,1,null,23,76.0,130.84615384615384
1,1,null,164,46.0,130.84615384615384
1,1,null,178,38.0,130.84615384615384
1,1,null,15,35.0,130.84615384615384
1,1,null,60,16.0,130.84615384615384
1,1,null,109,18.0,130.84615384615384
1,1,null,137,30.0,130.84615384615384
1,1,null,31,368.0,130.84615384615384
1,1,null,16,19.0,130.84615384615384
1,1,null,44,72.0,130.84615384615384
1,1,null,192,405.0,130.84615384615384
1,1,null,188,113.0,130.84615384615384
1,1,null,34,106.0,130.84615384615384
1,1,null,30,274.0,130.84615384615384
1,1,null,58,14.0,130.84615384615384
1,1,null,35,208.0,130.84615384615384
1,1,null,77,53.0,130.84615384615384
1,1,null,182,11.0,130.84615384615384
1,1,null,49,62.0,130.84615384615384
1,1,null,6,367.0,130.84615384615384
1,1,null,102,7.0,130.84615384615384
1,1,null,175,50.0,130.84615384615384
1,1,null,139,40.0,130.84615384615384
1,1,null,191,248.0,130.84615384615384
1,1,null,41,40.0,130.84615384615384
1,1,null,110,22.0,130.84615384615384
1,1,null,22,61.0,130.84615384615384
1,1,null,19,120.0,130.84615384615384
1,1,null,163,42.0,130.84615384615384
1,1,null,64,144.0,130.84615384615384
1,1,null,47,20.0,130.84615384615384
1,1,null,113,34.0,130.84615384615384
1,1,null,140,62.0,130.84615384615384
1,1,null,181,6.0,130.84615384615384
1,1,null,14,10.0,130.84615384615384
1,1,null,141,60.0,130.84615384615384
1,1,null,194,114.0,130.84615384615384
1,1,null,36,20.0,130.84615384615384
1,1,null,97,277.0,130.84615384615384
1,1,null,193,70.0,130.84615384615384
1,1,null,205,46.0,130.84615384615384
1,1,null,136,65.0,130.84615384615384
1,1,knn,145,74.0,107.57035708617315
1,1,knn,83,16.0,39.58292141833851
1,1,knn,45,72.0,35.74179118059251
1,1,knn,103,13.0,11.146558227212509
1,1,knn,90,141.0,135.5081425287402
1,1,knn,132,26.0,48.29961392162988
1,1,knn,18,31.0,29.746305432752834
1,1,knn,143,66.0,82.19941771906457
1,1,knn,78,36.0,32.853027446133495
1,1,knn,127,56.0,54.36794910810529
1,1,knn,135,54.0,84.33030174039101
1,1,knn,187,75.0,87.27820933961546
1,1,knn,72,22.0,29.729158330965333
1,1,knn,201,14.0,22.382860734255846
1,1,knn,111,37.0,11.913235625306417
1,1,knn,91,189.0,135.5081425287402
1,1,knn,100,24.0,26.194017070918406
1,1,knn,73,36.0,34.310090146275265
1,1,knn,124,20.0,17.50719409894843
1,1,knn,21,33.0,36.10984679144498
1,1,knn,133,32.0,47.15702021254116
1,1,knn,93,132.0,98.52545135089727
1,1,knn,95,465.0,488.95463894156063
1,1,knn,87,35.0,23.611706053491677
1,1,knn,172,41.0,94.87293153610122
1,1,knn,65,259.0,126.66002460252454
1,1,knn,185,58.0,40.94762854638568
1,1,knn,99,6.0,40.55090002613743
1,1,knn,71,64.0,53.360087903979746
1,1,knn,166,116.0,47.7996966524397
1,1,knn,153,510.0,487.59737837081025
1,1,knn,125,27.0,29.407914154042018
1,1,knn,206,52.0,34.90827529998637
1,1,knn,117,24.0,31.186521064121695
1,1,knn,74,44.0,35.221621461938845
1,1,knn,202,18.0,20.379344440676327
1,1,knn,10,38.0,37.82676394826428
1,1,knn,116,66.0,79.96134507658162
1,1,knn,149,105.0,39.23895204024495
1,1,knn,63,144.0,81.60147178525489
1,1,knn,1,269.0,196.3649200650964
1,1,knn,42,52.0,60.3862652178153
1,1,knn,122,12.0,17.999999997906922
1,1,knn,17,28.0,31.94240218672526
1,1,knn,190,173.0,184.06815435813894
1,1,knn,53,36.0,34.671470912389786
1,1,knn,76,45.0,31.644414146712535
1,1,knn,165,51.0,47.7996966524397
1,1,knn,40,36.0,37.90151110911238
1,1,knn,69,32.0,32.15915635352119
1,1,knn,174,50.0,31.28207622641117
1,1,knn,129,80.0,70.31236248646243
1,1,knn,158,12.0,20.09127424597557
1,1,knn,105,32.0,36.39814953280296
1,1,knn,162,34.0,41.862460799625566
1,1,knn,11,40.0,38.74318561364071
1,1,knn,142,50.0,39.57020362790963
1,1,knn,43,60.0,60.3862652178153
1,1,knn,179,60.0,47.530881940747726
1,1,knn,160,21.0,33.04735363031456
1,1,knn,61,22.0,20.039198238003863
1,1,knn,57,12.0,20.039198238003863
1,1,knn,167,100.0,137.00865168240827
1,1,knn,23,76.0,48.61646360215317
1,1,knn,164,46.0,65.14648883803078
1,1,knn,178,38.0,28.33853532211149
1,1,knn,15,35.0,73.2099161385928
1,1,knn,60,16.0,20.039198238003863
1,1,knn,109,18.0,11.661713629409054
1,1,knn,137,30.0,38.00049121679113
1,1,knn,31,368.0,211.5484963556619
1,1,knn,16,19.0,28.633964043972558
1,1,knn,44,72.0,54.29746724399947
1,1,knn,192,405.0,214.15353147241228
1,1,knn,188,113.0,123.84335489365154
1,1,knn,34,106.0,197.45244412994222
1,1,knn,30,274.0,211.5484963556619
1,1,knn,58,14.0,20.039198238003863
1,1,knn,35,208.0,197.5087150394858
1,1,knn,77,53.0,50.866747442837436
1,1,knn,182,11.0,31.268510900006746
1,1,knn,49,62.0,39.51153075382913
1,1,knn,6,367.0,488.9966090712281
1,1,knn,102,7.0,11.145469240154341
1,1,knn,175,50.0,73.29388866245155
1,1,knn,139,40.0,28.44891676677698
1,1,knn,191,248.0,322.2504845353053
1,1,knn,41,40.0,61.448944774531235
1,1,knn,110,22.0,11.90760772194712
1,1,knn,22,61.0,43.269413353049565
1,1,knn,19,120.0,211.71882499468717
1,1,knn,163,42.0,51.38299327236265
1,1,knn,64,144.0,106.16773436261938
1,1,knn,47,20.0,18.46175344565832
1,1,knn,113,34.0,38.685276474897776
1,1,knn,140,62.0,65.24018249802506
1,1,knn,181,6.0,31.480436985788028
1,1,knn,14,10.0,42.54829719174324
1,1,knn,141,60.0,65.24018249802506
1,1,knn,194,114.0,166.42222318682352
1,1,knn,36,20.0,25.07819685533421
1,1,knn,97,277.0,196.55454888658312
1,1,knn,193,70.0,50.48231189796234
1,1,knn,205,46.0,60.68924363288989
1,1,knn,136,65.0,84.33030174039101
1,1,edited,145,74.0,23.992013097054826
1,1,edited,83,16.0,23.99256813151853
1,1,edited,45,72.0,23.994556422432783
1,1,edited,103,13.0,11.00461068512722
1,1,edited,90,141.0,23.989948628520704
1,1,edited,132,26.0,23.994460663593873
1,1,edited,18,31.0,23.991284802299713
1,1,edited,143,66.0,23.99455449191614
1,1,edited,78,36.0,23.98467597692468
1,1,edited,127,56.0,23.99451746802911
1,1,edited,135,54.0,23.99467475904708
1,1,edited,187,75.0,23.992940218085717
1,1,edited,72,22.0,23.990703842700796
1,1,edited,201,14.0,23.99417353258898
1,1,edited,111,37.0,11.079135380128712
1,1,edited,91,189.0,23.989948628520704
1,1,edited,100,24.0,23.992914986303372
1,1,edited,73,36.0,23.986516411158313
1,1,edited,124,20.0,15.866303245668156
1,1,edited,21,33.0,23.990411909452142
1,1,edited,133,32.0,23.9943626881587
1,1,edited,93,132.0,23.993886565266493
1,1,edited,95,465.0,23.92220128978451
1,1,edited,87,35.0,23.991531624061
1,1,edited,172,41.0,23.986353248742926
1,1,edited,65,259.0,23.963416444615802
1,1,edited,185,58.0,23.99344533498918
1,1,edited,99,6.0,23.991259806677334
1,1,edited,71,64.0,23.98551302796365
1,1,edited,166,116.0,23.975516578161294
1,1,edited,153,510.0,23.872755945798442
1,1,edited,125,27.0,23.99319497660926
1,1,edited,206,52.0,23.99400199761132
1,1,edited,117,24.0,23.993487182724955
1,1,edited,74,44.0,23.986371879241776
1,1,edited,202,18.0,23.994269230630128
1,1,edited,10,38.0,23.992850692050798
1,1,edited,116,66.0,23.99594049882967
1,1,edited,149,105.0,23.993409230910288
1,1,edited,63,144.0,23.983473501826808
1,1,edited,1,269.0,23.98708575699848
1,1,edited,42,52.0,23.995976072651093
1,1,edited,122,12.0,11.00479935437455
1,1,edited,17,28.0,23.988836984850384
1,1,edited,190,173.0,23.98742602775165
1,1,edited,53,36.0,23.99526313724349
1,1,edited,76,45.0,23.99046486302051
1,1,edited,165,51.0,23.975516578161294
1,1,edited,40,36.0,23.994934648080008
1,1,edited,69,32.0,23.99175633677997
1,1,edited,174,50.0,23.9933525417539
1,1,edited,129,80.0,23.99570034097718
1,1,edited,158,12.0,23.993170530449422
1,1,edited,105,32.0,23.991743848617794
1,1,edited,162,34.0,23.99261772119497
1,1,edited,11,40.0,23.99327214110439
1,1,edited,142,50.0,23.99453998903856
1,1,edited,43,60.0,23.995976072651093
1,1,edited,179,60.0,23.994288050077714
1,1,edited,160,21.0,23.993912223338302
1,1,edited,61,22.0,21.911415171717003
1,1,edited,57,12.0,21.911415171717003
1,1,edited,167,100.0,23.981072513756583
1,1,edited,23,76.0,23.969602390153504
1,1,edited,164,46.0,23.994754957283746
1,1,edited,178,38.0,23.99310214387636
1,1,edited,15,35.0,23.99388407242142
1,1,edited,60,16.0,21.911415171717003
1,1,edited,109,18.0,11.033925177041374
1,1,edited,137,30.0,23.790258152440952
1,1,edited,31,368.0,23.943196728778283
1,1,edited,16,19.0,23.991828882389232
1,1,edited,44,72.0,23.99552045665264
1,1,edited,192,405.0,23.932265248533998
1,1,edited,188,113.0,23.991651503853465
1,1,edited,34,106.0,23.98806006139109
1,1,edited,30,274.0,23.943196728778283
1,1,edited,58,14.0,21.911415171717003
1,1,edited,35,208.0,23.98785321492255
1,1,edited,77,53.0,23.994215390851615
1,1,edited,182,11.0,23.99299352326186
1,1,edited,49,62.0,23.995154967551592
1,1,edited,6,367.0,23.91930890341036
1,1,edited,102,7.0,11.004529882035763
1,1,edited,175,50.0,23.99661220903681
1,1,edited,139,40.0,23.993213362254583
1,1,edited,191,248.0,23.983326473437113
1,1,edited,41,40.0,23.995998943881897
1,1,edited,110,22.0,11.044347042846356
1,1,edited,22,61.0,23.968621609307945
1,1,edited,19,120.0,23.846370616327025
1,1,edited,163,42.0,23.99387150028386
1,1,edited,64,144.0,23.988159083694686
1,1,edited,47,20.0,16.03040637762146
1,1,edited,113,34.0,23.992389045410057
1,1,edited,140,62.0,23.99340532952941
1,1,edited,181,6.0,23.992564950446607
1,1,edited,14,10.0,23.991773788460783
1,1,edited,141,60.0,23.99340532952941
1,1,edited,194,114.0,23.995254786064447
1,1,edited,36,20.0,23.99346986285802
1,1,edited,97,277.0,23.98936733422672
1,1,edited,193,70.0,23.989889456749296
1,1,edited,205,46.0,23.993880874704768
1,1,edited,136,65.0,23.99467475904708
1,1,condensed,145,74.0,105.2337058762236
1,1,condensed,83,16.0,42.1394826103749
1,1,condensed,45,72.0,32.52367165770192
1,1,condensed,103,13.0,11.000000028345397
1,1,condensed,90,141.0,135.5598435444402
1,1,condensed,132,26.0,53.70133256336466
1,1,condensed,18,31.0,26.146964575759817
1,1,condensed,143,66.0,82.99242740937288
1,1,condensed,78,36.0,39.095253528830305
1,1,condensed,127,56.0,59.34083115807915
1,1,condensed,135,54.0,77.8825822647352
1,1,condensed,187,75.0,84.17410223513406
1,1,condensed,72,22.0,28.690312694090338
1,1,condensed,201,14.0,29.21671596354504
1,1,condensed,111,37.0,11.000001534175414
1,1,condensed,91,189.0,135.5598435444402
1,1,condensed,100,24.0,27.015538212109558
1,1,condensed,73,36.0,38.60091652689577
1,1,condensed,124,20.0,11.000074806870805
1,1,condensed,21,33.0,28.851469953243765
1,1,condensed,133,32.0,50.635008739545334
1,1,condensed,93,132.0,81.83085669350044
1,1,condensed,95,465.0,488.9998914761294
1,1,condensed,87,35.0,22.26069200662655
1,1,condensed,172,41.0,92.94816047225979
1,1,condensed,65,259.0,129.84739669207937
1,1,condensed,185,58.0,39.71541776616907
1,1,condensed,99,6.0,41.72530996274191
1,1,condensed,71,64.0,65.49516111005686
1,1,condensed,166,116.0,32.44792488762746
1,1,condensed,153,510.0,488.9467926972725
1,1,condensed,125,27.0,31.409139686217276
1,1,condensed,206,52.0,29.355555476218722
1,1,condensed,117,24.0,36.645543765005
1,1,condensed,74,44.0,39.59891300431547
1,1,condensed,202,18.0,29.979522569503995
1,1,condensed,10,38.0,40.071024942308384
1,1,condensed,116,66.0,80.33432360751823
1,1,condensed,149,105.0,40.61431321783622
1,1,condensed,63,144.0,79.24179638173204
1,1,condensed,1,269.0,196.36494953273487
1,1,condensed,42,52.0,57.47919141392799
1,1,condensed,122,12.0,11.00000002750667
1,1,condensed,17,28.0,45.57315503481309
1,1,condensed,190,173.0,184.30451714806654
1,1,condensed,53,36.0,49.230250594030636
1,1,condensed,76,45.0,43.94119277421549
1,1,condensed,165,51.0,32.44792488762746
1,1,condensed,40,36.0,35.46209446170459
1,1,condensed,69,32.0,24.605510599038283
1,1,condensed,174,50.0,38.95574867390539
1,1,condensed,129,80.0,80.11655206949247
1,1,condensed,158,12.0,28.23259723560203
1,1,condensed,105,32.0,38.23435007343819
1,1,condensed,162,34.0,41.867412286933856
1,1,condensed,11,40.0,42.693962240151926
1,1,condensed,142,50.0,40.40014636093429
1,1,condensed,43,60.0,57.47919141392799
1,1,condensed,179,60.0,47.879202871996185
1,1,condensed,160,21.0,34.87793360336411
1,1,condensed,61,22.0,11.000462034701417
1,1,condensed,57,12.0,11.000462034701417
1,1,condensed,167,100.0,137.44193694640947
1,1,condensed,23,76.0,66.05137822949965
1,1,condensed,164,46.0,61.17208980697552
1,1,condensed,178,38.0,27.712589686008968
1,1,condensed,15,35.0,82.85303226912711
1,1,condensed,60,16.0,11.000462034701417
1,1,condensed,109,18.0,11.000000280812369
1,1,condensed,137,30.0,66.04398961196702
1,1,condensed,31,368.0,211.63645901259557
1,1,condensed,16,19.0,28.94500727625272
1,1,condensed,44,72.0,58.63113815118013
1,1,condensed,192,405.0,214.29121747493502
1,1,condensed,188,113.0,128.1273603074594
1,1,condensed,34,106.0,202.94649424886487
1,1,condensed,30,274.0,211.63645901259557
1,1,condensed,58,14.0,11.000462034701417
1,1,condensed,35,208.0,203.0302308849163
1,1,condensed,77,53.0,72.60764217830518
1,1,condensed,182,11.0,40.034640575135825
1,1,condensed,49,62.0,57.91254059879648
1,1,condensed,6,367.0,488.99998936823937
1,1,condensed,102,7.0,11.000000027073746
1,1,condensed,175,50.0,85.24205150942466
1,1,condensed,139,40.0,32.38878054295903
1,1,condensed,191,248.0,322.35691216177673
1,1,condensed,41,40.0,60.16500934196234
1,1,condensed,110,22.0,11.00000039795808
1,1,condensed,22,61.0,66.32054690318651
1,1,condensed,19,120.0,211.78286565094572
1,1,condensed,163,42.0,47.8014270876355
1,1,condensed,64,144.0,105.3438781268841
1,1,condensed,47,20.0,11.000074434149537
1,1,condensed,113,34.0,40.43172293501879
1,1,condensed,140,62.0,62.40257866846781
1,1,condensed,181,6.0,38.67588997076974
1,1,condensed,14,10.0,45.55315645806317
1,1,condensed,141,60.0,62.40257866846781
1,1,condensed,194,114.0,166.7933520847916
1,1,condensed,36,20.0,29.051602522862293
1,1,condensed,97,277.0,196.5927378833672
1,1,condensed,193,70.0,52.698312966073374
1,1,condensed,205,46.0,58.6172179705031
1,1,condensed,136,65.0,77.8825822647352
1,2,null,51,24.0,80.63809523809523
1,2,null,7,489.0,80.63809523809523
1,2,null,161,24.0,80.63809523809523
1,2,null,81,38.0,80.63809523809523
1,2,null,152,370.0,80.63809523809523
1,2,null,92,22.0,80.63809523809523
1,2,null,38,71.0,80.63809523809523
1,2,null,26,33.0,80.63809523809523
1,2,null,46,18.0,80.63809523809523
1,2,null,197,397.0,80.63809523809523
1,2,null,20,30.0,80.63809523809523
1,2,null,101,45.0,80.63809523809523
1,2,null,204,42.0,80.63809523809523
1,2,null,186,130.0,80.63809523809523
1,2,null,115,76.0,80.63809523809523
1,2,null,54,26.0,80.63809523809523
1,2,null,156,510.0,80.63809523809523
1,2,null,138,50.0,80.63809523809523
1,2,null,24,23.0,80.63809523809523
1,2,null,128,70.0,80.63809523809523
1,2,null,104,16.0,80.63809523809523
1,2,null,131,16.0,80.63809523809523
1,2,null,84,22.0,80.63809523809523
1,2,null,148,143.0,80.63809523809523
1,2,null,195,208.0,80.63809523809523
1,2,null,169,212.0,80.63809523809523
1,2,null,177,32.0,80.63809523809523
1,2,null,25,69.0,80.63809523809523
1,2,null,189,188.0,80.63809523809523
1,2,null,50,24.0,80.63809523809523
1,2,null,170,25.0,80.63809523809523
1,2,null,183,22.0,80.63809523809523
1,2,null,37,29.0,80.63809523809523
1,2,null,96,465.0,80.63809523809523
1,2,null,134,45.0,80.63809523809523
1,2,null,9,1144.0,80.63809523809523
1,2,null,75,50.0,80.63809523809523
1,2,null,154,214.0,80.63809523809523
1,2,null,146,93.0,80.63809523809523
1,2,null,147,111.0,80.63809523809523
1,2,null,4,132.0,80.63809523809523
1,2,null,106,32.0,80.63809523809523
1,2,null,33,63.0,80.63809523809523
1,2,null,3,172.0,80.63809523809523
1,2,null,29,27.0,80.63809523809523
1,2,null,180,109.0,80.63809523809523
1,2,null,80,16.0,80.63809523809523
1,2,null,86,40.0,80.63809523809523
1,2,null,8,636.0,80.63809523809523
1,2,null,68,32.0,80.63809523809523
1,2,null,108,11.0,80.63809523809523
1,2,null,196,307.0,80.63809523809523
1,2,null,79,84.0,80.63809523809523
1,2,null,118,49.0,80.63809523809523
1,2,null,27,27.0,80.63809523809523
1,2,null,119,66.0,80.63809523809523
1,2,null,207,67.0,80.63809523809523
1,2,null,56,71.0,80.63809523809523
1,2,null,120,100.0,80.63809523809523
1,2,null,151,277.0,80.63809523809523
1,2,null,184,33.0,80.63809523809523
1,2,null,98,185.0,80.63809523809523
1,2,null,2,220.0,80.63809523809523
1,2,null,89,66.0,80.63809523809523
1,2,null,32,32.0,80.63809523809523
1,2,null,67,26.0,80.63809523809523
1,2,null,70,62.0,80.63809523809523
1,2,null,94,237.0,80.63809523809523
1,2,null,55,60.0,80.63809523809523
1,2,null,66,17.0,80.63809523809523
1,2,null,52,138.0,80.63809523809523
1,2,null,28,77.0,80.63809523809523
1,2,null,159,17.0,80.63809523809523
1,2,null,12,92.0,80.63809523809523
1,2,null,173,25.0,80.63809523809523
1,2,null,123,18.0,80.63809523809523
1,2,null,0,198.0,80.63809523809523
1,2,null,199,1150.0,80.63809523809523
1,2,null,88,134.0,80.63809523809523
1,2,null,62,36.0,80.63809523809523
1,2,null,126,45.0,80.63809523809523
1,2,null,82,38.0,80.63809523809523
1,2,null,39,26.0,80.63809523809523
1,2,null,157,8.0,80.63809523809523
1,2,null,155,326.0,80.63809523809523
1,2,null,171,30.0,80.63809523809523
1,2,null,203,21.0,80.63809523809523
1,2,null,13,138.0,80.63809523809523
1,2,null,168,140.0,80.63809523809523
1,2,null,107,11.0,80.63809523809523
1,2,null,198,915.0,80.63809523809523
1,2,null,5,318.0,80.63809523809523
1,2,null,85,29.0,80.63809523809523
1,2,null,59,20.0,80.63809523809523
1,2,null,48,40.0,80.63809523809523
1,2,null,200,12.0,80.63809523809523
1,2,null,121,133.0,80.63809523809523
1,2,null,114,50.0,80.63809523809523
1,2,null,130,136.0,80.63809523809523
1,2,null,144,86.0,80.63809523809523
1,2,null,150,214.0,80.63809523809523
1,2,null,208,45.0,80.63809523809523
1,2,null,112,40.0,80.63809523809523
1,2,null,176,30.0,80.63809523809523
1,2,knn,51,24.0,19.210344040853176
1,2,knn,7,489.0,384.672242482549
1,2,knn,161,24.0,42.3409079046846
1,2,knn,81,38.0,64.1284953391261
1,2,knn,152,370.0,243.68025807551595
1,2,knn,92,22.0,37.566183790572275
1,2,knn,38,71.0,46.5629882784258
1,2,knn,26,33.0,28.33077503070768
1,2,knn,46,18.0,19.51010031576561
1,2,knn,197,397.0,404.63675202871536
1,2,knn,20,30.0,35.68680803851691
1,2,knn,101,45.0,40.2329939309318
1,2,knn,204,42.0,42.70478156795059
1,2,knn,186,130.0,77.80976732246404
1,2,knn,115,76.0,62.29636824994392
1,2,knn,54,26.0,26.922682403610356
1,2,knn,156,510.0,507.83402032675804
1,2,knn,138,50.0,47.38564907210684
1,2,knn,24,23.0,32.48405667739229
1,2,knn,128,70.0,69.52772228827034
1,2,knn,104,16.0,19.96803884943184
1,2,knn,131,16.0,42.67245900779031
1,2,knn,84,22.0,28.216777805297756
1,2,knn,148,143.0,92.1552109992144
1,2,knn,195,208.0,275.8396144274672
1,2,knn,169,212.0,308.08693400533986
1,2,knn,177,32.0,24.01827239334891
1,2,knn,25,69.0,20.145877299562194
1,2,knn,189,188.0,158.92734484783435
1,2,knn,50,24.0,17.601493946425784
1,2,knn,170,25.0,19.114197198161758
1,2,knn,183,22.0,37.389556001675025
1,2,knn,37,29.0,26.658697683642593
1,2,knn,96,465.0,415.5809709043805
1,2,knn,134,45.0,60.94816661108438
1,2,knn,9,1144.0,466.8780412511157
1,2,knn,75,50.0,46.7839000048201
1,2,knn,154,214.0,132.45501967939668
1,2,knn,146,93.0,77.86050646335882
1,2,knn,147,111.0,78.14804582525942
1,2,knn,4,132.0,153.3058247846488
1,2,knn,106,32.0,35.297863338995604
1,2,knn,33,63.0,92.15148028883343
1,2,knn,3,172.0,267.4658477395947
1,2,knn,29,27.0,26.847975272402053
1,2,knn,180,109.0,52.01902452087981
1,2,knn,80,16.0,24.04497803353044
1,2,knn,86,40.0,35.10068214038972
1,2,knn,8,636.0,418.81343021267554
1,2,knn,68,32.0,35.124228643024715
1,2,knn,108,11.0,18.8920586566209
1,2,knn,196,307.0,404.4173727978058
1,2,knn,79,84.0,49.26514152748468
1,2,knn,118,49.0,51.9077654431766
1,2,knn,27,27.0,21.13321930855233
1,2,knn,119,66.0,51.89573973439352
1,2,knn,207,67.0,32.0068369750697
1,2,knn,56,71.0,41.4783687621299
1,2,knn,120,100.0,98.30306185428724
1,2,knn,151,277.0,243.66744997998143
1,2,knn,184,33.0,56.09297573309572
1,2,knn,98,185.0,137.2247242558226
1,2,knn,2,220.0,267.4658477395947
1,2,knn,89,66.0,80.61839368796096
1,2,knn,32,32.0,92.15148028883343
1,2,knn,67,26.0,25.944819771215293
1,2,knn,70,62.0,45.682994005967686
1,2,knn,94,237.0,159.9020845291944
1,2,knn,55,60.0,51.44959242905616
1,2,knn,66,17.0,22.555802733423857
1,2,knn,52,138.0,59.18658399622379
1,2,knn,28,77.0,26.738380477577415
1,2,knn,159,17.0,27.52964663571857
1,2,knn,12,92.0,49.02242833148114
1,2,knn,173,25.0,22.62890584499147
1,2,knn,123,18.0,11.992561986687775
1,2,knn,0,198.0,122.95719874719113
1,2,knn,199,1150.0,182.24161950795346
1,2,knn,88,134.0,108.1921855185541
1,2,knn,62,36.0,35.57867445617899
1,2,knn,126,45.0,46.532276670703936
1,2,knn,82,38.0,33.96407125001087
1,2,knn,39,26.0,30.242987802546683
1,2,knn,157,8.0,19.517180395903825
1,2,knn,155,326.0,243.67304320920505
1,2,knn,171,30.0,22.484887075437108
1,2,knn,203,21.0,20.391980651970712
1,2,knn,13,138.0,69.91631109158693
1,2,knn,168,140.0,191.29404677047748
1,2,knn,107,11.0,19.37588955333371
1,2,knn,198,915.0,135.39303492775218
1,2,knn,5,318.0,252.61790984239832
1,2,knn,85,29.0,33.2504861299867
1,2,knn,59,20.0,16.58805082119015
1,2,knn,48,40.0,33.883983401100515
1,2,knn,200,12.0,20.68644143111308
1,2,knn,121,133.0,87.0649041264756
1,2,knn,114,50.0,44.79194748115569
1,2,knn,130,136.0,97.1119077560228
1,2,knn,144,86.0,63.5733514089787
1,2,knn,150,214.0,153.19287527872592
1,2,knn,208,45.0,25.7317843498744
1,2,knn,112,40.0,31.90205749503335
1,2,knn,176,30.0,21.543858186327498
1,2,edited,51,24.0,17.896155225380724
1,2,edited,7,489.0,394.1546145564496
1,2,edited,161,24.0,42.572486457496225
1,2,edited,81,38.0,62.52050406653048
1,2,edited,152,370.0,237.22882071802124
1,2,edited,92,22.0,39.86067089135742
1,2,edited,38,71.0,44.909721241769034
1,2,edited,26,33.0,31.979868947032934
1,2,edited,46,18.0,19.48377191593118
1,2,edited,197,397.0,202.38655519154457
1,2,edited,20,30.0,31.973105384164672
1,2,edited,101,45.0,40.13539476825473
1,2,edited,204,42.0,46.341471697716386
1,2,edited,186,130.0,79.36837557607456
1,2,edited,115,76.0,61.48963378122559
1,2,edited,54,26.0,21.666899706665955
1,2,edited,156,510.0,387.9618392828534
1,2,edited,138,50.0,49.5862795814354
1,2,edited,24,23.0,37.19266727890234
1,2,edited,128,70.0,67.34936270439283
1,2,edited,104,16.0,23.697719883524684
1,2,edited,131,16.0,44.82538456706432
1,2,edited,84,22.0,33.89546979011672
1,2,edited,148,143.0,81.56442833411545
1,2,edited,195,208.0,122.98121026017009
1,2,edited,169,212.0,292.1841173071925
1,2,edited,177,32.0,24.703514666901796
1,2,edited,25,69.0,19.401145269152387
1,2,edited,189,188.0,151.0548763641886
1,2,edited,50,24.0,16.867073608134252
1,2,edited,170,25.0,15.506591520179553
1,2,edited,183,22.0,29.842905362966736
1,2,edited,37,29.0,25.66150614489383
1,2,edited,96,465.0,393.523434681522
1,2,edited,134,45.0,56.51927724734699
1,2,edited,9,1144.0,409.69888810573127
1,2,edited,75,50.0,43.383828576140615
1,2,edited,154,214.0,104.27932829437826
1,2,edited,146,93.0,78.92692468777983
1,2,edited,147,111.0,79.11972146110439
1,2,edited,4,132.0,145.0917551738394
1,2,edited,106,32.0,31.923080474732632
1,2,edited,33,63.0,80.11052191703807
1,2,edited,3,172.0,261.9613774056135
1,2,edited,29,27.0,24.009512816549268
1,2,edited,180,109.0,50.13922502142377
1,2,edited,80,16.0,26.83094357247345
1,2,edited,86,40.0,32.20024220440132
1,2,edited,8,636.0,399.35606931590814
1,2,edited,68,32.0,28.71823499829894
1,2,edited,108,11.0,17.703957777588194
1,2,edited,196,307.0,173.16558498273506
1,2,edited,79,84.0,51.05994462048752
1,2,edited,118,49.0,55.806673446426245
1,2,edited,27,27.0,20.176676012485743
1,2,edited,119,66.0,48.76301710056968
1,2,edited,207,67.0,33.21040374095665
1,2,edited,56,71.0,40.068626914431974
1,2,edited,120,100.0,96.25910393738097
1,2,edited,151,277.0,237.2188479269331
1,2,edited,184,33.0,59.873584526707724
1,2,edited,98,185.0,140.9458543717625
1,2,edited,2,220.0,261.9613774056135
1,2,edited,89,66.0,89.7101183753363
1,2,edited,32,32.0,80.11052191703807
1,2,edited,67,26.0,25.272736482164785
1,2,edited,70,62.0,46.02870277020174
1,2,edited,94,237.0,152.12467855188552
1,2,edited,55,60.0,55.83327227855558
1,2,edited,66,17.0,21.184244378038194
1,2,edited,52,138.0,60.06471104900265
1,2,edited,28,77.0,24.041686346718617
1,2,edited,159,17.0,20.569476625044594
1,2,edited,12,92.0,49.09358820623046
1,2,edited,173,25.0,15.183392786440217
1,2,edited,123,18.0,12.158681536278388
1,2,edited,0,198.0,300.0094349475053
1,2,edited,199,1150.0,155.8698644439065
1,2,edited,88,134.0,116.55894399504992
1,2,edited,62,36.0,32.842734595928654
1,2,edited,126,45.0,43.509198944145695
1,2,edited,82,38.0,44.7755469468452
1,2,edited,39,26.0,26.68819697737291
1,2,edited,157,8.0,20.232768300381444
1,2,edited,155,326.0,237.22324514315363
1,2,edited,171,30.0,22.25539870167521
1,2,edited,203,21.0,15.03070431436732
1,2,edited,13,138.0,68.84276845483508
1,2,edited,168,140.0,157.15289002097302
1,2,edited,107,11.0,21.14825622773963
1,2,edited,198,915.0,141.94163094187675
1,2,edited,5,318.0,243.8574003028792
1,2,edited,85,29.0,27.544534782189253
1,2,edited,59,20.0,16.432039885342096
1,2,edited,48,40.0,37.22879214980533
1,2,edited,200,12.0,15.132206085312777
1,2,edited,121,133.0,88.41534882371288
1,2,edited,114,50.0,45.08779407616246
1,2,edited,130,136.0,96.07640093938805
1,2,edited,144,86.0,62.97931262409568
1,2,edited,150,214.0,144.9810012558419
1,2,edited,208,45.0,25.978754453307047
1,2,edited,112,40.0,32.9424236189099
1,2,edited,176,30.0,16.487306604413348
1,2,condensed,51,24.0,25.928381062018257
1,2,condensed,7,489.0,395.39879194680555
1,2,condensed,161,24.0,39.58893554152591
1,2,condensed,81,38.0,57.426445931779064
1,2,condensed,152,370.0,229.19996371706165
1,2,condensed,92,22.0,37.969545071688735
1,2,condensed,38,71.0,39.14535163155766
1,2,condensed,26,33.0,35.02314849364683
1,2,condensed,46,18.0,24.83033679383593
1,2,condensed,197,397.0,399.4671194053882
1,2,condensed,20,30.0,36.64234046491853
1,2,condensed,101,45.0,36.875109659596035
1,2,condensed,204,42.0,41.10577440304072
1,2,condensed,186,130.0,85.42312053678741
1,2,condensed,115,76.0,57.5732882828927
1,2,condensed,54,26.0,35.01322986799205
1,2,condensed,156,510.0,497.3319438769541
1,2,condensed,138,50.0,43.68034586472363
1,2,condensed,24,23.0,34.85483422007546
1,2,condensed,128,70.0,66.08875102767723
1,2,condensed,104,16.0,27.73759557498213
1,2,condensed,131,16.0,39.15719459465963
1,2,condensed,84,22.0,34.388275688382535
1,2,condensed,148,143.0,98.44027505981238
1,2,condensed,195,208.0,235.86182257067125
1,2,condensed,169,212.0,287.69091068810985
1,2,condensed,177,32.0,31.86796053015982
1,2,condensed,25,69.0,29.510670650121625
1,2,condensed,189,188.0,155.82082478648366
1,2,condensed,50,24.0,26.091156627456403
1,2,condensed,170,25.0,27.84352783826562
1,2,condensed,183,22.0,35.7621018616626
1,2,condensed,37,29.0,33.28352762638356
1,2,condensed,96,465.0,399.2601895693227
1,2,condensed,134,45.0,65.47481341185097
1,2,condensed,9,1144.0,457.6095706821544
1,2,condensed,75,50.0,52.285985177199805
1,2,condensed,154,214.0,133.49671017013682
1,2,condensed,146,93.0,81.91257089294737
1,2,condensed,147,111.0,82.05411919920792
1,2,condensed,4,132.0,143.35100220966405
1,2,condensed,106,32.0,40.62588534542902
1,2,condensed,33,63.0,102.56968086945342
1,2,condensed,3,172.0,257.29879359104666
1,2,condensed,29,27.0,34.27044882728855
1,2,condensed,180,109.0,49.39296670397853
1,2,condensed,80,16.0,32.10218665692871
1,2,condensed,86,40.0,35.49787245644941
1,2,condensed,8,636.0,416.2672557037414
1,2,condensed,68,32.0,35.526927877095325
1,2,condensed,108,11.0,23.848665367949035
1,2,condensed,196,307.0,397.04585120236345
1,2,condensed,79,84.0,47.95060848282076
1,2,condensed,118,49.0,49.32728219571387
1,2,condensed,27,27.0,30.74724283806419
1,2,condensed,119,66.0,54.3076156050166
1,2,condensed,207,67.0,37.96214692017927
1,2,condensed,56,71.0,40.84899192544307
1,2,condensed,120,100.0,97.65521101463281
1,2,condensed,151,277.0,229.17570499795198
1,2,condensed,184,33.0,54.85687896944888
1,2,condensed,98,185.0,132.8432474206045
1,2,condensed,2,220.0,257.29879359104666
1,2,condensed,89,66.0,76.13262472588418
1,2,condensed,32,32.0,102.56968086945342
1,2,condensed,67,26.0,29.05868495568145
1,2,condensed,70,62.0,44.220241496323986
1,2,condensed,94,237.0,159.1532950246492
1,2,condensed,55,60.0,54.18217722993716
1,2,condensed,66,17.0,28.831387003835484
1,2,condensed,52,138.0,56.07394624114284
1,2,condensed,28,77.0,34.19421405414013
1,2,condensed,159,17.0,33.499430892602305
1,2,condensed,12,92.0,62.07926804316594
1,2,condensed,173,25.0,31.629282498988108
1,2,condensed,123,18.0,23.147293933255124
1,2,condensed,0,198.0,139.98303697633594
1,2,condensed,199,1150.0,196.69187415354085
1,2,condensed,88,134.0,111.83677278349784
1,2,condensed,62,36.0,41.71695804227394
1,2,condensed,126,45.0,42.75081178828038
1,2,condensed,82,38.0,41.52491593250716
1,2,condensed,39,26.0,28.47295056602826
1,2,condensed,157,8.0,28.425695161435677
1,2,condensed,155,326.0,229.18605602008063
1,2,condensed,171,30.0,32.97377276607931
1,2,condensed,203,21.0,31.340081923476568
1,2,condensed,13,138.0,85.30036777417922
1,2,condensed,168,140.0,192.58122228775514
1,2,condensed,107,11.0,23.95318761329776
1,2,condensed,198,915.0,172.28203419967826
1,2,condensed,5,318.0,235.02911953251143
1,2,condensed,85,29.0,34.806807504911724
1,2,condensed,59,20.0,23.154441962610665
1,2,condensed,48,40.0,39.85158243625554
1,2,condensed,200,12.0,29.538772327643365
1,2,condensed,121,133.0,90.89274522413233
1,2,condensed,114,50.0,42.23014006385868
1,2,condensed,130,136.0,104.4508334991154
1,2,condensed,144,86.0,67.41899804684792
1,2,condensed,150,214.0,143.2912596121689
1,2,condensed,208,45.0,32.191446210514826
1,2,condensed,112,40.0,33.97025339411179
1,2,condensed,176,30.0,32.640797358795986
2,1,null,189,188.0,90.50961538461539
2,1,null,3,172.0,90.50961538461539
2,1,null,52,138.0,90.50961538461539
2,1,null,16,19.0,90.50961538461539
2,1,null,65,259.0,90.50961538461539
2,1,null,152,370.0,90.50961538461539
2,1,null,167,100.0,90.50961538461539
2,1,null,125,27.0,90.50961538461539
2,1,null,142,50.0,90.50961538461539
2,1,null,199,1150.0,90.50961538461539
2,1,null,117,24.0,90.50961538461539
2,1,null,87,35.0,90.50961538461539
2,1,null,33,63.0,90.50961538461539
2,1,null,47,20.0,90.50961538461539
2,1,null,128,70.0,90.50961538461539
2,1,null,72,22.0,90.50961538461539
2,1,null,153,510.0,90.50961538461539
2,1,null,127,56.0,90.50961538461539
2,1,null,18,31.0,90.50961538461539
2,1,null,82,38.0,90.50961538461539
2,1,null,21,33.0,90.50961538461539
2,1,null,27,27.0,90.50961538461539
2,1,null,121,133.0,90.50961538461539
2,1,null,123,18.0,90.50961538461539
2,1,null,187,75.0,90.50961538461539
2,1,null,10,38.0,90.50961538461539
2,1,null,36,20.0,90.50961538461539
2,1,null,9,1144.0,90.50961538461539
2,1,null,74,44.0,90.50961538461539
2,1,null,176,30.0,90.50961538461539
2,1,null,171,30.0,90.50961538461539
2,1,null,32,32.0,90.50961538461539
2,1,null,38,71.0,90.50961538461539
2,1,null,22,61.0,90.50961538461539
2,1,null,29,27.0,90.50961538461539
2,1,null,89,66.0,90.50961538461539
2,1,null,98,185.0,90.50961538461539
2,1,null,119,66.0,90.50961538461539
2,1,null,134,45.0,90.50961538461539
2,1,null,12,92.0,90.50961538461539
2,1,null,162,34.0,90.50961538461539
2,1,null,67,26.0,90.50961538461539
2,1,null,108,11.0,90.50961538461539
2,1,null,84,22.0,90.50961538461539
2,1,null,203,21.0,90.50961538461539
2,1,null,192,405.0,90.50961538461539
2,1,null,30,274.0,90.50961538461539
2,1,null,206,52.0,90.50961538461539
2,1,null,161,24.0,90.50961538461539
2,1,null,113,34.0,90.50961538461539
2,1,null,177,32.0,90.50961538461539
2,1,null,25,69.0,90.50961538461539
2,1,null,201,14.0,90.50961538461539
2,1,null,48,40.0,90.50961538461539
2,1,null,102,7.0,90.50961538461539
2,1,null,174,50.0,90.50961538461539
2,1,null,41,40.0,90.50961538461539
2,1,null,88,134.0,90.50961538461539
2,1,null,178,38.0,90.50961538461539
2,1,null,40,36.0,90.50961538461539
2,1,null,99,6.0,90.50961538461539
2,1,null,156,510.0,90.50961538461539
2,1,null,35,208.0,90.50961538461539
2,1,null,193,70.0,90.50961538461539
2,1,null,104,16.0,90.50961538461539
2,1,null,75,50.0,90.50961538461539
2,1,null,122,12.0,90.50961538461539
2,1,null,179,60.0,90.50961538461539
2,1,null,135,54.0,90.50961538461539
2,1,null,165,51.0,90.50961538461539
2,1,null,188,113.0,90.50961538461539
2,1,null,182,11.0,90.50961538461539
2,1,null,145,74.0,90.50961538461539
2,1,null,137,30.0,90.50961538461539
2,1,null,109,18.0,90.50961538461539
2,1,null,149,105.0,90.50961538461539
2,1,null,126,45.0,90.50961538461539
2,1,null,198,915.0,90.50961538461539
2,1,null,70,62.0,90.50961538461539
2,1,null,37,29.0,90.50961538461539
2,1,null,172,41.0,90.50961538461539
2,1,null,54,26.0,90.50961538461539
2,1,null,208,45.0,90.50961538461539
2,1,null,62,36.0,90.50961538461539
2,1,null,91,189.0,90.50961538461539
2,1,null,169,212.0,90.50961538461539
2,1,null,181,6.0,90.50961538461539
2,1,null,13,138.0,90.50961538461539
2,1,null,66,17.0,90.50961538461539
2,1,null,204,42.0,90.50961538461539
2,1,null,43,60.0,90.50961538461539
2,1,null,23,76.0,90.50961538461539
2,1,null,158,12.0,90.50961538461539
2,1,null,136,65.0,90.50961538461539
2,1,null,31,368.0,90.50961538461539
2,1,null,95,465.0,90.50961538461539
2,1,null,78,36.0,90.50961538461539
2,1,null,92,22.0,90.50961538461539
2,1,null,175,50.0,90.50961538461539
2,1,null,85,29.0,90.50961538461539
2,1,null,93,132.0,90.50961538461539
2,1,null,186,130.0,90.50961538461539
2,1,null,7,489.0,90.50961538461539
2,1,null,155,326.0,90.50961538461539
2,1,null,1,269.0,90.50961538461539
2,1,knn,189,188.0,177.40749732378632
2,1,knn,3,172.0,222.61378356336127
2,1,knn,52,138.0,56.981628934882245
2,1,knn,16,19.0,33.059132016201396
2,1,knn,65,259.0,135.74959600637766
2,1,knn,152,370.0,241.08310111645957
2,1,knn,167,100.0,155.16646657924412
2,1,knn,125,27.0,33.20477876380164
2,1,knn,142,50.0,38.604821802862844
2,1,knn,199,1150.0,296.385334878321
2,1,knn,117,24.0,30.653083338303478
2,1,knn,87,35.0,40.93777146301052
2,1,knn,33,63.0,83.00033508198247
2,1,knn,47,20.0,20.762731468529182
2,1,knn,128,70.0,61.1383441737633
2,1,knn,72,22.0,33.78080171992342
2,1,knn,153,510.0,353.6258834529718
2,1,knn,127,56.0,39.43102658974858
2,1,knn,18,31.0,32.85505294153941
2,1,knn,82,38.0,71.70231928448705
2,1,knn,21,33.0,38.723346662625474
2,1,knn,27,27.0,31.838325336869765
2,1,knn,121,133.0,89.74102818068253
2,1,knn,123,18.0,18.84130261146264
2,1,knn,187,75.0,56.6400470392646
2,1,knn,10,38.0,30.746695045279218
2,1,knn,36,20.0,25.357076758990413
2,1,knn,9,1144.0,530.7802452764794
2,1,knn,74,44.0,37.626180207232345
2,1,knn,176,30.0,28.74629399181253
2,1,knn,171,30.0,29.981124516281945
2,1,knn,32,32.0,83.00033508198247
2,1,knn,38,71.0,39.433759099595555
2,1,knn,22,61.0,53.38670223187324
2,1,knn,29,27.0,33.67186005082339
2,1,knn,89,66.0,66.35244122416024
2,1,knn,98,185.0,141.9843622281346
2,1,knn,119,66.0,51.81169678782002
2,1,knn,134,45.0,62.070614977848344
2,1,knn,12,92.0,73.62659491954385
2,1,knn,162,34.0,43.019771687457514
2,1,knn,67,26.0,26.83311391244217
2,1,knn,108,11.0,19.98972364062409
2,1,knn,84,22.0,30.66025718232651
2,1,knn,203,21.0,31.53338657818998
2,1,knn,192,405.0,235.56252801159235
2,1,knn,30,274.0,112.73450073841748
2,1,knn,206,52.0,41.330799592972525
2,1,knn,161,24.0,39.29205027473911
2,1,knn,113,34.0,38.77735505302205
2,1,knn,177,32.0,29.29821714497158
2,1,knn,25,69.0,30.129371020129298
2,1,knn,201,14.0,31.53338657818998
2,1,knn,48,40.0,37.306710037239604
2,1,knn,102,7.0,18.73853352851877
2,1,knn,174,50.0,32.482267057748246
2,1,knn,41,40.0,61.442542565463754
2,1,knn,88,134.0,109.6305455018532
2,1,knn,178,38.0,34.19738077809666
2,1,knn,40,36.0,39.904010958055935
2,1,knn,99,6.0,29.145394593418125
2,1,knn,156,510.0,235.73537305460627
2,1,knn,35,208.0,159.5597669408035
2,1,knn,193,70.0,56.74847497456171
2,1,knn,104,16.0,25.745098543661793
2,1,knn,75,50.0,46.434249540008075
2,1,knn,122,12.0,18.823128853996597
2,1,knn,179,60.0,52.55639491005641
2,1,knn,135,54.0,62.24724625656162
2,1,knn,165,51.0,109.98240553897753
2,1,knn,188,113.0,75.23537773685854
2,1,knn,182,11.0,30.195863032787877
2,1,knn,145,74.0,93.25780274019995
2,1,knn,137,30.0,61.18843168983145
2,1,knn,109,18.0,20.49757965971924
2,1,knn,149,105.0,41.86653020081192
2,1,knn,126,45.0,39.12660247796631
2,1,knn,198,915.0,297.10998519409844
2,1,knn,70,62.0,45.25584901283729
2,1,knn,37,29.0,28.41009786202751
2,1,knn,172,41.0,66.51438706775986
2,1,knn,54,26.0,30.325956821281885
2,1,knn,208,45.0,31.953190588921814
2,1,knn,62,36.0,33.971082170541
2,1,knn,91,189.0,144.7676432685484
2,1,knn,169,212.0,166.32196357294666
2,1,knn,181,6.0,30.603329614659163
2,1,knn,13,138.0,103.96167780854468
2,1,knn,66,17.0,27.207835398387022
2,1,knn,204,42.0,37.371534362715884
2,1,knn,43,60.0,61.43036566481326
2,1,knn,23,76.0,55.19164208591157
2,1,knn,158,12.0,26.25740160384273
2,1,knn,136,65.0,62.24724625656162
2,1,knn,31,368.0,112.73450073841748
2,1,knn,95,465.0,369.2902412128202
2,1,knn,78,36.0,33.14192020700685
2,1,knn,92,22.0,40.93777146301052
2,1,knn,175,50.0,56.209327158449824
2,1,knn,85,29.0,29.615473718861168
2,1,knn,93,132.0,70.10302241792353
2,1,knn,186,130.0,84.52166417873205
2,1,knn,7,489.0,368.3995714822766
2,1,knn,155,326.0,241.21224828313697
2,1,knn,1,269.0,222.61378356336127
2,1,edited,189,188.0,181.64417586007482
2,1,edited,3,172.0,225.0921337800135
2,1,edited,52,138.0,56.981628934882245
2,1,edited,16,19.0,33.059132016201396
2,1,edited,65,259.0,131.32175740710974
2,1,edited,152,370.0,246.7882773048101
2,1,edited,167,100.0,153.98695196876864
2,1,edited,125,27.0,33.20477876380164
2,1,edited,142,50.0,38.604821802862844
2,1,edited,199,1150.0,264.6349552194885
2,1,edited,117,24.0,30.653083338303478
2,1,edited,87,35.0,40.93777146301052
2,1,edited,33,63.0,72.18003990872566
2,1,edited,47,20.0,20.762731468529182
2,1,edited,128,70.0,61.1383441737633
2,1,edited,72,22.0,33.78080171992342
2,1,edited,153,510.0,350.02855016051086
2,1,edited,127,56.0,39.43102658974858
2,1,edited,18,31.0,32.85505294153941
2,1,edited,82,38.0,67.85838932908534
2,1,edited,21,33.0,38.723346662625474
2,1,edited,27,27.0,31.838325336869765
2,1,edited,121,133.0,78.39460251755631
2,1,edited,123,18.0,18.84130261146264
2,1,edited,187,75.0,56.6400470392646
2,1,edited,10,38.0,30.746695045279218
2,1,edited,36,20.0,25.357076758990413
2,1,edited,9,1144.0,378.5080069664628
2,1,edited,74,44.0,37.626180207232345
2,1,edited,176,30.0,28.74629399181253
2,1,edited,171,30.0,29.981124516281945
2,1,edited,32,32.0,72.18003990872566
2,1,edited,38,71.0,39.433759099595555
2,1,edited,22,61.0,53.38670223187324
2,1,edited,29,27.0,33.67186005082339
2,1,edited,89,66.0,66.35244122416024
2,1,edited,98,185.0,138.0915723025283
2,1,edited,119,66.0,51.81169678782002
2,1,edited,134,45.0,62.070614977848344
2,1,edited,12,92.0,73.62659491954385
2,1,edited,162,34.0,43.019771687457514
2,1,edited,67,26.0,26.83311391244217
2,1,edited,108,11.0,19.98972364062409
2,1,edited,84,22.0,30.66025718232651
2,1,edited,203,21.0,31.53338657818998
2,1,edited,192,405.0,239.44750996624575
2,1,edited,30,274.0,110.01343728612855
2,1,edited,206,52.0,41.330799592972525
2,1,edited,161,24.0,39.29205027473911
2,1,edited,113,34.0,38.77735505302205
2,1,edited,177,32.0,29.29821714497158
2,1,edited,25,69.0,30.129371020129298
2,1,edited,201,14.0,31.53338657818998
2,1,edited,48,40.0,37.306710037239604
2,1,edited,102,7.0,18.73853352851877
2,1,edited,174,50.0,32.482267057748246
2,1,edited,41,40.0,61.442542565463754
2,1,edited,88,134.0,97.9136283296537
2,1,edited,178,38.0,34.19738077809666
2,1,edited,40,36.0,39.904010958055935
2,1,edited,99,6.0,29.145394593418125
2,1,edited,156,510.0,286.7047596964864
2,1,edited,35,208.0,175.34183824344416
2,1,edited,193,70.0,56.74847497456171
2,1,edited,104,16.0,25.745098543661793
2,1,edited,75,50.0,46.434249540008075
2,1,edited,122,12.0,18.823128853996597
2,1,edited,179,60.0,52.55639491005641
2,1,edited,135,54.0,62.24724625656162
2,1,edited,165,51.0,102.25077979542318
2,1,edited,188,113.0,75.23537773685854
2,1,edited,182,11.0,30.195863032787877
2,1,edited,145,74.0,93.25780274019995
2,1,edited,137,30.0,61.18843168983145
2,1,edited,109,18.0,20.49757965971924
2,1,edited,149,105.0,41.86653020081192
2,1,edited,126,45.0,39.12660247796631
2,1,edited,198,915.0,262.3000097567108
2,1,edited,70,62.0,45.25584901283729
2,1,edited,37,29.0,28.41009786202751
2,1,edited,172,41.0,66.51438706775986
2,1,edited,54,26.0,30.325956821281885
2,1,edited,208,45.0,31.953190588921814
2,1,edited,62,36.0,33.971082170541
2,1,edited,91,189.0,140.29926750326047
2,1,edited,169,212.0,169.96646897997437
2,1,edited,181,6.0,30.603329614659163
2,1,edited,13,138.0,97.67087526146899
2,1,edited,66,17.0,27.207835398387022
2,1,edited,204,42.0,37.371534362715884
2,1,edited,43,60.0,61.43036566481326
2,1,edited,23,76.0,55.19164208591157
2,1,edited,158,12.0,26.25740160384273
2,1,edited,136,65.0,62.24724625656162
2,1,edited,31,368.0,110.01343728612855
2,1,edited,95,465.0,365.6416404937654
2,1,edited,78,36.0,33.14192020700685
2,1,edited,92,22.0,40.93777146301052
2,1,edited,175,50.0,56.209327158449824
2,1,edited,85,29.0,29.615473718861168
2,1,edited,93,132.0,64.30799311989666
2,1,edited,186,130.0,76.42610189995376
2,1,edited,7,489.0,365.5687344301169
2,1,edited,155,326.0,246.90051091841
2,1,edited,1,269.0,225.0921337800135
2,1,condensed,189,188.0,187.59145841241207
2,1,condensed,3,172.0,230.97753168975453
2,1,condensed,52,138.0,55.053093661083686
2,1,condensed,16,19.0,35.42296627495507
2,1,condensed,65,259.0,159.00982086396914
2,1,condensed,152,370.0,270.5660708177166
2,1,condensed,167,100.0,175.98994821401524
2,1,condensed,125,27.0,39.165217572892
2,1,condensed,142,50.0,44.45088741310546
2,1,condensed,199,1150.0,359.32524430705354
2,1,condensed,117,24.0,37.045218496495494
2,1,condensed,87,35.0,39.8660679454526
2,1,condensed,33,63.0,116.45475017405485
2,1,condensed,47,20.0,18.897131313719207
2,1,condensed,128,70.0,63.03991299999216
2,1,condensed,72,22.0,38.59611391616309
2,1,condensed,153,510.0,392.62263359701694
2,1,condensed,127,56.0,44.83572654884458
2,1,condensed,18,31.0,28.82887717210399
2,1,condensed,82,38.0,77.86319253267318
2,1,condensed,21,33.0,49.52702272800359
2,1,condensed,27,27.0,40.640520161770375
2,1,condensed,121,133.0,117.44481273811188
2,1,condensed,123,18.0,17.67117925314751
2,1,condensed,187,75.0,70.6543487742276
2,1,condensed,10,38.0,38.32740771070852
2,1,condensed,36,20.0,40.67036279790984
2,1,condensed,9,1144.0,582.422295946132
2,1,condensed,74,44.0,38.23464720796764
2,1,condensed,176,30.0,36.484664413628636
2,1,condensed,171,30.0,37.19895261283374
2,1,condensed,32,32.0,116.45475017405485
2,1,condensed,38,71.0,44.76694086442352
2,1,condensed,22,61.0,64.12503794280528
2,1,condensed,29,27.0,42.8685782905667
2,1,condensed,89,66.0,76.24669752205295
2,1,condensed,98,185.0,147.8716800181476
2,1,condensed,119,66.0,56.575470801170134
2,1,condensed,134,45.0,67.4295215587993
2,1,condensed,12,92.0,98.4334682546346
2,1,condensed,162,34.0,53.88868313798493
2,1,condensed,67,26.0,33.73629317219502
2,1,condensed,108,11.0,18.9087276197227
2,1,condensed,84,22.0,36.91312521540215
2,1,condensed,203,21.0,37.05851569559059
2,1,condensed,192,405.0,257.11491388224727
2,1,condensed,30,274.0,151.57743777720873
2,1,condensed,206,52.0,40.268961650039564
2,1,condensed,161,24.0,42.83656239077113
2,1,condensed,113,34.0,38.78154185560505
2,1,condensed,177,32.0,35.16288349779715
2,1,condensed,25,69.0,38.89206351455491
2,1,condensed,201,14.0,37.05851569559059
2,1,condensed,48,40.0,42.96725868909104
2,1,condensed,102,7.0,17.942864036086696
2,1,condensed,174,50.0,36.62424417536072
2,1,condensed,41,40.0,62.51936918564636
2,1,condensed,88,134.0,135.66665047412397
2,1,condensed,178,38.0,43.364649715174245
2,1,condensed,40,36.0,42.15282619219843
2,1,condensed,99,6.0,37.73484996305642
2,1,condensed,156,510.0,193.69053788237687
2,1,condensed,35,208.0,136.34520125408196
2,1,condensed,193,70.0,64.25308721145606
2,1,condensed,104,16.0,33.09822243239323
2,1,condensed,75,50.0,54.73035816820285
2,1,condensed,122,12.0,17.713860109473412
2,1,condensed,179,60.0,49.1174042538383
2,1,condensed,135,54.0,97.98957348215102
2,1,condensed,165,51.0,116.13584740653235
2,1,condensed,188,113.0,109.8312093389425
2,1,condensed,182,11.0,38.63999753709029
2,1,condensed,145,74.0,153.63188022968077
2,1,condensed,137,30.0,75.01631063323602
2,1,condensed,109,18.0,18.25039026238424
2,1,condensed,149,105.0,54.51537798880572
2,1,condensed,126,45.0,47.70361265011022
2,1,condensed,198,915.0,380.75994789735165
2,1,condensed,70,62.0,55.43064823402913
2,1,condensed,37,29.0,40.54396755279307
2,1,condensed,172,41.0,87.79545183529028
2,1,condensed,54,26.0,45.167757071107495
2,1,condensed,208,45.0,39.161727955273385
2,1,condensed,62,36.0,29.92074785026688
2,1,condensed,91,189.0,138.42447429823707
2,1,condensed,169,212.0,167.88851215297208
2,1,condensed,181,6.0,38.542778213793014
2,1,condensed,13,138.0,147.65764224441318
2,1,condensed,66,17.0,33.675018207863346
2,1,condensed,204,42.0,40.619706848541206
2,1,condensed,43,60.0,62.8962952723536
2,1,condensed,23,76.0,64.82014264705127
2,1,condensed,158,12.0,39.01136959048314
2,1,condensed,136,65.0,97.98957348215102
2,1,condensed,31,368.0,151.57743777720873
2,1,condensed,95,465.0,384.3058192071728
2,1,condensed,78,36.0,37.387763785291476
2,1,condensed,92,22.0,39.8660679454526
2,1,condensed,175,50.0,51.530389894684326
2,1,condensed,85,29.0,40.53465979215093
2,1,condensed,93,132.0,88.69150805897797
2,1,condensed,186,130.0,110.88063476421247
2,1,condensed,7,489.0,374.70882545080786
2,1,condensed,155,326.0,270.525998313884
2,1,condensed,1,269.0,230.97753168975453
2,2,null,144,86.0,120.5904761904762
2,2,null,148,143.0,120.5904761904762
2,2,null,133,32.0,120.5904761904762
2,2,null,4,132.0,120.5904761904762
2,2,null,168,140.0,120.5904761904762
2,2,null,147,111.0,120.5904761904762
2,2,null,44,72.0,120.5904761904762
2,2,null,97,277.0,120.5904761904762
2,2,null,79,84.0,120.5904761904762
2,2,null,194,114.0,120.5904761904762
2,2,null,77,53.0,120.5904761904762
2,2,null,207,67.0,120.5904761904762
2,2,null,20,30.0,120.5904761904762
2,2,null,101,45.0,120.5904761904762
2,2,null,15,35.0,120.5904761904762
2,2,null,205,46.0,120.5904761904762
2,2,null,163,42.0,120.5904761904762
2,2,null,53,36.0,120.5904761904762
2,2,null,49,62.0,120.5904761904762
2,2,null,173,25.0,120.5904761904762
2,2,null,39,26.0,120.5904761904762
2,2,null,141,60.0,120.5904761904762
2,2,null,26,33.0,120.5904761904762
2,2,null,80,16.0,120.5904761904762
2,2,null,130,136.0,120.5904761904762
2,2,null,61,22.0,120.5904761904762
2,2,null,45,72.0,120.5904761904762
2,2,null,114,50.0,120.5904761904762
2,2,null,185,58.0,120.5904761904762
2,2,null,112,40.0,120.5904761904762
2,2,null,140,62.0,120.5904761904762
2,2,null,103,13.0,120.5904761904762
2,2,null,55,60.0,120.5904761904762
2,2,null,154,214.0,120.5904761904762
2,2,null,28,77.0,120.5904761904762
2,2,null,81,38.0,120.5904761904762
2,2,null,139,40.0,120.5904761904762
2,2,null,183,22.0,120.5904761904762
2,2,null,166,116.0,120.5904761904762
2,2,null,86,40.0,120.5904761904762
2,2,null,131,16.0,120.5904761904762
2,2,null,191,248.0,120.5904761904762
2,2,null,57,12.0,120.5904761904762
2,2,null,2,220.0,120.5904761904762
2,2,null,118,49.0,120.5904761904762
2,2,null,195,208.0,120.5904761904762
2,2,null,159,17.0,120.5904761904762
2,2,null,157,8.0,120.5904761904762
2,2,null,94,237.0,120.5904761904762
2,2,null,58,14.0,120.5904761904762
2,2,null,51,24.0,120.5904761904762
2,2,null,64,144.0,120.5904761904762
2,2,null,110,22.0,120.5904761904762
2,2,null,63,144.0,120.5904761904762
2,2,null,116,66.0,120.5904761904762
2,2,null,115,76.0,120.5904761904762
2,2,null,8,636.0,120.5904761904762
2,2,null,111,37.0,120.5904761904762
2,2,null,164,46.0,120.5904761904762
2,2,null,46,18.0,120.5904761904762
2,2,null,96,465.0,120.5904761904762
2,2,null,6,367.0,120.5904761904762
2,2,null,0,198.0,120.5904761904762
2,2,null,50,24.0,120.5904761904762
2,2,null,5,318.0,120.5904761904762
2,2,null,197,397.0,120.5904761904762
2,2,null,184,33.0,120.5904761904762
2,2,null,143,66.0,120.5904761904762
2,2,null,105,32.0,120.5904761904762
2,2,null,180,109.0,120.5904761904762
2,2,null,200,12.0,120.5904761904762
2,2,null,90,141.0,120.5904761904762
2,2,null,151,277.0,120.5904761904762
2,2,null,71,64.0,120.5904761904762
2,2,null,120,100.0,120.5904761904762
2,2,null,132,26.0,120.5904761904762
2,2,null,124,20.0,120.5904761904762
2,2,null,83,16.0,120.5904761904762
2,2,null,170,25.0,120.5904761904762
2,2,null,190,173.0,120.5904761904762
2,2,null,42,52.0,120.5904761904762
2,2,null,160,21.0,120.5904761904762
2,2,null,17,28.0,120.5904761904762
2,2,null,59,20.0,120.5904761904762
2,2,null,24,23.0,120.5904761904762
2,2,null,138,50.0,120.5904761904762
2,2,null,11,40.0,120.5904761904762
2,2,null,14,10.0,120.5904761904762
2,2,null,68,32.0,120.5904761904762
2,2,null,202,18.0,120.5904761904762
2,2,null,100,24.0,120.5904761904762
2,2,null,56,71.0,120.5904761904762
2,2,null,129,80.0,120.5904761904762
2,2,null,76,45.0,120.5904761904762
2,2,null,196,307.0,120.5904761904762
2,2,null,19,120.0,120.5904761904762
2,2,null,34,106.0,120.5904761904762
2,2,null,107,11.0,120.5904761904762
2,2,null,146,93.0,120.5904761904762
2,2,null,106,32.0,120.5904761904762
2,2,null,150,214.0,120.5904761904762
2,2,null,60,16.0,120.5904761904762
2,2,null,69,32.0,120.5904761904762
2,2,null,73,36.0,120.5904761904762
2,2,knn,144,86.0,81.42507673079847
2,2,knn,148,143.0,87.47718408583768
2,2,knn,133,32.0,45.209138894067166
2,2,knn,4,132.0,181.91162420935274
2,2,knn,168,140.0,257.0505234486555
2,2,knn,147,111.0,76.15492892026656
2,2,knn,44,72.0,49.125720813789776
2,2,knn,97,277.0,220.4903386115631
2,2,knn,79,84.0,52.26556655803677
2,2,knn,194,114.0,132.194388912088
2,2,knn,77,53.0,47.41162209605444
2,2,knn,207,67.0,39.13408575858518
2,2,knn,20,30.0,39.71040805336169
2,2,knn,101,45.0,31.22164958008491
2,2,knn,15,35.0,50.19271474561678
2,2,knn,205,46.0,49.161699702292
2,2,knn,163,42.0,35.20942861083906
2,2,knn,53,36.0,27.566255112040583
2,2,knn,49,62.0,38.844313700159844
2,2,knn,173,25.0,23.429977225642578
2,2,knn,39,26.0,29.522637596566135
2,2,knn,141,60.0,51.56376962811838
2,2,knn,26,33.0,30.909073092460343
2,2,knn,80,16.0,34.88434907161985
2,2,knn,130,136.0,100.3984158677496
2,2,knn,61,22.0,19.886295834914584
2,2,knn,45,72.0,46.65701675185873
2,2,knn,114,50.0,47.76099624815155
2,2,knn,185,58.0,62.5739473107307
2,2,knn,112,40.0,33.78120665724358
2,2,knn,140,62.0,51.56376962811838
2,2,knn,103,13.0,7.000471658995121
2,2,knn,55,60.0,110.64365621910923
2,2,knn,154,214.0,148.68371002128896
2,2,knn,28,77.0,29.935041518811115
2,2,knn,81,38.0,62.75525077823321
2,2,knn,139,40.0,28.734748380478532
2,2,knn,183,22.0,30.28794599814026
2,2,knn,166,116.0,50.99998043471719
2,2,knn,86,40.0,29.086121163114118
2,2,knn,131,16.0,43.05205490383853
2,2,knn,191,248.0,347.6509937115316
2,2,knn,57,12.0,19.886295834914584
2,2,knn,2,220.0,220.5010638917113
2,2,knn,118,49.0,57.62484744420446
2,2,knn,195,208.0,402.72504764947587
2,2,knn,159,17.0,22.304812036298724
2,2,knn,157,8.0,14.853446697355572
2,2,knn,94,237.0,207.30375344354917
2,2,knn,58,14.0,19.886295834914584
2,2,knn,51,24.0,16.641343273629175
2,2,knn,64,144.0,102.55483016109858
2,2,knn,110,22.0,17.782362319446076
2,2,knn,63,144.0,73.1546495104902
2,2,knn,116,66.0,130.9602083546977
2,2,knn,115,76.0,130.00979740778521
2,2,knn,8,636.0,478.32046763023226
2,2,knn,111,37.0,17.173587565994662
2,2,knn,164,46.0,47.02514545771768
2,2,knn,46,18.0,15.339535369944722
2,2,knn,96,465.0,473.55085762405946
2,2,knn,6,367.0,488.5599370142917
2,2,knn,0,198.0,251.5000374793717
2,2,knn,50,24.0,19.375049798424985
2,2,knn,5,318.0,348.1463297506547
2,2,knn,197,397.0,404.99999975783595
2,2,knn,184,33.0,97.33123629420848
2,2,knn,143,66.0,67.21672415867583
2,2,knn,105,32.0,38.46504433029638
2,2,knn,180,109.0,57.16977152150537
2,2,knn,200,12.0,19.98529299899488
2,2,knn,90,141.0,188.99999748784012
2,2,knn,151,277.0,346.16878298573823
2,2,knn,71,64.0,66.69801871003966
2,2,knn,120,100.0,127.41614580273381
2,2,knn,132,26.0,45.52762258716955
2,2,knn,124,20.0,18.765642491948586
2,2,knn,83,16.0,52.05151511669665
2,2,knn,170,25.0,21.774392914199826
2,2,knn,190,173.0,225.4042267798222
2,2,knn,42,52.0,52.454268222308336
2,2,knn,160,21.0,37.838090827415066
2,2,knn,17,28.0,35.93513995667995
2,2,knn,59,20.0,19.886295834914584
2,2,knn,24,23.0,30.89622171639369
2,2,knn,138,50.0,53.59413227222832
2,2,knn,11,40.0,37.72883080912425
2,2,knn,14,10.0,49.95472648419385
2,2,knn,68,32.0,29.438131779421962
2,2,knn,202,18.0,19.98529299899488
2,2,knn,100,24.0,22.531394241995272
2,2,knn,56,71.0,34.454496943894746
2,2,knn,129,80.0,70.05373861034903
2,2,knn,76,45.0,27.77992219374608
2,2,knn,196,307.0,404.9999992884795
2,2,knn,19,120.0,315.8293226356305
2,2,knn,34,106.0,207.99982363290232
2,2,knn,107,11.0,11.801030207349271
2,2,knn,146,93.0,75.83224679337134
2,2,knn,106,32.0,38.418651106530696
2,2,knn,150,214.0,181.83755171821417
2,2,knn,60,16.0,19.886295834914584
2,2,knn,69,32.0,40.04503068491996
2,2,knn,73,36.0,42.80620317173395
2,2,edited,144,86.0,81.42507673079847
2,2,edited,148,143.0,87.18130667893536
2,2,edited,133,32.0,45.209138894067166
2,2,edited,4,132.0,181.68265120666163
2,2,edited,168,140.0,133.80532607102344
2,2,edited,147,111.0,76.15492892026656
2,2,edited,44,72.0,49.125720813789776
2,2,edited,97,277.0,197.90737257838563
2,2,edited,79,84.0,51.85694544698751
2,2,edited,194,114.0,131.78203568916396
2,2,edited,77,53.0,44.74826422537741
2,2,edited,207,67.0,39.13408575858518
2,2,edited,20,30.0,39.71040805336169
2,2,edited,101,45.0,31.22164958008491
2,2,edited,15,35.0,50.21135577829943
2,2,edited,205,46.0,49.161699702292
2,2,edited,163,42.0,35.20942861083906
2,2,edited,53,36.0,27.566255112040583
2,2,edited,49,62.0,38.844313700159844
2,2,edited,173,25.0,23.429977225642578
2,2,edited,39,26.0,29.522637596566135
2,2,edited,141,60.0,51.56376962811838
2,2,edited,26,33.0,30.909073092460343
2,2,edited,80,16.0,34.88434907161985
2,2,edited,130,136.0,100.3984158677496
2,2,edited,61,22.0,19.886295834914584
2,2,edited,45,72.0,46.65701675185873
2,2,edited,114,50.0,47.76099624815155
2,2,edited,185,58.0,62.5739473107307
2,2,edited,112,40.0,33.78120665724358
2,2,edited,140,62.0,51.56376962811838
2,2,edited,103,13.0,7.000471658995121
2,2,edited,55,60.0,110.64365621910923
2,2,edited,154,214.0,104.96437700581414
2,2,edited,28,77.0,29.935041518811115
2,2,edited,81,38.0,62.75525077823321
2,2,edited,139,40.0,28.734748380478532
2,2,edited,183,22.0,30.28794599814026
2,2,edited,166,116.0,50.99997981664997
2,2,edited,86,40.0,29.086121163114118
2,2,edited,131,16.0,43.05205490383853
2,2,edited,191,248.0,348.0927940283184
2,2,edited,57,12.0,19.886295834914584
2,2,edited,2,220.0,348.06407042139307
2,2,edited,118,49.0,57.62484744420446
2,2,edited,195,208.0,50.9942396264268
2,2,edited,159,17.0,22.304812036298724
2,2,edited,157,8.0,14.853446697355572
2,2,edited,94,237.0,226.6335440692681
2,2,edited,58,14.0,19.886295834914584
2,2,edited,51,24.0,16.641343273629175
2,2,edited,64,144.0,102.55483016109858
2,2,edited,110,22.0,17.782362319446076
2,2,edited,63,144.0,73.1546495104902
2,2,edited,116,66.0,134.51631522477885
2,2,edited,115,76.0,134.76085238976773
2,2,edited,8,636.0,478.32059665836374
2,2,edited,111,37.0,17.173587565994662
2,2,edited,164,46.0,47.02514545771768
2,2,edited,46,18.0,15.339535369944722
2,2,edited,96,465.0,473.74072884943416
2,2,edited,6,367.0,488.5599370142922
2,2,edited,0,198.0,509.9890559664859
2,2,edited,50,24.0,19.375049798424985
2,2,edited,5,318.0,348.2662464439314
2,2,edited,197,397.0,269.84214766230417
2,2,edited,184,33.0,97.33123629420848
2,2,edited,143,66.0,67.21672415867583
2,2,edited,105,32.0,38.46504433029638
2,2,edited,180,109.0,57.16977152150537
2,2,edited,200,12.0,19.98529299899488
2,2,edited,90,141.0,188.99999748782906
2,2,edited,151,277.0,346.1700413879673
2,2,edited,71,64.0,66.69801871003966
2,2,edited,120,100.0,127.41614580273381
2,2,edited,132,26.0,45.52762258716955
2,2,edited,124,20.0,18.765642491948586
2,2,edited,83,16.0,52.05151511669665
2,2,edited,170,25.0,21.774392914199826
2,2,edited,190,173.0,266.4117145618029
2,2,edited,42,52.0,52.454268222308336
2,2,edited,160,21.0,37.838090827415066
2,2,edited,17,28.0,35.93513995667995
2,2,edited,59,20.0,19.886295834914584
2,2,edited,24,23.0,30.89622171639369
2,2,edited,138,50.0,53.59413227222832
2,2,edited,11,40.0,37.72883080912425
2,2,edited,14,10.0,49.95472648419385
2,2,edited,68,32.0,29.438131779421962
2,2,edited,202,18.0,19.98529299899488
2,2,edited,100,24.0,22.531394241995272
2,2,edited,56,71.0,34.454496943894746
2,2,edited,129,80.0,70.05373861034903
2,2,edited,76,45.0,27.77992219374608
2,2,edited,196,307.0,88.75723034114125
2,2,edited,19,120.0,80.23521042313757
2,2,edited,34,106.0,49.754288384719764
2,2,edited,107,11.0,11.801030207349271
2,2,edited,146,93.0,75.83224679337134
2,2,edited,106,32.0,38.418651106530696
2,2,edited,150,214.0,181.58739281832442
2,2,edited,60,16.0,19.886295834914584
2,2,edited,69,32.0,40.04503068491996
2,2,edited,73,36.0,42.80620317173395
2,2,condensed,144,86.0,81.42507673079847
2,2,condensed,148,143.0,87.47718408583768
2,2,condensed,133,32.0,45.209138894067166
2,2,condensed,4,132.0,181.91162420935274
2,2,condensed,168,140.0,257.0505234486555
2,2,condensed,147,111.0,76.15492892026656
2,2,condensed,44,72.0,49.125720813789776
2,2,condensed,97,277.0,220.4903386115631
2,2,condensed,79,84.0,52.26556655803677
2,2,condensed,194,114.0,132.194388912088
2,2,condensed,77,53.0,48.36536636072764
2,2,condensed,207,67.0,39.91249833272589
2,2,condensed,20,30.0,39.71040805336169
2,2,condensed,101,45.0,31.22164958008491
2,2,condensed,15,35.0,50.19271474561678
2,2,condensed,205,46.0,49.161699702292
2,2,condensed,163,42.0,35.20942861083906
2,2,condensed,53,36.0,27.566255112040583
2,2,condensed,49,62.0,38.844313700159844
2,2,condensed,173,25.0,23.036624432493465
2,2,condensed,39,26.0,29.522637596566135
2,2,condensed,141,60.0,51.56376962811838
2,2,condensed,26,33.0,38.355466202989085
2,2,condensed,80,16.0,35.69387030124665
2,2,condensed,130,136.0,100.3984158677496
2,2,condensed,61,22.0,19.886295834914584
2,2,condensed,45,72.0,46.65701675185873
2,2,condensed,114,50.0,47.76099624815155
2,2,condensed,185,58.0,62.5739473107307
2,2,condensed,112,40.0,33.78120665724358
2,2,condensed,140,62.0,51.56376962811838
2,2,condensed,103,13.0,7.000471658995121
2,2,condensed,55,60.0,110.64365621910923
2,2,condensed,154,214.0,148.683710021289
2,2,condensed,28,77.0,37.69671548932064
2,2,condensed,81,38.0,62.75525077823321
2,2,condensed,139,40.0,28.734748380478532
2,2,condensed,183,22.0,30.28794599814026
2,2,condensed,166,116.0,50.99998043471719
2,2,condensed,86,40.0,29.086121163114118
2,2,condensed,131,16.0,43.05205490383853
2,2,condensed,191,248.0,347.6509937115316
2,2,condensed,57,12.0,19.886295834914584
2,2,condensed,2,220.0,220.5010638917113
2,2,condensed,118,49.0,57.62484744420446
2,2,condensed,195,208.0,402.72504764947587
2,2,condensed,159,17.0,22.304812036298724
2,2,condensed,157,8.0,14.853446697355572
2,2,condensed,94,237.0,207.30691523190154
2,2,condensed,58,14.0,19.886295834914584
2,2,condensed,51,24.0,16.641343273629175
2,2,condensed,64,144.0,102.55483016109858
2,2,condensed,110,22.0,17.782362319446076
2,2,condensed,63,144.0,73.1546495104902
2,2,condensed,116,66.0,130.9602083546977
2,2,condensed,115,76.0,130.00979740778521
2,2,condensed,8,636.0,478.32046763023226
2,2,condensed,111,37.0,17.173587565994662
2,2,condensed,164,46.0,47.02514545771768
2,2,condensed,46,18.0,15.339535369944722
2,2,condensed,96,465.0,473.55085762405946
2,2,condensed,6,367.0,488.5599370142917
2,2,condensed,0,198.0,251.5000374793717
2,2,condensed,50,24.0,19.375048568160977
2,2,condensed,5,318.0,348.1463297506547
2,2,condensed,197,397.0,404.99999975783595
2,2,condensed,184,33.0,97.33123629420848
2,2,condensed,143,66.0,67.21672415867583
2,2,condensed,105,32.0,38.57811927125509
2,2,condensed,180,109.0,57.16977152150537
2,2,condensed,200,12.0,19.98529299899488
2,2,condensed,90,141.0,188.99999748784012
2,2,condensed,151,277.0,346.16878298573823
2,2,condensed,71,64.0,66.69801871003966
2,2,condensed,120,100.0,127.41614580273381
2,2,condensed,132,26.0,45.527622587169546
2,2,condensed,124,20.0,18.765642491948586
2,2,condensed,83,16.0,53.07309634240795
2,2,condensed,170,25.0,21.774392914199826
2,2,condensed,190,173.0,225.4042267798222
2,2,condensed,42,52.0,52.454268222308336
2,2,condensed,160,21.0,37.838090827415066
2,2,condensed,17,28.0,35.93513995667995
2,2,condensed,59,20.0,19.886295834914584
2,2,condensed,24,23.0,37.88417931595126
2,2,condensed,138,50.0,53.59413227222832
2,2,condensed,11,40.0,38.87033299141407
2,2,condensed,14,10.0,50.80296136392804
2,2,condensed,68,32.0,29.438131779421962
2,2,condensed,202,18.0,19.98529299899488
2,2,condensed,100,24.0,22.53139424199527
2,2,condensed,56,71.0,34.454496943894746
2,2,condensed,129,80.0,70.05373861034903
2,2,condensed,76,45.0,30.178922253536204
2,2,condensed,196,307.0,404.9999992884795
2,2,condensed,19,120.0,315.8293226356305
2,2,condensed,34,106.0,207.99982363290235
2,2,condensed,107,11.0,11.801030207349271
2,2,condensed,146,93.0,75.83224679337134
2,2,condensed,106,32.0,38.78322290507268
2,2,condensed,150,214.0,181.83755171821417
2,2,condensed,60,16.0,19.886295834914584
2,2,condensed,69,32.0,40.04503068491996
2,2,condensed,73,36.0,42.80620317173395
3,1,null,60,16.0,93.47115384615384
3,1,null,113,34.0,93.47115384615384
3,1,null,104,16.0,93.47115384615384
3,1,null,115,76.0,93.47115384615384
3,1,null,135,54.0,93.47115384615384
3,1,null,129,80.0,93.47115384615384
3,1,null,98,185.0,93.47115384615384
3,1,null,194,114.0,93.47115384615384
3,1,null,152,370.0,93.47115384615384
3,1,null,9,1144.0,93.47115384615384
3,1,null,151,277.0,93.47115384615384
3,1,null,81,38.0,93.47115384615384
3,1,null,22,61.0,93.47115384615384
3,1,null,70,62.0,93.47115384615384
3,1,null,15,35.0,93.47115384615384
3,1,null,138,50.0,93.47115384615384
3,1,null,46,18.0,93.47115384615384
3,1,null,107,11.0,93.47115384615384
3,1,null,77,53.0,93.47115384615384
3,1,null,27,27.0,93.47115384615384
3,1,null,146,93.0,93.47115384615384
3,1,null,161,24.0,93.47115384615384
3,1,null,56,71.0,93.47115384615384
3,1,null,192,405.0,93.47115384615384
3,1,null,205,46.0,93.47115384615384
3,1,null,197,397.0,93.47115384615384
3,1,null,156,510.0,93.47115384615384
3,1,null,112,40.0,93.47115384615384
3,1,null,53,36.0,93.47115384615384
3,1,null,168,140.0,93.47115384615384
3,1,null,3,172.0,93.47115384615384
3,1,null,38,71.0,93.47115384615384
3,1,null,66,17.0,93.47115384615384
3,1,null,80,16.0,93.47115384615384
3,1,null,95,465.0,93.47115384615384
3,1,null,187,75.0,93.47115384615384
3,1,null,57,12.0,93.47115384615384
3,1,null,89,66.0,93.47115384615384
3,1,null,0,198.0,93.47115384615384
3,1,null,133,32.0,93.47115384615384
3,1,null,19,120.0,93.47115384615384
3,1,null,145,74.0,93.47115384615384
3,1,null,62,36.0,93.47115384615384
3,1,null,50,24.0,93.47115384615384
3,1,null,90,141.0,93.47115384615384
3,1,null,200,12.0,93.47115384615384
3,1,null,1,269.0,93.47115384615384
3,1,null,72,22.0,93.47115384615384
3,1,null,108,11.0,93.47115384615384
3,1,null,148,143.0,93.47115384615384
3,1,null,82,38.0,93.47115384615384
3,1,null,68,32.0,93.47115384615384
3,1,null,166,116.0,93.47115384615384
3,1,null,169,212.0,93.47115384615384
3,1,null,114,50.0,93.47115384615384
3,1,null,155,326.0,93.47115384615384
3,1,null,31,368.0,93.47115384615384
3,1,null,130,136.0,93.47115384615384
3,1,null,33,63.0,93.47115384615384
3,1,null,160,21.0,93.47115384615384
3,1,null,183,22.0,93.47115384615384
3,1,null,39,26.0,93.47115384615384
3,1,null,184,33.0,93.47115384615384
3,1,null,154,214.0,93.47115384615384
3,1,null,10,38.0,93.47115384615384
3,1,null,198,915.0,93.47115384615384
3,1,null,43,60.0,93.47115384615384
3,1,null,5,318.0,93.47115384615384
3,1,null,142,50.0,93.47115384615384
3,1,null,32,32.0,93.47115384615384
3,1,null,49,62.0,93.47115384615384
3,1,null,63,144.0,93.47115384615384
3,1,null,162,34.0,93.47115384615384
3,1,null,185,58.0,93.47115384615384
3,1,null,125,27.0,93.47115384615384
3,1,null,167,100.0,93.47115384615384
3,1,null,24,23.0,93.47115384615384
3,1,null,153,510.0,93.47115384615384
3,1,null,42,52.0,93.47115384615384
3,1,null,99,6.0,93.47115384615384
3,1,null,58,14.0,93.47115384615384
3,1,null,37,29.0,93.47115384615384
3,1,null,118,49.0,93.47115384615384
3,1,null,101,45.0,93.47115384615384
3,1,null,26,33.0,93.47115384615384
3,1,null,87,35.0,93.47115384615384
3,1,null,178,38.0,93.47115384615384
3,1,null,4,132.0,93.47115384615384
3,1,null,17,28.0,93.47115384615384
3,1,null,67,26.0,93.47115384615384
3,1,null,110,22.0,93.47115384615384
3,1,null,69,32.0,93.47115384615384
3,1,null,97,277.0,93.47115384615384
3,1,null,196,307.0,93.47115384615384
3,1,null,195,208.0,93.47115384615384
3,1,null,44,72.0,93.47115384615384
3,1,null,84,22.0,93.47115384615384
3,1,null,149,105.0,93.47115384615384
3,1,null,79,84.0,93.47115384615384
3,1,null,117,24.0,93.47115384615384
3,1,null,16,19.0,93.47115384615384
3,1,null,47,20.0,93.47115384615384
3,1,null,163,42.0,93.47115384615384
3,1,null,121,133.0,93.47115384615384
3,1,null,103,13.0,93.47115384615384
3,1,knn,60,16.0,27.649079770525827
3,1,knn,113,34.0,36.844117659881434
3,1,knn,104,16.0,33.59673369411184
3,1,knn,115,76.0,66.65344384877244
3,1,knn,135,54.0,80.00048374422948
3,1,knn,129,80.0,69.71749200355771
3,1,knn,98,185.0,139.245275960083
3,1,knn,194,114.0,115.30210715749642
3,1,knn,152,370.0,208.43877875473666
3,1,knn,9,1144.0,466.14877471245273
3,1,knn,151,277.0,208.43024986243253
3,1,knn,81,38.0,47.611893859177414
3,1,knn,22,61.0,50.347457368263335
3,1,knn,70,62.0,41.31103683461507
3,1,knn,15,35.0,47.22155011776625
3,1,knn,138,50.0,46.68222513461149
3,1,knn,46,18.0,27.964336913989214
3,1,knn,107,11.0,23.85788749485519
3,1,knn,77,53.0,46.665611846612144
3,1,knn,27,27.0,32.04211096343796
3,1,knn,146,93.0,98.83139206747323
3,1,knn,161,24.0,34.5042225658131
3,1,knn,56,71.0,36.68616381042677
3,1,knn,192,405.0,296.1550919725551
3,1,knn,205,46.0,58.762579584956924
3,1,knn,197,397.0,354.28463993763336
3,1,knn,156,510.0,337.6101966000529
3,1,knn,112,40.0,36.844117659881434
3,1,knn,53,36.0,25.926066939762315
3,1,knn,168,140.0,201.89295233546594
3,1,knn,3,172.0,184.46407793988377
3,1,knn,38,71.0,41.63997817383048
3,1,knn,66,17.0,26.065593149617403
3,1,knn,80,16.0,33.165871193874295
3,1,knn,95,465.0,362.4462003151327
3,1,knn,187,75.0,76.13966844667951
3,1,knn,57,12.0,27.649079770525827
3,1,knn,89,66.0,68.08351771383636
3,1,knn,0,198.0,313.33597014249887
3,1,knn,133,32.0,55.753769467768066
3,1,knn,19,120.0,184.67570876696445
3,1,knn,145,74.0,97.0817840245012
3,1,knn,62,36.0,40.50782333991693
3,1,knn,50,24.0,31.234556309327495
3,1,knn,90,141.0,116.05265847170364
3,1,knn,200,12.0,19.509431727497294
3,1,knn,1,269.0,184.46407793988377
3,1,knn,72,22.0,40.702710592338754
3,1,knn,108,11.0,23.7775181921168
3,1,knn,148,143.0,143.66875232418872
3,1,knn,82,38.0,70.82925716775036
3,1,knn,68,32.0,36.679978978167945
3,1,knn,166,116.0,127.72047991093547
3,1,knn,169,212.0,200.5240986021942
3,1,knn,114,50.0,38.949337013943556
3,1,knn,155,326.0,208.43368791735978
3,1,knn,31,368.0,193.13386217946055
3,1,knn,130,136.0,114.48005861296399
3,1,knn,33,63.0,121.26654352743142
3,1,knn,160,21.0,31.798690809097973
3,1,knn,183,22.0,39.61927701581822
3,1,knn,39,26.0,31.506730226178227
3,1,knn,184,33.0,52.241364931080966
3,1,knn,154,214.0,152.35230621181205
3,1,knn,10,38.0,35.97435697265283
3,1,knn,198,915.0,914.2402258945632
3,1,knn,43,60.0,60.766671167522865
3,1,knn,5,318.0,208.82810632511737
3,1,knn,142,50.0,34.70458276849916
3,1,knn,32,32.0,121.26654352743142
3,1,knn,49,62.0,34.968809670171474
3,1,knn,63,144.0,97.00239526354679
3,1,knn,162,34.0,39.70679218577993
3,1,knn,185,58.0,46.19348314515423
3,1,knn,125,27.0,34.0492512839625
3,1,knn,167,100.0,126.12987087060164
3,1,knn,24,23.0,35.94584235897667
3,1,knn,153,510.0,354.2978824363308
3,1,knn,42,52.0,60.766671167522865
3,1,knn,99,6.0,35.24819985086373
3,1,knn,58,14.0,27.649079770525827
3,1,knn,37,29.0,25.378605725135657
3,1,knn,118,49.0,57.6013949207083
3,1,knn,101,45.0,33.01957398605195
3,1,knn,26,33.0,33.850347314350515
3,1,knn,87,35.0,40.25692400852856
3,1,knn,178,38.0,28.29442011081057
3,1,knn,4,132.0,160.69315943787223
3,1,knn,17,28.0,43.34595417670656
3,1,knn,67,26.0,26.011419836805963
3,1,knn,110,22.0,27.11006283171082
3,1,knn,69,32.0,41.098369299878634
3,1,knn,97,277.0,160.9368455466616
3,1,knn,196,307.0,348.62028889104675
3,1,knn,195,208.0,207.28508656599337
3,1,knn,44,72.0,48.74627558318499
3,1,knn,84,22.0,38.30612203566067
3,1,knn,149,105.0,57.20851566962247
3,1,knn,79,84.0,45.44501412365456
3,1,knn,117,24.0,29.38533881778487
3,1,knn,16,19.0,38.17429709157778
3,1,knn,47,20.0,27.681744668048708
3,1,knn,163,42.0,51.308187112640276
3,1,knn,121,133.0,103.0428653978041
3,1,knn,103,13.0,21.364783759244855
3,1,edited,60,16.0,21.835387030469438
3,1,edited,113,34.0,32.613672590502794
3,1,edited,104,16.0,28.33128484705941
3,1,edited,115,76.0,55.937626010593725
3,1,edited,135,54.0,75.53887971496343
3,1,edited,129,80.0,61.27879143605896
3,1,edited,98,185.0,75.79082844650745
3,1,edited,194,114.0,76.29540370032116
3,1,edited,152,370.0,105.69687854793465
3,1,edited,9,1144.0,103.98472378807327
3,1,edited,151,277.0,105.6980429924257
3,1,edited,81,38.0,36.9229202953026
3,1,edited,22,61.0,36.2315237800847
3,1,edited,70,62.0,37.96793524736971
3,1,edited,15,35.0,42.9174112205287
3,1,edited,138,50.0,46.2070142486728
3,1,edited,46,18.0,22.152644301430133
3,1,edited,107,11.0,21.243842375092488
3,1,edited,77,53.0,38.17184076150896
3,1,edited,27,27.0,18.529120202551763
3,1,edited,146,93.0,108.39504395349162
3,1,edited,161,24.0,36.87849110516944
3,1,edited,56,71.0,22.558818452850126
3,1,edited,192,405.0,106.47957874590512
3,1,edited,205,46.0,51.52802198850884
3,1,edited,197,397.0,76.59391604524036
3,1,edited,156,510.0,108.4585809297889
3,1,edited,112,40.0,32.613672590502794
3,1,edited,53,36.0,24.78954794878415
3,1,edited,168,140.0,106.38779817909209
3,1,edited,3,172.0,97.18610021555547
3,1,edited,38,71.0,39.09888108142753
3,1,edited,66,17.0,23.19393477504284
3,1,edited,80,16.0,25.03687987359267
3,1,edited,95,465.0,103.80330965334532
3,1,edited,187,75.0,65.52150505094495
3,1,edited,57,12.0,21.835387030469438
3,1,edited,89,66.0,40.380527743187116
3,1,edited,0,198.0,99.91269725030527
3,1,edited,133,32.0,47.4348419119811
3,1,edited,19,120.0,104.28200647517987
3,1,edited,145,74.0,102.681571811262
3,1,edited,62,36.0,36.69969040542042
3,1,edited,50,24.0,24.09736310534196
3,1,edited,90,141.0,66.78691722252988
3,1,edited,200,12.0,22.537818991693193
3,1,edited,1,269.0,97.18610021555547
3,1,edited,72,22.0,35.09152242404901
3,1,edited,108,11.0,20.95458278910988
3,1,edited,148,143.0,108.22582154873938
3,1,edited,82,38.0,37.18211694315925
3,1,edited,68,32.0,33.57672390044016
3,1,edited,166,116.0,65.94414012898642
3,1,edited,169,212.0,107.87702232384086
3,1,edited,114,50.0,37.55424324308124
3,1,edited,155,326.0,105.697654650708
3,1,edited,31,368.0,103.71832723238104
3,1,edited,130,136.0,92.15597159484192
3,1,edited,33,63.0,70.0209184875413
3,1,edited,160,21.0,32.11117352052921
3,1,edited,183,22.0,36.364609040833216
3,1,edited,39,26.0,30.06348396975474
3,1,edited,184,33.0,43.875967191189595
3,1,edited,154,214.0,97.22860244476092
3,1,edited,10,38.0,27.297514874876413
3,1,edited,198,915.0,87.50320252250128
3,1,edited,43,60.0,47.65142696500401
3,1,edited,5,318.0,105.45059911921011
3,1,edited,142,50.0,39.56606004878976
3,1,edited,32,32.0,70.0209184875413
3,1,edited,49,62.0,25.12426854777141
3,1,edited,63,144.0,80.80350634238467
3,1,edited,162,34.0,47.42824627221586
3,1,edited,185,58.0,43.985895663098525
3,1,edited,125,27.0,30.50208564259713
3,1,edited,167,100.0,104.38755838395709
3,1,edited,24,23.0,24.086327579040795
3,1,edited,153,510.0,108.08777239889156
3,1,edited,42,52.0,47.65142696500401
3,1,edited,99,6.0,27.850293754878763
3,1,edited,58,14.0,21.835387030469438
3,1,edited,37,29.0,24.892137896074363
3,1,edited,118,49.0,45.63552503476631
3,1,edited,101,45.0,27.082827941080804
3,1,edited,26,33.0,21.784182086797085
3,1,edited,87,35.0,31.998758359413074
3,1,edited,178,38.0,24.540104343798546
3,1,edited,4,132.0,102.49511007363495
3,1,edited,17,28.0,36.60736010455561
3,1,edited,67,26.0,26.72174357847481
3,1,edited,110,22.0,21.10525968223697
3,1,edited,69,32.0,35.38026582230569
3,1,edited,97,277.0,77.39868966172193
3,1,edited,196,307.0,74.74345511386508
3,1,edited,195,208.0,77.02840722248456
3,1,edited,44,72.0,42.53657644280002
3,1,edited,84,22.0,30.597324967259404
3,1,edited,149,105.0,49.724088247831205
3,1,edited,79,84.0,38.72802327312482
3,1,edited,117,24.0,31.962983690827308
3,1,edited,16,19.0,36.73197629230217
3,1,edited,47,20.0,22.241304940833192
3,1,edited,163,42.0,51.226621802916625
3,1,edited,121,133.0,103.39474316655934
3,1,edited,103,13.0,13.89814683661486
3,1,condensed,60,16.0,27.649079770525827
3,1,condensed,113,34.0,36.844117659881434
3,1,condensed,104,16.0,33.59673369411184
3,1,condensed,115,76.0,66.65344384877244
3,1,condensed,135,54.0,80.00048374422948
3,1,condensed,129,80.0,69.71749200355771
3,1,condensed,98,185.0,139.245275960083
3,1,condensed,194,114.0,115.30210715749642
3,1,condensed,152,370.0,208.43877875473666
3,1,condensed,9,1144.0,466.14877471245273
3,1,condensed,151,277.0,208.43024986243253
3,1,condensed,81,38.0,47.611893859177414
3,1,condensed,22,61.0,50.347457368263335
3,1,condensed,70,62.0,41.31103683461507
3,1,condensed,15,35.0,47.22155011776625
3,1,condensed,138,50.0,46.68222513461149
3,1,condensed,46,18.0,27.964336913989214
3,1,condensed,107,11.0,23.85788749485519
3,1,condensed,77,53.0,46.665611846612144
3,1,condensed,27,27.0,32.04211096343796
3,1,condensed,146,93.0,98.83139206747323
3,1,condensed,161,24.0,34.5042225658131
3,1,condensed,56,71.0,36.68616381042677
3,1,condensed,192,405.0,296.1550919725551
3,1,condensed,205,46.0,58.762579584956924
3,1,condensed,197,397.0,354.28463993763336
3,1,condensed,156,510.0,337.6101966000529
3,1,condensed,112,40.0,36.844117659881434
3,1,condensed,53,36.0,25.926066939762315
3,1,condensed,168,140.0,201.89295233546594
3,1,condensed,3,172.0,184.46407793988377
3,1,condensed,38,71.0,41.63997817383048
3,1,condensed,66,17.0,26.065593149617403
3,1,condensed,80,16.0,33.165871193874295
3,1,condensed,95,465.0,362.4462003151327
3,1,condensed,187,75.0,76.13966844667951
3,1,condensed,57,12.0,27.649079770525827
3,1,condensed,89,66.0,68.08351771383636
3,1,condensed,0,198.0,313.33597014249887
3,1,condensed,133,32.0,55.753769467768066
3,1,condensed,19,120.0,184.67570876696445
3,1,condensed,145,74.0,97.0817840245012
3,1,condensed,62,36.0,40.50782333991693
3,1,condensed,50,24.0,31.234556309327495
3,1,condensed,90,141.0,116.05265847170364
3,1,condensed,200,12.0,19.509431727497294
3,1,condensed,1,269.0,184.46407793988377
3,1,condensed,72,22.0,40.702710592338754
3,1,condensed,108,11.0,23.7775181921168
3,1,condensed,148,143.0,143.66875232418872
3,1,condensed,82,38.0,70.82925716775036
3,1,condensed,68,32.0,36.679978978167945
3,1,condensed,166,116.0,127.72047991093547
3,1,condensed,169,212.0,200.5240986021942
3,1,condensed,114,50.0,38.949337013943556
3,1,condensed,155,326.0,208.43368791735978
3,1,condensed,31,368.0,193.13386217946055
3,1,condensed,130,136.0,114.48005861296399
3,1,condensed,33,63.0,121.26654352743142
3,1,condensed,160,21.0,31.798690809097973
3,1,condensed,183,22.0,39.61927701581822
3,1,condensed,39,26.0,31.506730226178227
3,1,condensed,184,33.0,52.241364931080966
3,1,condensed,154,214.0,152.35230621181205
3,1,condensed,10,38.0,35.97435697265283
3,1,condensed,198,915.0,914.2402258945632
3,1,condensed,43,60.0,60.766671167522865
3,1,condensed,5,318.0,208.82810632511737
3,1,condensed,142,50.0,34.70458276849916
3,1,condensed,32,32.0,121.26654352743142
3,1,condensed,49,62.0,34.968809670171474
3,1,condensed,63,144.0,97.00239526354679
3,1,condensed,162,34.0,39.70679218577993
3,1,condensed,185,58.0,46.19348314515423
3,1,condensed,125,27.0,34.0492512839625
3,1,condensed,167,100.0,126.12987087060164
3,1,condensed,24,23.0,35.94584235897667
3,1,condensed,153,510.0,354.2978824363308
3,1,condensed,42,52.0,60.766671167522865
3,1,condensed,99,6.0,35.24819985086373
3,1,condensed,58,14.0,27.649079770525827
3,1,condensed,37,29.0,25.378605725135657
3,1,condensed,118,49.0,57.6013949207083
3,1,condensed,101,45.0,33.01957398605195
3,1,condensed,26,33.0,33.850347314350515
3,1,condensed,87,35.0,40.25692400852856
3,1,condensed,178,38.0,28.29442011081057
3,1,condensed,4,132.0,160.69315943787223
3,1,condensed,17,28.0,43.34595417670656
3,1,condensed,67,26.0,26.011419836805963
3,1,condensed,110,22.0,27.11006283171082
3,1,condensed,69,32.0,41.098369299878634
3,1,condensed,97,277.0,160.9368455466616
3,1,condensed,196,307.0,348.62028889104675
3,1,condensed,195,208.0,207.28508656599337
3,1,condensed,44,72.0,48.74627558318499
3,1,condensed,84,22.0,38.30612203566067
3,1,condensed,149,105.0,57.20851566962247
3,1,condensed,79,84.0,45.44501412365456
3,1,condensed,117,24.0,29.38533881778487
3,1,condensed,16,19.0,38.17429709157778
3,1,condensed,47,20.0,27.681744668048708
3,1,condensed,163,42.0,51.308187112640276
3,1,condensed,121,133.0,103.0428653978041
3,1,condensed,103,13.0,21.364783759244855
3,2,null,36,20.0,117.65714285714286
3,2,null,76,45.0,117.65714285714286
3,2,null,86,40.0,117.65714285714286
3,2,null,134,45.0,117.65714285714286
3,2,null,202,18.0,117.65714285714286
3,2,null,96,465.0,117.65714285714286
3,2,null,61,22.0,117.65714285714286
3,2,null,116,66.0,117.65714285714286
3,2,null,65,259.0,117.65714285714286
3,2,null,119,66.0,117.65714285714286
3,2,null,41,40.0,117.65714285714286
3,2,null,11,40.0,117.65714285714286
3,2,null,83,16.0,117.65714285714286
3,2,null,144,86.0,117.65714285714286
3,2,null,8,636.0,117.65714285714286
3,2,null,14,10.0,117.65714285714286
3,2,null,124,20.0,117.65714285714286
3,2,null,111,37.0,117.65714285714286
3,2,null,140,62.0,117.65714285714286
3,2,null,165,51.0,117.65714285714286
3,2,null,6,367.0,117.65714285714286
3,2,null,48,40.0,117.65714285714286
3,2,null,122,12.0,117.65714285714286
3,2,null,137,30.0,117.65714285714286
3,2,null,171,30.0,117.65714285714286
3,2,null,174,50.0,117.65714285714286
3,2,null,106,32.0,117.65714285714286
3,2,null,207,67.0,117.65714285714286
3,2,null,25,69.0,117.65714285714286
3,2,null,179,60.0,117.65714285714286
3,2,null,157,8.0,117.65714285714286
3,2,null,180,109.0,117.65714285714286
3,2,null,23,76.0,117.65714285714286
3,2,null,170,25.0,117.65714285714286
3,2,null,102,7.0,117.65714285714286
3,2,null,109,18.0,117.65714285714286
3,2,null,59,20.0,117.65714285714286
3,2,null,123,18.0,117.65714285714286
3,2,null,147,111.0,117.65714285714286
3,2,null,75,50.0,117.65714285714286
3,2,null,91,189.0,117.65714285714286
3,2,null,55,60.0,117.65714285714286
3,2,null,18,31.0,117.65714285714286
3,2,null,29,27.0,117.65714285714286
3,2,null,12,92.0,117.65714285714286
3,2,null,51,24.0,117.65714285714286
3,2,null,189,188.0,117.65714285714286
3,2,null,181,6.0,117.65714285714286
3,2,null,100,24.0,117.65714285714286
3,2,null,73,36.0,117.65714285714286
3,2,null,150,214.0,117.65714285714286
3,2,null,52,138.0,117.65714285714286
3,2,null,164,46.0,117.65714285714286
3,2,null,131,16.0,117.65714285714286
3,2,null,54,26.0,117.65714285714286
3,2,null,173,25.0,117.65714285714286
3,2,null,201,14.0,117.65714285714286
3,2,null,34,106.0,117.65714285714286
3,2,null,203,21.0,117.65714285714286
3,2,null,20,30.0,117.65714285714286
3,2,null,71,64.0,117.65714285714286
3,2,null,127,56.0,117.65714285714286
3,2,null,172,41.0,117.65714285714286
3,2,null,182,11.0,117.65714285714286
3,2,null,93,132.0,117.65714285714286
3,2,null,7,489.0,117.65714285714286
3,2,null,141,60.0,117.65714285714286
3,2,null,64,144.0,117.65714285714286
3,2,null,74,44.0,117.65714285714286
3,2,null,94,237.0,117.65714285714286
3,2,null,159,17.0,117.65714285714286
3,2,null,191,248.0,117.65714285714286
3,2,null,88,134.0,117.65714285714286
3,2,null,143,66.0,117.65714285714286
3,2,null,120,100.0,117.65714285714286
3,2,null,190,173.0,117.65714285714286
3,2,null,126,45.0,117.65714285714286
3,2,null,78,36.0,117.65714285714286
3,2,null,132,26.0,117.65714285714286
3,2,null,208,45.0,117.65714285714286
3,2,null,193,70.0,117.65714285714286
3,2,null,21,33.0,117.65714285714286
3,2,null,188,113.0,117.65714285714286
3,2,null,206,52.0,117.65714285714286
3,2,null,175,50.0,117.65714285714286
3,2,null,176,30.0,117.65714285714286
3,2,null,128,70.0,117.65714285714286
3,2,null,30,274.0,117.65714285714286
3,2,null,139,40.0,117.65714285714286
3,2,null,40,36.0,117.65714285714286
3,2,null,136,65.0,117.65714285714286
3,2,null,186,130.0,117.65714285714286
3,2,null,158,12.0,117.65714285714286
3,2,null,199,1150.0,117.65714285714286
3,2,null,13,138.0,117.65714285714286
3,2,null,2,220.0,117.65714285714286
3,2,null,177,32.0,117.65714285714286
3,2,null,45,72.0,117.65714285714286
3,2,null,35,208.0,117.65714285714286
3,2,null,204,42.0,117.65714285714286
3,2,null,105,32.0,117.65714285714286
3,2,null,92,22.0,117.65714285714286
3,2,null,28,77.0,117.65714285714286
3,2,null,85,29.0,117.65714285714286
3,2,knn,36,20.0,28.252504246184845
3,2,knn,76,45.0,26.366687099944908
3,2,knn,86,40.0,26.15945527195633
3,2,knn,134,45.0,57.596626872299815
3,2,knn,202,18.0,12.399161546350776
3,2,knn,96,465.0,465.00073010915577
3,2,knn,61,22.0,14.024495114827566
3,2,knn,116,66.0,75.98744715366509
3,2,knn,65,259.0,144.16237252101843
3,2,knn,119,66.0,54.00800465815505
3,2,knn,41,40.0,56.04626662822355
3,2,knn,11,40.0,33.805246016364926
3,2,knn,83,16.0,21.19077095284056
3,2,knn,144,86.0,81.10857720268501
3,2,knn,8,636.0,465.6098666184433
3,2,knn,14,10.0,25.624470921079233
3,2,knn,124,20.0,18.22707942181783
3,2,knn,111,37.0,17.44438791342809
3,2,knn,140,62.0,45.1878817960801
3,2,knn,165,51.0,115.99237554648155
3,2,knn,6,367.0,465.000014551067
3,2,knn,48,40.0,31.55071382790606
3,2,knn,122,12.0,13.000015776671633
3,2,knn,137,30.0,38.00010764281139
3,2,knn,171,30.0,20.88633228594519
3,2,knn,174,50.0,24.87451492231693
3,2,knn,106,32.0,30.869137908124593
3,2,knn,207,67.0,26.744320288455192
3,2,knn,25,69.0,25.325182867483967
3,2,knn,179,60.0,50.44963188212627
3,2,knn,157,8.0,23.661560166629485
3,2,knn,180,109.0,46.68139115109349
3,2,knn,23,76.0,60.99984684150235
3,2,knn,170,25.0,18.465111469464542
3,2,knn,102,7.0,13.000011244447043
3,2,knn,109,18.0,20.750757269599447
3,2,knn,59,20.0,14.024495114827566
3,2,knn,123,18.0,13.000019393545628
3,2,knn,147,111.0,93.28684349370788
3,2,knn,75,50.0,48.974812781376755
3,2,knn,91,189.0,140.99999956217215
3,2,knn,55,60.0,53.713289414973296
3,2,knn,18,31.0,22.403454411221123
3,2,knn,29,27.0,29.75424833308088
3,2,knn,12,92.0,54.52458633729775
3,2,knn,51,24.0,18.137109943547525
3,2,knn,189,188.0,131.7924010466177
3,2,knn,181,6.0,23.84231786193363
3,2,knn,100,24.0,20.98981747772624
3,2,knn,73,36.0,23.94493892470709
3,2,knn,150,214.0,132.0069249543055
3,2,knn,52,138.0,74.35109681595578
3,2,knn,164,46.0,43.4849753924708
3,2,knn,131,16.0,41.76121445408191
3,2,knn,54,26.0,39.1236883564761
3,2,knn,173,25.0,26.195572929943346
3,2,knn,201,14.0,13.146111769131403
3,2,knn,34,106.0,212.35883088101863
3,2,knn,203,21.0,13.146111769131403
3,2,knn,20,30.0,30.65498799237122
3,2,knn,71,64.0,64.59166150517335
3,2,knn,127,56.0,62.364844489545185
3,2,knn,172,41.0,48.726215211292256
3,2,knn,182,11.0,24.776615870489795
3,2,knn,93,132.0,74.47078655262956
3,2,knn,7,489.0,465.000014551067
3,2,knn,141,60.0,45.1878817960801
3,2,knn,64,144.0,143.84184968124552
3,2,knn,74,44.0,23.89894106841034
3,2,knn,94,237.0,167.26272068770677
3,2,knn,159,17.0,28.31500169889107
3,2,knn,191,248.0,324.48085173962454
3,2,knn,88,134.0,114.12414247537288
3,2,knn,143,66.0,58.02199632411635
3,2,knn,120,100.0,86.51868684284206
3,2,knn,190,173.0,147.238070400405
3,2,knn,126,45.0,49.66329831040602
3,2,knn,78,36.0,22.89932928873536
3,2,knn,132,26.0,37.324328634001034
3,2,knn,208,45.0,22.438647894109526
3,2,knn,193,70.0,48.89952786630408
3,2,knn,21,33.0,40.09960103779743
3,2,knn,188,113.0,123.0823601586452
3,2,knn,206,52.0,41.95369795056275
3,2,knn,175,50.0,73.30059045465649
3,2,knn,176,30.0,15.887256430428053
3,2,knn,128,70.0,79.83402937609443
3,2,knn,30,274.0,367.99999973991635
3,2,knn,139,40.0,30.48141982385087
3,2,knn,40,36.0,42.32611995477766
3,2,knn,136,65.0,54.039066304524674
3,2,knn,186,130.0,130.9148387742574
3,2,knn,158,12.0,26.054767476179556
3,2,knn,199,1150.0,915.0
3,2,knn,13,138.0,92.06853801003741
3,2,knn,2,220.0,220.50896865816267
3,2,knn,177,32.0,23.209078111775803
3,2,knn,45,72.0,52.377470319131156
3,2,knn,35,208.0,212.36800071268084
3,2,knn,204,42.0,44.27105450362708
3,2,knn,105,32.0,35.486993289624145
3,2,knn,92,22.0,34.97485675823787
3,2,knn,28,77.0,28.814893230553402
3,2,knn,85,29.0,26.460231460569677
3,2,edited,36,20.0,28.46517795022136
3,2,edited,76,45.0,29.93037104237143
3,2,edited,86,40.0,29.86680197581853
3,2,edited,134,45.0,59.57652398554681
3,2,edited,202,18.0,16.226337243406594
3,2,edited,96,465.0,464.9702260927869
3,2,edited,61,22.0,14.184317634132004
3,2,edited,116,66.0,75.49143492026704
3,2,edited,65,259.0,101.64641327621854
3,2,edited,119,66.0,55.34763704501033
3,2,edited,41,40.0,56.37571071387335
3,2,edited,11,40.0,30.045045175749856
3,2,edited,83,16.0,23.502769807336698
3,2,edited,144,86.0,71.16672735993374
3,2,edited,8,636.0,467.40070356872695
3,2,edited,14,10.0,25.424469732487022
3,2,edited,124,20.0,17.53147014962584
3,2,edited,111,37.0,16.64149329569667
3,2,edited,140,62.0,45.986061031508726
3,2,edited,165,51.0,47.547389547946466
3,2,edited,6,367.0,465.0042913729546
3,2,edited,48,40.0,31.602555247510704
3,2,edited,122,12.0,13.00219708039404
3,2,edited,137,30.0,38.01154456662634
3,2,edited,171,30.0,27.69715837435609
3,2,edited,174,50.0,26.766584289420127
3,2,edited,106,32.0,31.314613931053323
3,2,edited,207,67.0,26.058495621051087
3,2,edited,25,69.0,25.23656686859022
3,2,edited,179,60.0,48.44750191144335
3,2,edited,157,8.0,25.94160125014825
3,2,edited,180,109.0,47.77301951119578
3,2,edited,23,76.0,60.979945550486924
3,2,edited,170,25.0,24.79386739713483
3,2,edited,102,7.0,13.002362554837912
3,2,edited,109,18.0,18.98949122472546
3,2,edited,59,20.0,14.184317634132004
3,2,edited,123,18.0,13.00244752020162
3,2,edited,147,111.0,94.61735062855765
3,2,edited,75,50.0,48.20330424460879
3,2,edited,91,189.0,75.05027579201234
3,2,edited,55,60.0,54.01491119139387
3,2,edited,18,31.0,25.655990777161996
3,2,edited,29,27.0,28.51730882819681
3,2,edited,12,92.0,57.393283088848456
3,2,edited,51,24.0,18.043806388282437
3,2,edited,189,188.0,135.92143806170367
3,2,edited,181,6.0,26.7225644394215
3,2,edited,100,24.0,26.040391245289946
3,2,edited,73,36.0,26.03878949199073
3,2,edited,150,214.0,113.2063540380742
3,2,edited,52,138.0,69.88864051295195
3,2,edited,164,46.0,47.03745032185879
3,2,edited,131,16.0,40.732710101386694
3,2,edited,54,26.0,37.511067599613476
3,2,edited,173,25.0,28.583597125240885
3,2,edited,201,14.0,19.140019663790802
3,2,edited,34,106.0,95.22189859375385
3,2,edited,203,21.0,19.140019663790802
3,2,edited,20,30.0,33.88387469419367
3,2,edited,71,64.0,57.07762592490599
3,2,edited,127,56.0,53.463864952186604
3,2,edited,172,41.0,52.800220956170655
3,2,edited,182,11.0,27.87986924596223
3,2,edited,93,132.0,69.49542798090596
3,2,edited,7,489.0,465.0042913729546
3,2,edited,141,60.0,45.986061031508726
3,2,edited,64,144.0,88.75131982120637
3,2,edited,74,44.0,26.41595605535977
3,2,edited,94,237.0,144.28785311865443
3,2,edited,159,17.0,29.395562913945636
3,2,edited,191,248.0,324.5806908858217
3,2,edited,88,134.0,80.7940339455027
3,2,edited,143,66.0,58.10803909538931
3,2,edited,120,100.0,68.91199623476379
3,2,edited,190,173.0,284.63846844032963
3,2,edited,126,45.0,46.347258348098634
3,2,edited,78,36.0,24.993028666165547
3,2,edited,132,26.0,40.82906637916682
3,2,edited,208,45.0,21.969320323411317
3,2,edited,193,70.0,48.36603695798631
3,2,edited,21,33.0,41.29648783176104
3,2,edited,188,113.0,74.95007555911093
3,2,edited,206,52.0,42.08724873919083
3,2,edited,175,50.0,67.01275061915973
3,2,edited,176,30.0,24.10593561015603
3,2,edited,128,70.0,78.18239525258906
3,2,edited,30,274.0,107.21900528613284
3,2,edited,139,40.0,32.68630521236775
3,2,edited,40,36.0,42.402063117281855
3,2,edited,136,65.0,64.27225188130578
3,2,edited,186,130.0,74.50286418929464
3,2,edited,158,12.0,27.031219313360825
3,2,edited,199,1150.0,58.193883926392175
3,2,edited,13,138.0,91.30793645544466
3,2,edited,2,220.0,324.4649910833155
3,2,edited,177,32.0,24.922116521234724
3,2,edited,45,72.0,48.67975006414216
3,2,edited,35,208.0,95.59235706791927
3,2,edited,204,42.0,42.88312584777039
3,2,edited,105,32.0,31.93526313296332
3,2,edited,92,22.0,34.94413164517893
3,2,edited,28,77.0,27.994809043053774
3,2,edited,85,29.0,29.84759814854425
3,2,condensed,36,20.0,28.252504246184845
3,2,condensed,76,45.0,26.366687099944908
3,2,condensed,86,40.0,26.15945527195633
3,2,condensed,134,45.0,57.596626872299815
3,2,condensed,202,18.0,12.399161546350777
3,2,condensed,96,465.0,465.00073010915577
3,2,condensed,61,22.0,14.024522741958053
3,2,condensed,116,66.0,75.98744715366509
3,2,condensed,65,259.0,144.16237252101843
3,2,condensed,119,66.0,54.00800465815505
3,2,condensed,41,40.0,56.04626662822355
3,2,condensed,11,40.0,33.805246016364926
3,2,condensed,83,16.0,21.190770952840563
3,2,condensed,144,86.0,81.10857720268501
3,2,condensed,8,636.0,465.6098666184404
3,2,condensed,14,10.0,25.624470921079237
3,2,condensed,124,20.0,18.447541603546096
3,2,condensed,111,37.0,18.19077543433035
3,2,condensed,140,62.0,45.1878817960801
3,2,condensed,165,51.0,115.99237554648155
3,2,condensed,6,367.0,465.000014551067
3,2,condensed,48,40.0,31.55071382790606
3,2,condensed,122,12.0,13.000026205741985
3,2,condensed,137,30.0,38.00010764281139
3,2,condensed,171,30.0,20.88633228594519
3,2,condensed,174,50.0,24.87451492231693
3,2,condensed,106,32.0,30.869137908124593
3,2,condensed,207,67.0,26.744320288455192
3,2,condensed,25,69.0,25.32518286748396
3,2,condensed,179,60.0,50.44963188212627
3,2,condensed,157,8.0,23.66156016662948
3,2,condensed,180,109.0,46.6813911510935
3,2,condensed,23,76.0,60.99984684150235
3,2,condensed,170,25.0,18.465111469464542
3,2,condensed,102,7.0,13.000039526734533
3,2,condensed,109,18.0,21.21610450217564
3,2,condensed,59,20.0,14.024522741958053
3,2,condensed,123,18.0,13.000029318383737
3,2,condensed,147,111.0,93.28684349370788
3,2,condensed,75,50.0,48.974812781376755
3,2,condensed,91,189.0,140.99999956217215
3,2,condensed,55,60.0,53.713289414973296
3,2,condensed,18,31.0,22.403454411221123
3,2,condensed,29,27.0,29.754248333080888
3,2,condensed,12,92.0,54.52458633729775
3,2,condensed,51,24.0,18.14608681196499
3,2,condensed,189,188.0,131.7924010466177
3,2,condensed,181,6.0,23.84231786193363
3,2,condensed,100,24.0,20.98981747772624
3,2,condensed,73,36.0,23.94493892470709
3,2,condensed,150,214.0,132.0069249543055
3,2,condensed,52,138.0,74.35109681595578
3,2,condensed,164,46.0,43.4849753924708
3,2,condensed,131,16.0,41.76121445408191
3,2,condensed,54,26.0,39.1236883564761
3,2,condensed,173,25.0,26.195572929943342
3,2,condensed,201,14.0,13.146111769131403
3,2,condensed,34,106.0,212.35883088101863
3,2,condensed,203,21.0,13.146111769131403
3,2,condensed,20,30.0,30.65498799237122
3,2,condensed,71,64.0,64.59166150517335
3,2,condensed,127,56.0,62.364844489545185
3,2,condensed,172,41.0,48.72621521129227
3,2,condensed,182,11.0,24.776615870489795
3,2,condensed,93,132.0,74.47078655262956
3,2,condensed,7,489.0,465.000014551067
3,2,condensed,141,60.0,45.1878817960801
3,2,condensed,64,144.0,143.84184968124552
3,2,condensed,74,44.0,23.89894106841034
3,2,condensed,94,237.0,167.26272068770675
3,2,condensed,159,17.0,28.31500169889107
3,2,condensed,191,248.0,324.48085173962454
3,2,condensed,88,134.0,114.12414247537288
3,2,condensed,143,66.0,58.02199632411635
3,2,condensed,120,100.0,86.51868684284206
3,2,condensed,190,173.0,147.23807040040498
3,2,condensed,126,45.0,49.66329831040602
3,2,condensed,78,36.0,22.89932928873536
3,2,condensed,132,26.0,37.324328634001034
3,2,condensed,208,45.0,22.438647894109526
3,2,condensed,193,70.0,48.89952786630408
3,2,condensed,21,33.0,40.09960103779743
3,2,condensed,188,113.0,123.0823601586452
3,2,condensed,206,52.0,41.95369795056275
3,2,condensed,175,50.0,73.30059045465649
3,2,condensed,176,30.0,15.887256430428053
3,2,condensed,128,70.0,79.83402937609443
3,2,condensed,30,274.0,367.99999973991635
3,2,condensed,139,40.0,30.48141982385087
3,2,condensed,40,36.0,42.32611995477766
3,2,condensed,136,65.0,54.039066304524674
3,2,condensed,186,130.0,130.9148387742574
3,2,condensed,158,12.0,26.054767476179556
3,2,condensed,199,1150.0,915.0
3,2,condensed,13,138.0,92.06853801003741
3,2,condensed,2,220.0,220.5089686581627
3,2,condensed,177,32.0,23.209078111775803
3,2,condensed,45,72.0,52.377470319131156
3,2,condensed,35,208.0,212.36800071268084
3,2,condensed,204,42.0,44.279902953025285
3,2,condensed,105,32.0,35.486993289624145
3,2,condensed,92,22.0,34.97485675823787
3,2,condensed,28,77.0,28.814893230553402
3,2,condensed,85,29.0,26.460231460569677
4,1,null,45,72.0,113.41346153846153
4,1,null,162,34.0,113.41346153846153
4,1,null,39,26.0,113.41346153846153
4,1,null,168,140.0,113.41346153846153
4,1,null,58,14.0,113.41346153846153
4,1,null,94,237.0,113.41346153846153
4,1,null,167,100.0,113.41346153846153
4,1,null,158,12.0,113.41346153846153
4,1,null,202,18.0,113.41346153846153
4,1,null,155,326.0,113.41346153846153
4,1,null,52,138.0,113.41346153846153
4,1,null,10,38.0,113.41346153846153
4,1,null,165,51.0,113.41346153846153
4,1,null,132,26.0,113.41346153846153
4,1,null,143,66.0,113.41346153846153
4,1,null,119,66.0,113.41346153846153
4,1,null,193,70.0,113.41346153846153
4,1,null,28,77.0,113.41346153846153
4,1,null,63,144.0,113.41346153846153
4,1,null,139,40.0,113.41346153846153
4,1,null,125,27.0,113.41346153846153
4,1,null,112,40.0,113.41346153846153
4,1,null,121,133.0,113.41346153846153
4,1,null,69,32.0,113.41346153846153
4,1,null,174,50.0,113.41346153846153
4,1,null,74,44.0,113.41346153846153
4,1,null,80,16.0,113.41346153846153
4,1,null,199,1150.0,113.41346153846153
4,1,null,186,130.0,113.41346153846153
4,1,null,57,12.0,113.41346153846153
4,1,null,183,22.0,113.41346153846153
4,1,null,97,277.0,113.41346153846153
4,1,null,18,31.0,113.41346153846153
4,1,null,101,45.0,113.41346153846153
4,1,null,71,64.0,113.41346153846153
4,1,null,104,16.0,113.41346153846153
4,1,null,77,53.0,113.41346153846153
4,1,null,34,106.0,113.41346153846153
4,1,null,136,65.0,113.41346153846153
4,1,null,0,198.0,113.41346153846153
4,1,null,134,45.0,113.41346153846153
4,1,null,92,22.0,113.41346153846153
4,1,null,60,16.0,113.41346153846153
4,1,null,3,172.0,113.41346153846153
4,1,null,166,116.0,113.41346153846153
4,1,null,4,132.0,113.41346153846153
4,1,null,126,45.0,113.41346153846153
4,1,null,22,61.0,113.41346153846153
4,1,null,59,20.0,113.41346153846153
4,1,null,46,18.0,113.41346153846153
4,1,null,196,307.0,113.41346153846153
4,1,null,170,25.0,113.41346153846153
4,1,null,62,36.0,113.41346153846153
4,1,null,123,18.0,113.41346153846153
4,1,null,148,143.0,113.41346153846153
4,1,null,163,42.0,113.41346153846153
4,1,null,44,72.0,113.41346153846153
4,1,null,111,37.0,113.41346153846153
4,1,null,204,42.0,113.41346153846153
4,1,null,153,510.0,113.41346153846153
4,1,null,161,24.0,113.41346153846153
4,1,null,190,173.0,113.41346153846153
4,1,null,12,92.0,113.41346153846153
4,1,null,195,208.0,113.41346153846153
4,1,null,110,22.0,113.41346153846153
4,1,null,133,32.0,113.41346153846153
4,1,null,49,62.0,113.41346153846153
4,1,null,89,66.0,113.41346153846153
4,1,null,159,17.0,113.41346153846153
4,1,null,205,46.0,113.41346153846153
4,1,null,175,50.0,113.41346153846153
4,1,null,32,32.0,113.41346153846153
4,1,null,70,62.0,113.41346153846153
4,1,null,184,33.0,113.41346153846153
4,1,null,147,111.0,113.41346153846153
4,1,null,164,46.0,113.41346153846153
4,1,null,90,141.0,113.41346153846153
4,1,null,108,11.0,113.41346153846153
4,1,null,67,26.0,113.41346153846153
4,1,null,191,248.0,113.41346153846153
4,1,null,40,36.0,113.41346153846153
4,1,null,43,60.0,113.41346153846153
4,1,null,130,136.0,113.41346153846153
4,1,null,198,915.0,113.41346153846153
4,1,null,114,50.0,113.41346153846153
4,1,null,76,45.0,113.41346153846153
4,1,null,200,12.0,113.41346153846153
4,1,null,142,50.0,113.41346153846153
4,1,null,188,113.0,113.41346153846153
4,1,null,150,214.0,113.41346153846153
4,1,null,78,36.0,113.41346153846153
4,1,null,56,71.0,113.41346153846153
4,1,null,48,40.0,113.41346153846153
4,1,null,109,18.0,113.41346153846153
4,1,null,102,7.0,113.41346153846153
4,1,null,141,60.0,113.41346153846153
4,1,null,14,10.0,113.41346153846153
4,1,null,86,40.0,113.41346153846153
4,1,null,6,367.0,113.41346153846153
4,1,null,1,269.0,113.41346153846153
4,1,null,33,63.0,113.41346153846153
4,1,null,176,30.0,113.41346153846153
4,1,null,47,20.0,113.41346153846153
4,1,null,173,25.0,113.41346153846153
4,1,null,99,6.0,113.41346153846153
4,1,knn,45,72.0,44.84931696745175
4,1,knn,162,34.0,49.779383962863776
4,1,knn,39,26.0,22.620210082263924
4,1,knn,168,140.0,242.2417741069615
4,1,knn,58,14.0,20.266148730111343
4,1,knn,94,237.0,196.10028622098375
4,1,knn,167,100.0,115.64422927844055
4,1,knn,158,12.0,18.965565048106424
4,1,knn,202,18.0,20.015780531955897
4,1,knn,155,326.0,282.7187832215165
4,1,knn,52,138.0,70.36961340483542
4,1,knn,10,38.0,40.32692854694952
4,1,knn,165,51.0,139.45687575121826
4,1,knn,132,26.0,51.617834829511196
4,1,knn,143,66.0,65.7284489639663
4,1,knn,119,66.0,56.32747096694659
4,1,knn,193,70.0,52.36404911248262
4,1,knn,28,77.0,34.37266289863245
4,1,knn,63,144.0,104.11838537636055
4,1,knn,139,40.0,22.591736013676343
4,1,knn,125,27.0,30.16433203706397
4,1,knn,112,40.0,28.246457030868974
4,1,knn,121,133.0,89.25440703047808
4,1,knn,69,32.0,42.94602748890007
4,1,knn,174,50.0,24.618668689349015
4,1,knn,74,44.0,31.071687442628466
4,1,knn,80,16.0,32.18740076073574
4,1,knn,199,1150.0,198.5257504763376
4,1,knn,186,130.0,77.99791129384992
4,1,knn,57,12.0,20.266148730111343
4,1,knn,183,22.0,25.41947760455489
4,1,knn,97,277.0,188.7854319854016
4,1,knn,18,31.0,24.37073159603742
4,1,knn,101,45.0,36.16394447952627
4,1,knn,71,64.0,50.12925946526278
4,1,knn,104,16.0,30.598903734467804
4,1,knn,77,53.0,50.51226795934942
4,1,knn,34,106.0,171.6257696115636
4,1,knn,136,65.0,75.30533782966408
4,1,knn,0,198.0,242.15548466153425
4,1,knn,134,45.0,59.11796789687478
4,1,knn,92,22.0,43.2615075526382
4,1,knn,60,16.0,20.266148730111343
4,1,knn,3,172.0,279.14401151157523
4,1,knn,166,116.0,139.45687575121826
4,1,knn,4,132.0,179.07325022964577
4,1,knn,126,45.0,42.888543013439104
4,1,knn,22,61.0,42.47474068974261
4,1,knn,59,20.0,20.266148730111343
4,1,knn,46,18.0,20.14913225350995
4,1,knn,196,307.0,339.3586090472217
4,1,knn,170,25.0,19.040446870061235
4,1,knn,62,36.0,27.36612100489539
4,1,knn,123,18.0,15.206210983609534
4,1,knn,148,143.0,113.98844095395837
4,1,knn,163,42.0,53.615770380860845
4,1,knn,44,72.0,49.205709214572536
4,1,knn,111,37.0,17.944701183619596
4,1,knn,204,42.0,36.092287891497655
4,1,knn,153,510.0,431.1603238690235
4,1,knn,161,24.0,43.199118626173686
4,1,knn,190,173.0,239.12420594825014
4,1,knn,12,92.0,84.54585145012574
4,1,knn,195,208.0,247.09609873062328
4,1,knn,110,22.0,17.945037300135315
4,1,knn,133,32.0,51.23011353894309
4,1,knn,49,62.0,32.2547863228715
4,1,knn,89,66.0,74.37518172531581
4,1,knn,159,17.0,18.849470976876844
4,1,knn,205,46.0,67.86977313727556
4,1,knn,175,50.0,59.733511737275705
4,1,knn,32,32.0,108.64212950001664
4,1,knn,70,62.0,41.99139634111375
4,1,knn,184,33.0,53.65196543669441
4,1,knn,147,111.0,89.44001078161754
4,1,knn,164,46.0,58.09167215559356
4,1,knn,90,141.0,159.7551059305562
4,1,knn,108,11.0,17.901714833579273
4,1,knn,67,26.0,21.004890525592064
4,1,knn,191,248.0,276.5073652844042
4,1,knn,40,36.0,38.63772088577587
4,1,knn,43,60.0,57.93893490791745
4,1,knn,130,136.0,93.82387889913733
4,1,knn,198,915.0,234.06197108732925
4,1,knn,114,50.0,38.42192762357226
4,1,knn,76,45.0,30.742173408603623
4,1,knn,200,12.0,20.015780531955897
4,1,knn,142,50.0,42.85751537574495
4,1,knn,188,113.0,78.38262638881817
4,1,knn,150,214.0,179.08592803260922
4,1,knn,78,36.0,30.972120979967624
4,1,knn,56,71.0,30.24290371261389
4,1,knn,48,40.0,26.438016217092667
4,1,knn,109,18.0,17.940974119228986
4,1,knn,102,7.0,17.706997259346092
4,1,knn,141,60.0,61.537918123189186
4,1,knn,14,10.0,35.85737123860824
4,1,knn,86,40.0,34.13407268667118
4,1,knn,6,367.0,427.59013121891934
4,1,knn,1,269.0,279.14401151157523
4,1,knn,33,63.0,108.64212950001664
4,1,knn,176,30.0,19.422876025928517
4,1,knn,47,20.0,20.199319260429995
4,1,knn,173,25.0,23.192186365319863
4,1,knn,99,6.0,40.39831142985396
4,1,edited,45,72.0,55.01293529483472
4,1,edited,162,34.0,38.30958143465905
4,1,edited,39,26.0,24.697721511934315
4,1,edited,168,140.0,184.5235341932672
4,1,edited,58,14.0,22.71121225602629
4,1,edited,94,237.0,210.88182514142423
4,1,edited,167,100.0,114.24366061602687
4,1,edited,158,12.0,13.582549611470782
4,1,edited,202,18.0,17.5
4,1,edited,155,326.0,323.3684706782676
4,1,edited,52,138.0,70.95939329938123
4,1,edited,10,38.0,36.01774095331629
4,1,edited,165,51.0,199.22628686940857
4,1,edited,132,26.0,56.12340584291511
4,1,edited,143,66.0,78.58179533851012
4,1,edited,119,66.0,44.660990455296876
4,1,edited,193,70.0,44.492915370395025
4,1,edited,28,77.0,29.854850729900587
4,1,edited,63,144.0,134.34031736110433
4,1,edited,139,40.0,25.058626758440482
4,1,edited,125,27.0,24.89675375580544
4,1,edited,112,40.0,29.85832270026573
4,1,edited,121,133.0,76.504119333021
4,1,edited,69,32.0,33.54009423077023
4,1,edited,174,50.0,23.11203986127129
4,1,edited,74,44.0,31.535989447327154
4,1,edited,80,16.0,19.0
4,1,edited,199,1150.0,34.85842496235827
4,1,edited,186,130.0,70.82649246924585
4,1,edited,57,12.0,22.71121225602629
4,1,edited,183,22.0,25.472126713655612
4,1,edited,97,277.0,217.97645331183531
4,1,edited,18,31.0,24.64957035792703
4,1,edited,101,45.0,37.024065852913196
4,1,edited,71,64.0,53.55364071823716
4,1,edited,104,16.0,33.66371750771347
4,1,edited,77,53.0,68.28626212197267
4,1,edited,34,106.0,209.7778948533623
4,1,edited,136,65.0,68.01335945504292
4,1,edited,0,198.0,321.0
4,1,edited,134,45.0,46.175329466051664
4,1,edited,92,22.0,36.149950635711235
4,1,edited,60,16.0,22.71121225602629
4,1,edited,3,172.0,246.43477866960353
4,1,edited,166,116.0,199.22628686940857
4,1,edited,4,132.0,194.52197925036285
4,1,edited,126,45.0,63.482569972827974
4,1,edited,22,61.0,64.8240182491067
4,1,edited,59,20.0,22.71121225602629
4,1,edited,46,18.0,15.98997537890892
4,1,edited,196,307.0,397.0171088217806
4,1,edited,170,25.0,26.890446686185285
4,1,edited,62,36.0,23.551411386138106
4,1,edited,123,18.0,12.103380630231328
4,1,edited,148,143.0,84.45450580793302
4,1,edited,163,42.0,52.351375906853434
4,1,edited,44,72.0,55.009296759163405
4,1,edited,111,37.0,15.582357404269372
4,1,edited,204,42.0,31.874718900157
4,1,edited,153,510.0,477.33358146605576
4,1,edited,161,24.0,38.016306184710686
4,1,edited,190,173.0,211.00594004588618
4,1,edited,12,92.0,50.26159135243755
4,1,edited,195,208.0,210.3575519693835
4,1,edited,110,22.0,14.8723434554717
4,1,edited,133,32.0,56.09969916321908
4,1,edited,49,62.0,47.68326582679734
4,1,edited,89,66.0,56.18254360713155
4,1,edited,159,17.0,24.78516010909271
4,1,edited,205,46.0,83.07139974556682
4,1,edited,175,50.0,71.03966569738306
4,1,edited,32,32.0,131.19231680097457
4,1,edited,70,62.0,44.46584014358393
4,1,edited,184,33.0,80.29999804022736
4,1,edited,147,111.0,85.67954299858893
4,1,edited,164,46.0,46.03523244974566
4,1,edited,90,141.0,180.07692007773372
4,1,edited,108,11.0,14.439060838853088
4,1,edited,67,26.0,23.726212464899238
4,1,edited,191,248.0,323.54756623257657
4,1,edited,40,36.0,42.7700053939742
4,1,edited,43,60.0,46.178768622750894
4,1,edited,130,136.0,112.0698799559718
4,1,edited,198,915.0,34.84166585503261
4,1,edited,114,50.0,42.95494367237301
4,1,edited,76,45.0,22.524072158295464
4,1,edited,200,12.0,17.5
4,1,edited,142,50.0,63.475462980028716
4,1,edited,188,113.0,64.64120016839873
4,1,edited,150,214.0,194.5820351977395
4,1,edited,78,36.0,30.98741146505893
4,1,edited,56,71.0,42.46178992254864
4,1,edited,48,40.0,30.112557246642115
4,1,edited,109,18.0,14.815205064719702
4,1,edited,102,7.0,12.481564398049743
4,1,edited,141,60.0,57.59513105503856
4,1,edited,14,10.0,43.17853242477963
4,1,edited,86,40.0,30.265242670691627
4,1,edited,6,367.0,479.80984514044394
4,1,edited,1,269.0,246.43477866960353
4,1,edited,33,63.0,131.19231680097457
4,1,edited,176,30.0,17.5
4,1,edited,47,20.0,20.97914941181468
4,1,edited,173,25.0,20.478371303784783
4,1,edited,99,6.0,42.68596207732425
4,1,condensed,45,72.0,63.52314692442625
4,1,condensed,162,34.0,65.85199000661116
4,1,condensed,39,26.0,61.87622000975356
4,1,condensed,168,140.0,277.82789303071974
4,1,condensed,58,14.0,43.5673188844632
4,1,condensed,94,237.0,244.6486750387049
4,1,condensed,167,100.0,201.68436133542997
4,1,condensed,158,12.0,62.74610258846531
4,1,condensed,202,18.0,43.218153471995734
4,1,condensed,155,326.0,284.2659771482368
4,1,condensed,52,138.0,64.02811296819621
4,1,condensed,10,38.0,43.21272275291868
4,1,condensed,165,51.0,115.19250229758022
4,1,condensed,132,26.0,61.34626323592988
4,1,condensed,143,66.0,87.80253820952046
4,1,condensed,119,66.0,84.10656289461346
4,1,condensed,193,70.0,63.823463033758486
4,1,condensed,28,77.0,43.25964192603126
4,1,condensed,63,144.0,119.30590193546617
4,1,condensed,139,40.0,61.36505033065681
4,1,condensed,125,27.0,64.10084177523858
4,1,condensed,112,40.0,42.86565813807126
4,1,condensed,121,133.0,131.58484725056218
4,1,condensed,69,32.0,62.13865828787314
4,1,condensed,174,50.0,62.19532187902483
4,1,condensed,74,44.0,60.71135060233379
4,1,condensed,80,16.0,43.12260112072415
4,1,condensed,199,1150.0,282.8940147210973
4,1,condensed,186,130.0,91.4296842859364
4,1,condensed,57,12.0,43.5673188844632
4,1,condensed,183,22.0,63.290161977967735
4,1,condensed,97,277.0,226.72929912068912
4,1,condensed,18,31.0,61.719086058695254
4,1,condensed,101,45.0,60.68815444938169
4,1,condensed,71,64.0,63.87616334870273
4,1,condensed,104,16.0,43.32976312501504
4,1,condensed,77,53.0,62.24584065289142
4,1,condensed,34,106.0,176.8512492644717
4,1,condensed,136,65.0,104.73848612479475
4,1,condensed,0,198.0,216.04046779746957
4,1,condensed,134,45.0,68.73046280601184
4,1,condensed,92,22.0,61.867434678591806
4,1,condensed,60,16.0,43.5673188844632
4,1,condensed,3,172.0,265.8131953531134
4,1,condensed,166,116.0,115.19250229758022
4,1,condensed,4,132.0,225.90796347714976
4,1,condensed,126,45.0,65.27478491396671
4,1,condensed,22,61.0,96.81114467106795
4,1,condensed,59,20.0,43.5673188844632
4,1,condensed,46,18.0,43.369067173251864
4,1,condensed,196,307.0,380.9392955506627
4,1,condensed,170,25.0,43.0586563831771
4,1,condensed,62,36.0,62.26120898250769
4,1,condensed,123,18.0,43.47308848663505
4,1,condensed,148,143.0,133.34140235124073
4,1,condensed,163,42.0,83.60226306020091
4,1,condensed,44,72.0,65.18129285775586
4,1,condensed,111,37.0,59.53149342085653
4,1,condensed,204,42.0,63.58884899533644
4,1,condensed,153,510.0,388.4318343402241
4,1,condensed,161,24.0,64.47223644284792
4,1,condensed,190,173.0,267.3565423587237
4,1,condensed,12,92.0,69.3927717615929
4,1,condensed,195,208.0,268.35618798358166
4,1,condensed,110,22.0,43.44317052696296
4,1,condensed,133,32.0,61.78985468887049
4,1,condensed,49,62.0,43.336260273404434
4,1,condensed,89,66.0,61.2288950100717
4,1,condensed,159,17.0,63.29634717960327
4,1,condensed,205,46.0,62.96273869546424
4,1,condensed,175,50.0,65.22716163766925
4,1,condensed,32,32.0,111.1318770046107
4,1,condensed,70,62.0,63.72725735080153
4,1,condensed,184,33.0,63.85248105821522
4,1,condensed,147,111.0,127.57692607249143
4,1,condensed,164,46.0,86.01737453613242
4,1,condensed,90,141.0,230.24311233414966
4,1,condensed,108,11.0,43.41485340827136
4,1,condensed,67,26.0,62.35812101651344
4,1,condensed,191,248.0,277.4982010835776
4,1,condensed,40,36.0,64.800729255678
4,1,condensed,43,60.0,85.65321279015625
4,1,condensed,130,136.0,95.0632741355928
4,1,condensed,198,915.0,297.23993341193807
4,1,condensed,114,50.0,63.715014823288506
4,1,condensed,76,45.0,60.862602394409315
4,1,condensed,200,12.0,43.218153471995734
4,1,condensed,142,50.0,64.23810885974187
4,1,condensed,188,113.0,89.22735539917386
4,1,condensed,150,214.0,205.5635842414474
4,1,condensed,78,36.0,60.53859184135892
4,1,condensed,56,71.0,43.338258655438295
4,1,condensed,48,40.0,43.40719168710629
4,1,condensed,109,18.0,43.44976183549664
4,1,condensed,102,7.0,43.45048688190415
4,1,condensed,141,60.0,63.82454691155896
4,1,condensed,14,10.0,43.128882335642324
4,1,condensed,86,40.0,63.13961092048554
4,1,condensed,6,367.0,351.77894106460525
4,1,condensed,1,269.0,265.8131953531134
4,1,condensed,33,63.0,111.1318770046107
4,1,condensed,176,30.0,43.164871870412064
4,1,condensed,47,20.0,43.46067444338767
4,1,condensed,173,25.0,43.14129299597348
4,1,condensed,99,6.0,43.25384849933195
4,2,null,88,134.0,97.9047619047619
4,2,null,66,17.0,97.9047619047619
4,2,null,152,370.0,97.9047619047619
4,2,null,93,132.0,97.9047619047619
4,2,null,135,54.0,97.9047619047619
4,2,null,178,38.0,97.9047619047619
4,2,null,105,32.0,97.9047619047619
4,2,null,113,34.0,97.9047619047619
4,2,null,206,52.0,97.9047619047619
4,2,null,27,27.0,97.9047619047619
4,2,null,36,20.0,97.9047619047619
4,2,null,197,397.0,97.9047619047619
4,2,null,64,144.0,97.9047619047619
4,2,null,182,11.0,97.9047619047619
4,2,null,53,36.0,97.9047619047619
4,2,null,145,74.0,97.9047619047619
4,2,null,122,12.0,97.9047619047619
4,2,null,131,16.0,97.9047619047619
4,2,null,65,259.0,97.9047619047619
4,2,null,17,28.0,97.9047619047619
4,2,null,15,35.0,97.9047619047619
4,2,null,179,60.0,97.9047619047619
4,2,null,180,109.0,97.9047619047619
4,2,null,127,56.0,97.9047619047619
4,2,null,7,489.0,97.9047619047619
4,2,null,201,14.0,97.9047619047619
4,2,null,38,71.0,97.9047619047619
4,2,null,117,24.0,97.9047619047619
4,2,null,171,30.0,97.9047619047619
4,2,null,187,75.0,97.9047619047619
4,2,null,181,6.0,97.9047619047619
4,2,null,137,30.0,97.9047619047619
4,2,null,2,220.0,97.9047619047619
4,2,null,115,76.0,97.9047619047619
4,2,null,151,277.0,97.9047619047619
4,2,null,208,45.0,97.9047619047619
4,2,null,37,29.0,97.9047619047619
4,2,null,207,67.0,97.9047619047619
4,2,null,20,30.0,97.9047619047619
4,2,null,42,52.0,97.9047619047619
4,2,null,177,32.0,97.9047619047619
4,2,null,24,23.0,97.9047619047619
4,2,null,79,84.0,97.9047619047619
4,2,null,91,189.0,97.9047619047619
4,2,null,61,22.0,97.9047619047619
4,2,null,8,636.0,97.9047619047619
4,2,null,124,20.0,97.9047619047619
4,2,null,85,29.0,97.9047619047619
4,2,null,25,69.0,97.9047619047619
4,2,null,140,62.0,97.9047619047619
4,2,null,154,214.0,97.9047619047619
4,2,null,11,40.0,97.9047619047619
4,2,null,189,188.0,97.9047619047619
4,2,null,23,76.0,97.9047619047619
4,2,null,95,465.0,97.9047619047619
4,2,null,156,510.0,97.9047619047619
4,2,null,50,24.0,97.9047619047619
4,2,null,107,11.0,97.9047619047619
4,2,null,51,24.0,97.9047619047619
4,2,null,87,35.0,97.9047619047619
4,2,null,21,33.0,97.9047619047619
4,2,null,172,41.0,97.9047619047619
4,2,null,116,66.0,97.9047619047619
4,2,null,75,50.0,97.9047619047619
4,2,null,100,24.0,97.9047619047619
4,2,null,169,212.0,97.9047619047619
4,2,null,103,13.0,97.9047619047619
4,2,null,26,33.0,97.9047619047619
4,2,null,149,105.0,97.9047619047619
4,2,null,83,16.0,97.9047619047619
4,2,null,13,138.0,97.9047619047619
4,2,null,120,100.0,97.9047619047619
4,2,null,16,19.0,97.9047619047619
4,2,null,185,58.0,97.9047619047619
4,2,null,138,50.0,97.9047619047619
4,2,null,9,1144.0,97.9047619047619
4,2,null,84,22.0,97.9047619047619
4,2,null,5,318.0,97.9047619047619
4,2,null,194,114.0,97.9047619047619
4,2,null,106,32.0,97.9047619047619
4,2,null,73,36.0,97.9047619047619
4,2,null,118,49.0,97.9047619047619
4,2,null,82,38.0,97.9047619047619
4,2,null,192,405.0,97.9047619047619
4,2,null,31,368.0,97.9047619047619
4,2,null,54,26.0,97.9047619047619
4,2,null,146,93.0,97.9047619047619
4,2,null,29,27.0,97.9047619047619
4,2,null,55,60.0,97.9047619047619
4,2,null,41,40.0,97.9047619047619
4,2,null,160,21.0,97.9047619047619
4,2,null,30,274.0,97.9047619047619
4,2,null,19,120.0,97.9047619047619
4,2,null,157,8.0,97.9047619047619
4,2,null,98,185.0,97.9047619047619
4,2,null,128,70.0,97.9047619047619
4,2,null,96,465.0,97.9047619047619
4,2,null,72,22.0,97.9047619047619
4,2,null,129,80.0,97.9047619047619
4,2,null,144,86.0,97.9047619047619
4,2,null,35,208.0,97.9047619047619
4,2,null,203,21.0,97.9047619047619
4,2,null,68,32.0,97.9047619047619
4,2,null,81,38.0,97.9047619047619
4,2,knn,88,134.0,140.9897639548576
4,2,knn,66,17.0,25.993140555888715
4,2,knn,152,370.0,325.9999867577339
4,2,knn,93,132.0,66.33002113564241
4,2,knn,135,54.0,64.99996500280218
4,2,knn,178,38.0,31.26602373021342
4,2,knn,105,32.0,36.803798004403106
4,2,knn,113,34.0,39.99942036572442
4,2,knn,206,52.0,40.38821467792668
4,2,knn,27,27.0,65.03910564230718
4,2,knn,36,20.0,15.317425545162424
4,2,knn,197,397.0,307.0
4,2,knn,64,144.0,143.99964749840288
4,2,knn,182,11.0,25.381153756955772
4,2,knn,53,36.0,48.53638810540843
4,2,knn,145,74.0,111.35953923555965
4,2,knn,122,12.0,17.999999999999854
4,2,knn,131,16.0,41.97526867111995
4,2,knn,65,259.0,143.85052802123028
4,2,knn,17,28.0,36.21787636184456
4,2,knn,15,35.0,53.94189820943932
4,2,knn,179,60.0,58.59859946840926
4,2,knn,180,109.0,58.77066199885439
4,2,knn,127,56.0,42.77124679743219
4,2,knn,7,489.0,367.0
4,2,knn,201,14.0,18.07246757281055
4,2,knn,38,71.0,43.871672417611336
4,2,knn,117,24.0,46.131361107881254
4,2,knn,171,30.0,24.18333799263176
4,2,knn,187,75.0,110.68119252933879
4,2,knn,181,6.0,24.429218650963872
4,2,knn,137,30.0,61.00000146287825
4,2,knn,2,220.0,220.50000004511793
4,2,knn,115,76.0,136.35998313854648
4,2,knn,151,277.0,325.99998813732464
4,2,knn,208,45.0,35.48699911165512
4,2,knn,37,29.0,17.891907145481248
4,2,knn,207,67.0,48.7753267509104
4,2,knn,20,30.0,56.6146510935024
4,2,knn,42,52.0,59.99741288734255
4,2,knn,177,32.0,26.19656131015922
4,2,knn,24,23.0,60.33551247591792
4,2,knn,79,84.0,53.08459149083686
4,2,knn,91,189.0,141.0
4,2,knn,61,22.0,15.500151270104611
4,2,knn,8,636.0,367.00221293770113
4,2,knn,124,20.0,18.535325258068074
4,2,knn,85,29.0,37.77870437588225
4,2,knn,25,69.0,33.36374361079188
4,2,knn,140,62.0,59.99615906672385
4,2,knn,154,214.0,108.85191055123936
4,2,knn,11,40.0,41.565687495911156
4,2,knn,189,188.0,174.4112287929295
4,2,knn,23,76.0,61.00003161554306
4,2,knn,95,465.0,367.00000000000034
4,2,knn,156,510.0,509.99999823746276
4,2,knn,50,24.0,15.539849194414073
4,2,knn,107,11.0,11.549502213325464
4,2,knn,51,24.0,16.387499244914014
4,2,knn,87,35.0,22.004152148192148
4,2,knn,21,33.0,38.67099891913857
4,2,knn,172,41.0,91.99784457428463
4,2,knn,116,66.0,136.58385141137427
4,2,knn,75,50.0,51.047694155307184
4,2,knn,100,24.0,24.942092914383856
4,2,knn,169,212.0,234.48764968186975
4,2,knn,103,13.0,7.000005548955997
4,2,knn,26,33.0,68.58378755523947
4,2,knn,149,105.0,33.320080076440725
4,2,knn,83,16.0,20.27421321822879
4,2,knn,13,138.0,110.99828784987541
4,2,knn,120,100.0,128.04921454195681
4,2,knn,16,19.0,30.613037778362916
4,2,knn,185,58.0,41.04596615278395
4,2,knn,138,50.0,48.930221486344436
4,2,knn,9,1144.0,509.0733226641049
4,2,knn,84,22.0,17.36828673113088
4,2,knn,5,318.0,325.9994596398802
4,2,knn,194,114.0,138.98458173745004
4,2,knn,106,32.0,41.69527009468142
4,2,knn,73,36.0,43.81402893740549
4,2,knn,118,49.0,57.69438447380096
4,2,knn,82,38.0,61.02946769516111
4,2,knn,192,405.0,248.039518908699
4,2,knn,31,368.0,140.68187559490144
4,2,knn,54,26.0,43.66312523417312
4,2,knn,146,93.0,111.00062546948229
4,2,knn,29,27.0,76.0741168312077
4,2,knn,55,60.0,118.20639835971626
4,2,knn,41,40.0,59.99778225126599
4,2,knn,160,21.0,28.240331821881913
4,2,knn,30,274.0,140.68187559490144
4,2,knn,19,120.0,143.87162909950035
4,2,knn,157,8.0,12.403071476991213
4,2,knn,98,185.0,172.31763782596556
4,2,knn,128,70.0,83.55069405462783
4,2,knn,96,465.0,367.00000026411834
4,2,knn,72,22.0,30.882226650423686
4,2,knn,129,80.0,83.55069405462783
4,2,knn,144,86.0,74.7840240226642
4,2,knn,35,208.0,106.00000000362792
4,2,knn,203,21.0,18.07246757281055
4,2,knn,68,32.0,32.87829029243613
4,2,knn,81,38.0,61.0520931856416
4,2,edited,88,134.0,85.93559590206233
4,2,edited,66,17.0,27.066137752167226
4,2,edited,152,370.0,175.83487212618573
4,2,edited,93,132.0,67.46809897322515
4,2,edited,135,54.0,75.73319144221436
4,2,edited,178,38.0,31.733442080537362
4,2,edited,105,32.0,35.133121140284544
4,2,edited,113,34.0,37.466723560247004
4,2,edited,206,52.0,42.40000085137352
4,2,edited,27,27.0,34.66629747769129
4,2,edited,36,20.0,26.9328758940294
4,2,edited,197,397.0,183.85017613027475
4,2,edited,64,144.0,87.2042478546411
4,2,edited,182,11.0,35.53252163118115
4,2,edited,53,36.0,43.93309472079001
4,2,edited,145,74.0,85.0713365394921
4,2,edited,122,12.0,18.19861072769063
4,2,edited,131,16.0,42.53329442990135
4,2,edited,65,259.0,110.0043372420628
4,2,edited,17,28.0,44.73245994250522
4,2,edited,15,35.0,60.866631015966306
4,2,edited,179,60.0,47.733811836214734
4,2,edited,180,109.0,48.39982200479977
4,2,edited,127,56.0,39.199996114752224
4,2,edited,7,489.0,171.23160744030898
4,2,edited,201,14.0,33.1319463296414
4,2,edited,38,71.0,39.1999859157435
4,2,edited,117,24.0,36.399717671058106
4,2,edited,171,30.0,34.39899391572379
4,2,edited,187,75.0,65.33528981855653
4,2,edited,181,6.0,32.39922400428022
4,2,edited,137,30.0,68.73158947951298
4,2,edited,2,220.0,175.83018284927695
4,2,edited,115,76.0,61.33556602945934
4,2,edited,151,277.0,175.83489606791161
4,2,edited,208,45.0,32.59881735109519
4,2,edited,37,29.0,28.466507357307872
4,2,edited,207,67.0,39.93330291295699
4,2,edited,20,30.0,45.39981363429351
4,2,edited,42,52.0,58.467695575456375
4,2,edited,177,32.0,29.732819210067365
4,2,edited,24,23.0,38.13372551031588
4,2,edited,79,84.0,48.40101544681822
4,2,edited,91,189.0,84.74118982363493
4,2,edited,61,22.0,19.66444980680888
4,2,edited,8,636.0,183.36434002667556
4,2,edited,124,20.0,17.666662940249637
4,2,edited,85,29.0,34.79984014314036
4,2,edited,25,69.0,34.665837058667194
4,2,edited,140,62.0,44.733982889235065
4,2,edited,154,214.0,117.13553925928824
4,2,edited,11,40.0,34.066280277261036
4,2,edited,189,188.0,170.73753886585155
4,2,edited,23,76.0,46.47058183355906
4,2,edited,95,465.0,172.3637620800362
4,2,edited,156,510.0,187.13487410115806
4,2,edited,50,24.0,24.329395842044775
4,2,edited,107,11.0,17.666709687923856
4,2,edited,51,24.0,18.26617192970287
4,2,edited,87,35.0,36.79955301603556
4,2,edited,21,33.0,38.266559323377756
4,2,edited,172,41.0,79.59811861550581
4,2,edited,116,66.0,62.26875211396078
4,2,edited,75,50.0,50.66699589269205
4,2,edited,100,24.0,32.79877648848432
4,2,edited,169,212.0,136.60497988096358
4,2,edited,103,13.0,18.1986443139523
4,2,edited,26,33.0,37.400413987492406
4,2,edited,149,105.0,43.732957816246575
4,2,edited,83,16.0,34.66568422609131
4,2,edited,13,138.0,96.6709114233494
4,2,edited,120,100.0,67.47011225078106
4,2,edited,16,19.0,33.60017948054498
4,2,edited,185,58.0,45.599917143332945
4,2,edited,138,50.0,45.399962288333896
4,2,edited,9,1144.0,190.4174797275385
4,2,edited,84,22.0,37.26640407948815
4,2,edited,5,318.0,175.83344332473845
4,2,edited,194,114.0,104.40102099351687
4,2,edited,106,32.0,42.53329148093111
4,2,edited,73,36.0,40.19977010268129
4,2,edited,118,49.0,53.33311920304003
4,2,edited,82,38.0,63.80487740920955
4,2,edited,192,405.0,176.01970392948377
4,2,edited,31,368.0,96.60542960113011
4,2,edited,54,26.0,31.60002136634299
4,2,edited,146,93.0,111.070160447666
4,2,edited,29,27.0,35.00099004918489
4,2,edited,55,60.0,57.867558654417245
4,2,edited,41,40.0,58.46773895422275
4,2,edited,160,21.0,32.33343964703445
4,2,edited,30,274.0,96.60542960113011
4,2,edited,19,120.0,107.60513552544109
4,2,edited,157,8.0,27.132454909991612
4,2,edited,98,185.0,121.67779533850941
4,2,edited,128,70.0,63.13468313541292
4,2,edited,96,465.0,177.62162343097017
4,2,edited,72,22.0,32.73359250091076
4,2,edited,129,80.0,63.13468313541292
4,2,edited,144,86.0,76.9351725546712
4,2,edited,35,208.0,136.20144421485833
4,2,edited,203,21.0,33.1319463296414
4,2,edited,68,32.0,33.733630621742506
4,2,edited,81,38.0,48.46850075896585
4,2,condensed,88,134.0,140.98976772231836
4,2,condensed,66,17.0,22.658443211884062
4,2,condensed,152,370.0,325.9999867577339
4,2,condensed,93,132.0,57.1182426584307
4,2,condensed,135,54.0,64.99996225995703
4,2,condensed,178,38.0,32.279792387475254
4,2,condensed,105,32.0,36.80350064610044
4,2,condensed,113,34.0,34.115328640241884
4,2,condensed,206,52.0,39.847597764813294
4,2,condensed,27,27.0,65.06313692026517
4,2,condensed,36,20.0,18.380686213025054
4,2,condensed,197,397.0,307.0
4,2,condensed,64,144.0,143.99964751169693
4,2,condensed,182,11.0,25.986743631976758
4,2,condensed,53,36.0,48.6228935313381
4,2,condensed,145,74.0,111.35882445220778
4,2,condensed,122,12.0,17.999999999999854
4,2,condensed,131,16.0,42.2545611174334
4,2,condensed,65,259.0,143.8505280214581
4,2,condensed,17,28.0,36.48309642667392
4,2,condensed,15,35.0,50.63026935750147
4,2,condensed,179,60.0,60.83679476937017
4,2,condensed,180,109.0,59.12461483524875
4,2,condensed,127,56.0,42.7748137340852
4,2,condensed,7,489.0,367.0
4,2,condensed,201,14.0,18.12053103061275
4,2,condensed,38,71.0,43.87911632431251
4,2,condensed,117,24.0,46.734018243145826
4,2,condensed,171,30.0,24.855097131778482
4,2,condensed,187,75.0,111.34906045288882
4,2,condensed,181,6.0,24.8894936264549
4,2,condensed,137,30.0,61.00000129345929
4,2,condensed,2,220.0,220.50000002376584
4,2,condensed,115,76.0,136.4724540610528
4,2,condensed,151,277.0,325.99998813732464
4,2,condensed,208,45.0,35.48699864107371
4,2,condensed,37,29.0,17.632658870641425
4,2,condensed,207,67.0,47.07203986510544
4,2,condensed,20,30.0,61.43086913864356
4,2,condensed,42,52.0,59.99740571125202
4,2,condensed,177,32.0,30.502738051408326
4,2,condensed,24,23.0,60.35250911892329
4,2,condensed,79,84.0,59.82163068966255
4,2,condensed,91,189.0,141.0
4,2,condensed,61,22.0,14.000005351973785
4,2,condensed,8,636.0,367.0022129377012
4,2,condensed,124,20.0,17.86858120528005
4,2,condensed,85,29.0,37.77082484948159
4,2,condensed,25,69.0,33.37034084814355
4,2,condensed,140,62.0,59.99769848500344
4,2,condensed,154,214.0,106.18623899667315
4,2,condensed,11,40.0,41.56570411422903
4,2,condensed,189,188.0,174.41122907817393
4,2,condensed,23,76.0,61.000000000577636
4,2,condensed,95,465.0,367.00000000000034
4,2,condensed,156,510.0,509.99999823746276
4,2,condensed,50,24.0,14.003075271755453
4,2,condensed,107,11.0,18.043744099422838
4,2,condensed,51,24.0,15.994028018830715
4,2,condensed,87,35.0,22.0001929465944
4,2,condensed,21,33.0,43.65315278605356
4,2,condensed,172,41.0,91.99785524395416
4,2,condensed,116,66.0,136.6882760637706
4,2,condensed,75,50.0,59.76006889914575
4,2,condensed,100,24.0,24.988531619400312
4,2,condensed,169,212.0,234.48764968493853
4,2,condensed,103,13.0,7.000002358574285
4,2,condensed,26,33.0,68.58942451197989
4,2,condensed,149,105.0,33.31355210192631
4,2,condensed,83,16.0,20.274027411423287
4,2,condensed,13,138.0,110.9982458052346
4,2,condensed,120,100.0,111.25979470208192
4,2,condensed,16,19.0,48.60799430265686
4,2,condensed,185,58.0,41.34218449475601
4,2,condensed,138,50.0,49.38588530509509
4,2,condensed,9,1144.0,509.0733226641049
4,2,condensed,84,22.0,17.363134490666575
4,2,condensed,5,318.0,325.9994596398803
4,2,condensed,194,114.0,138.98588624503645
4,2,condensed,106,32.0,33.6281226330965
4,2,condensed,73,36.0,36.00193456084176
4,2,condensed,118,49.0,57.80500468345614
4,2,condensed,82,38.0,61.029394059094535
4,2,condensed,192,405.0,248.03951890870897
4,2,condensed,31,368.0,140.68187601497254
4,2,condensed,54,26.0,44.429328824024914
4,2,condensed,146,93.0,111.0006253490863
4,2,condensed,29,27.0,76.07601119454266
4,2,condensed,55,60.0,132.1098327197801
4,2,condensed,41,40.0,59.9977704273328
4,2,condensed,160,21.0,28.2410691011628
4,2,condensed,30,274.0,140.68187601497254
4,2,condensed,19,120.0,143.8716289773872
4,2,condensed,157,8.0,23.478844351633793
4,2,condensed,98,185.0,172.317589718519
4,2,condensed,128,70.0,83.57566805762954
4,2,condensed,96,465.0,367.00000026411834
4,2,condensed,72,22.0,42.56165458680656
4,2,condensed,129,80.0,83.57566805762954
4,2,condensed,144,86.0,74.7779494111356
4,2,condensed,35,208.0,106.00000000359064
4,2,condensed,203,21.0,18.12053103061275
4,2,condensed,68,32.0,42.75177752029639
4,2,condensed,81,38.0,61.05119948471349
5,1,null,72,22.0,110.13461538461539
5,1,null,41,40.0,110.13461538461539
5,1,null,92,22.0,110.13461538461539
5,1,null,137,30.0,110.13461538461539
5,1,null,97,277.0,110.13461538461539
5,1,null,160,21.0,110.13461538461539
5,1,null,98,185.0,110.13461538461539
5,1,null,121,133.0,110.13461538461539
5,1,null,33,63.0,110.13461538461539
5,1,null,89,66.0,110.13461538461539
5,1,null,17,28.0,110.13461538461539
5,1,null,39,26.0,110.13461538461539
5,1,null,140,62.0,110.13461538461539
5,1,null,208,45.0,110.13461538461539
5,1,null,197,397.0,110.13461538461539
5,1,null,177,32.0,110.13461538461539
5,1,null,21,33.0,110.13461538461539
5,1,null,60,16.0,110.13461538461539
5,1,null,15,35.0,110.13461538461539
5,1,null,135,54.0,110.13461538461539
5,1,null,157,8.0,110.13461538461539
5,1,null,118,49.0,110.13461538461539
5,1,null,108,11.0,110.13461538461539
5,1,null,179,60.0,110.13461538461539
5,1,null,37,29.0,110.13461538461539
5,1,null,204,42.0,110.13461538461539
5,1,null,101,45.0,110.13461538461539
5,1,null,13,138.0,110.13461538461539
5,1,null,153,510.0,110.13461538461539
5,1,null,105,32.0,110.13461538461539
5,1,null,167,100.0,110.13461538461539
5,1,null,48,40.0,110.13461538461539
5,1,null,95,465.0,110.13461538461539
5,1,null,102,7.0,110.13461538461539
5,1,null,173,25.0,110.13461538461539
5,1,null,127,56.0,110.13461538461539
5,1,null,23,76.0,110.13461538461539
5,1,null,110,22.0,110.13461538461539
5,1,null,200,12.0,110.13461538461539
5,1,null,125,27.0,110.13461538461539
5,1,null,99,6.0,110.13461538461539
5,1,null,27,27.0,110.13461538461539
5,1,null,3,172.0,110.13461538461539
5,1,null,76,45.0,110.13461538461539
5,1,null,42,52.0,110.13461538461539
5,1,null,87,35.0,110.13461538461539
5,1,null,12,92.0,110.13461538461539
5,1,null,142,50.0,110.13461538461539
5,1,null,0,198.0,110.13461538461539
5,1,null,154,214.0,110.13461538461539
5,1,null,147,111.0,110.13461538461539
5,1,null,191,248.0,110.13461538461539
5,1,null,136,65.0,110.13461538461539
5,1,null,31,368.0,110.13461538461539
5,1,null,36,20.0,110.13461538461539
5,1,null,107,11.0,110.13461538461539
5,1,null,104,16.0,110.13461538461539
5,1,null,53,36.0,110.13461538461539
5,1,null,43,60.0,110.13461538461539
5,1,null,169,212.0,110.13461538461539
5,1,null,28,77.0,110.13461538461539
5,1,null,166,116.0,110.13461538461539
5,1,null,71,64.0,110.13461538461539
5,1,null,143,66.0,110.13461538461539
5,1,null,145,74.0,110.13461538461539
5,1,null,138,50.0,110.13461538461539
5,1,null,148,143.0,110.13461538461539
5,1,null,46,18.0,110.13461538461539
5,1,null,203,21.0,110.13461538461539
5,1,null,180,109.0,110.13461538461539
5,1,null,207,67.0,110.13461538461539
5,1,null,115,76.0,110.13461538461539
5,1,null,152,370.0,110.13461538461539
5,1,null,96,465.0,110.13461538461539
5,1,null,79,84.0,110.13461538461539
5,1,null,114,50.0,110.13461538461539
5,1,null,74,44.0,110.13461538461539
5,1,null,54,26.0,110.13461538461539
5,1,null,73,36.0,110.13461538461539
5,1,null,29,27.0,110.13461538461539
5,1,null,170,25.0,110.13461538461539
5,1,null,86,40.0,110.13461538461539
5,1,null,5,318.0,110.13461538461539
5,1,null,40,36.0,110.13461538461539
5,1,null,44,72.0,110.13461538461539
5,1,null,113,34.0,110.13461538461539
5,1,null,131,16.0,110.13461538461539
5,1,null,11,40.0,110.13461538461539
5,1,null,30,274.0,110.13461538461539
5,1,null,20,30.0,110.13461538461539
5,1,null,106,32.0,110.13461538461539
5,1,null,49,62.0,110.13461538461539
5,1,null,88,134.0,110.13461538461539
5,1,null,201,14.0,110.13461538461539
5,1,null,168,140.0,110.13461538461539
5,1,null,193,70.0,110.13461538461539
5,1,null,64,144.0,110.13461538461539
5,1,null,70,62.0,110.13461538461539
5,1,null,50,24.0,110.13461538461539
5,1,null,126,45.0,110.13461538461539
5,1,null,4,132.0,110.13461538461539
5,1,null,94,237.0,110.13461538461539
5,1,null,59,20.0,110.13461538461539
5,1,null,194,114.0,110.13461538461539
5,1,null,9,1144.0,110.13461538461539
5,1,knn,72,22.0,27.333331122228877
5,1,knn,41,40.0,60.33297788391232
5,1,knn,92,22.0,40.6661958068715
5,1,knn,137,30.0,45.664971135686166
5,1,knn,97,277.0,220.6698480096967
5,1,knn,160,21.0,44.99914889591043
5,1,knn,98,185.0,173.0051627365115
5,1,knn,121,133.0,114.33477535463372
5,1,knn,33,63.0,65.3203253605045
5,1,knn,89,66.0,81.00132359260508
5,1,knn,17,28.0,33.00013869715726
5,1,knn,39,26.0,17.00007991182785
5,1,knn,140,62.0,44.002080422455066
5,1,knn,208,45.0,23.334616103963032
5,1,knn,197,397.0,306.65438116803267
5,1,knn,177,32.0,22.333383237040692
5,1,knn,21,33.0,38.999775402587716
5,1,knn,60,16.0,16.0
5,1,knn,15,35.0,49.3336675390139
5,1,knn,135,54.0,80.33151360766728
5,1,knn,157,8.0,19.66618654499548
5,1,knn,118,49.0,53.66738399504541
5,1,knn,108,11.0,19.333270894546107
5,1,knn,179,60.0,45.333775348079094
5,1,knn,37,29.0,22.999214925776485
5,1,knn,204,42.0,35.33329352304002
5,1,knn,101,45.0,29.333237099522474
5,1,knn,13,138.0,102.9981017557024
5,1,knn,153,510.0,420.33812971284596
5,1,knn,105,32.0,23.333904555536943
5,1,knn,167,100.0,147.66711485319465
5,1,knn,48,40.0,24.000705565456375
5,1,knn,95,465.0,497.2303452213878
5,1,knn,102,7.0,22.663764931762874
5,1,knn,173,25.0,21.666725111095232
5,1,knn,127,56.0,45.00191809647268
5,1,knn,23,76.0,43.67323257392219
5,1,knn,110,22.0,19.333189836036873
5,1,knn,200,12.0,25.99952299079012
5,1,knn,125,27.0,30.333068009083473
5,1,knn,99,6.0,38.99869952797823
5,1,knn,27,27.0,39.33483397048319
5,1,knn,3,172.0,220.67983394610127
5,1,knn,76,45.0,37.99928533809645
5,1,knn,42,52.0,60.33281051500395
5,1,knn,87,35.0,40.6661958068715
5,1,knn,12,92.0,48.99910397772851
5,1,knn,142,50.0,45.000199649238375
5,1,knn,0,198.0,261.25778697512663
5,1,knn,154,214.0,148.00129307676437
5,1,knn,147,111.0,111.99516681306544
5,1,knn,191,248.0,274.3423953012323
5,1,knn,136,65.0,80.33151360766728
5,1,knn,31,368.0,157.34176048209946
5,1,knn,36,20.0,19.666142404676258
5,1,knn,107,11.0,19.333259940367622
5,1,knn,104,16.0,27.332989144874354
5,1,knn,53,36.0,26.000086002126004
5,1,knn,43,60.0,60.33281051500395
5,1,knn,169,212.0,237.66084531466342
5,1,knn,28,77.0,39.33342516038216
5,1,knn,166,116.0,62.990165919580846
5,1,knn,71,64.0,41.66842795447453
5,1,knn,143,66.0,58.00061648221013
5,1,knn,145,74.0,88.00020156558195
5,1,knn,138,50.0,52.33380394598257
5,1,knn,148,143.0,111.9968544355444
5,1,knn,46,18.0,19.33337375923833
5,1,knn,203,21.0,25.99983083874439
5,1,knn,180,109.0,44.00090447895138
5,1,knn,207,67.0,59.33296354643163
5,1,knn,115,76.0,91.33178638839121
5,1,knn,152,370.0,274.34881727051675
5,1,knn,96,465.0,394.02496787420716
5,1,knn,79,84.0,52.333332391041075
5,1,knn,114,50.0,54.33340154808356
5,1,knn,74,44.0,28.667629429999817
5,1,knn,54,26.0,22.666797140148336
5,1,knn,73,36.0,28.667630633764766
5,1,knn,29,27.0,41.666147306387145
5,1,knn,170,25.0,24.000208940771085
5,1,knn,86,40.0,30.33291089031845
5,1,knn,5,318.0,274.3431871711617
5,1,knn,40,36.0,58.33381392579021
5,1,knn,44,72.0,63.33386466922173
5,1,knn,113,34.0,31.001001553291
5,1,knn,131,16.0,37.66678772059049
5,1,knn,11,40.0,41.00010062956942
5,1,knn,30,274.0,157.34176048209946
5,1,knn,20,30.0,31.66668955954943
5,1,knn,106,32.0,31.33348280494086
5,1,knn,49,62.0,43.66734497515214
5,1,knn,88,134.0,133.3379955803669
5,1,knn,201,14.0,25.99983083874439
5,1,knn,168,140.0,287.32992519874614
5,1,knn,193,70.0,41.000409105389444
5,1,knn,64,144.0,92.67931835554397
5,1,knn,70,62.0,47.332953898391494
5,1,knn,50,24.0,16.0
5,1,knn,126,45.0,39.00078880685521
5,1,knn,4,132.0,191.67153595556096
5,1,knn,94,237.0,135.66976551108982
5,1,knn,59,20.0,16.0
5,1,knn,194,114.0,125.00360104816104
5,1,knn,9,1144.0,497.3580244051364
5,1,edited,72,22.0,32.95630018930308
5,1,edited,41,40.0,66.10022188236336
5,1,edited,92,22.0,37.603902983638456
5,1,edited,137,30.0,49.43290708164395
5,1,edited,97,277.0,204.10856302190055
5,1,edited,160,21.0,36.34720003460885
5,1,edited,98,185.0,138.74505996827787
5,1,edited,121,133.0,93.69406341122045
5,1,edited,33,63.0,62.75800617224667
5,1,edited,89,66.0,47.52361931727497
5,1,edited,17,28.0,37.382493026251524
5,1,edited,39,26.0,31.909893240862026
5,1,edited,140,62.0,54.83641058097131
5,1,edited,208,45.0,26.15915268438622
5,1,edited,197,397.0,157.03750776422171
5,1,edited,177,32.0,26.36482941563045
5,1,edited,21,33.0,41.68548015643175
5,1,edited,60,16.0,19.416654185054607
5,1,edited,15,35.0,46.31281044961814
5,1,edited,135,54.0,81.12201489140239
5,1,edited,157,8.0,23.59022385702651
5,1,edited,118,49.0,53.410102590438385
5,1,edited,108,11.0,20.205866496839374
5,1,edited,179,60.0,49.04018448602158
5,1,edited,37,29.0,28.358389641823287
5,1,edited,204,42.0,36.31386509077
5,1,edited,101,45.0,38.59881489210597
5,1,edited,13,138.0,77.49795300021661
5,1,edited,153,510.0,230.9655356736208
5,1,edited,105,32.0,28.03438437430871
5,1,edited,167,100.0,179.53281667634548
5,1,edited,48,40.0,31.130332915195606
5,1,edited,95,465.0,228.6941656300659
5,1,edited,102,7.0,18.53128852054066
5,1,edited,173,25.0,25.033982164091427
5,1,edited,127,56.0,42.253441788342535
5,1,edited,23,76.0,46.39553135669125
5,1,edited,110,22.0,20.22340039313
5,1,edited,200,12.0,22.31219425491502
5,1,edited,125,27.0,33.7099811763395
5,1,edited,99,6.0,26.815528123427114
5,1,edited,27,27.0,25.870310706079938
5,1,edited,3,172.0,232.2664477663751
5,1,edited,76,45.0,32.77370344304505
5,1,edited,42,52.0,60.59951945985474
5,1,edited,87,35.0,37.603902983638456
5,1,edited,12,92.0,64.9938700907057
5,1,edited,142,50.0,40.079888497056785
5,1,edited,0,198.0,124.20717467643239
5,1,edited,154,214.0,129.641719293562
5,1,edited,147,111.0,86.9160863400877
5,1,edited,191,248.0,236.06948337118698
5,1,edited,136,65.0,81.12201489140239
5,1,edited,31,368.0,74.49027489255448
5,1,edited,36,20.0,27.38204226775391
5,1,edited,107,11.0,20.450256817113083
5,1,edited,104,16.0,23.45462995051624
5,1,edited,53,36.0,34.792489535714346
5,1,edited,43,60.0,60.59951945985474
5,1,edited,169,212.0,155.82887053661776
5,1,edited,28,77.0,25.721076031477477
5,1,edited,166,116.0,73.46465200114059
5,1,edited,71,64.0,46.970896932076634
5,1,edited,143,66.0,73.8151402955724
5,1,edited,145,74.0,74.19457999386978
5,1,edited,138,50.0,48.654139047451025
5,1,edited,148,143.0,107.85191295538688
5,1,edited,46,18.0,20.368197443115502
5,1,edited,203,21.0,22.931114662834847
5,1,edited,180,109.0,52.759417234620614
5,1,edited,207,67.0,29.63919836609735
5,1,edited,115,76.0,61.23947509481959
5,1,edited,152,370.0,255.72975979150004
5,1,edited,96,465.0,232.2568958582726
5,1,edited,79,84.0,45.15449768867363
5,1,edited,114,50.0,43.787497632706376
5,1,edited,74,44.0,33.32667804231527
5,1,edited,54,26.0,33.69194270010296
5,1,edited,73,36.0,32.27946210407946
5,1,edited,29,27.0,25.690399030266825
5,1,edited,170,25.0,24.248096151377176
5,1,edited,86,40.0,36.250079207463465
5,1,edited,5,318.0,249.60022824398882
5,1,edited,40,36.0,42.91442786380815
5,1,edited,44,72.0,51.20247567352114
5,1,edited,113,34.0,29.551804943074934
5,1,edited,131,16.0,35.354865052469776
5,1,edited,11,40.0,27.161705664898438
5,1,edited,30,274.0,74.49027489255448
5,1,edited,20,30.0,39.42374776718981
5,1,edited,106,32.0,34.965840017086734
5,1,edited,49,62.0,34.35436404113635
5,1,edited,88,134.0,98.7555535114103
5,1,edited,201,14.0,22.931114662834847
5,1,edited,168,140.0,197.1706288931927
5,1,edited,193,70.0,47.45073208558442
5,1,edited,64,144.0,89.344454843571
5,1,edited,70,62.0,42.62663667051831
5,1,edited,50,24.0,20.584391834758403
5,1,edited,126,45.0,43.39628946160257
5,1,edited,4,132.0,180.62634627653472
5,1,edited,94,237.0,170.36562573957352
5,1,edited,59,20.0,19.416654185054607
5,1,edited,194,114.0,128.87266158683374
5,1,edited,9,1144.0,233.37336635679142
5,1,condensed,72,22.0,11.0
5,1,condensed,41,40.0,66.0
5,1,condensed,92,22.0,11.0
5,1,condensed,137,30.0,38.0
5,1,condensed,97,277.0,220.0
5,1,condensed,160,21.0,66.0
5,1,condensed,98,185.0,214.0
5,1,condensed,121,133.0,132.0
5,1,condensed,33,63.0,33.0
5,1,condensed,89,66.0,144.0
5,1,condensed,17,28.0,33.0
5,1,condensed,39,26.0,105.0
5,1,condensed,140,62.0,60.0
5,1,condensed,208,45.0,11.0
5,1,condensed,197,397.0,307.0
5,1,condensed,177,32.0,11.0
5,1,condensed,21,33.0,33.0
5,1,condensed,60,16.0,11.0
5,1,condensed,15,35.0,50.0
5,1,condensed,135,54.0,66.0
5,1,condensed,157,8.0,11.0
5,1,condensed,118,49.0,66.0
5,1,condensed,108,11.0,11.0
5,1,condensed,179,60.0,60.0
5,1,condensed,37,29.0,11.0
5,1,condensed,204,42.0,60.0
5,1,condensed,101,45.0,60.0
5,1,condensed,13,138.0,41.0
5,1,condensed,153,510.0,489.0
5,1,condensed,105,32.0,11.0
5,1,condensed,167,100.0,136.0
5,1,condensed,48,40.0,11.0
5,1,condensed,95,465.0,489.0
5,1,condensed,102,7.0,11.0
5,1,condensed,173,25.0,11.0
5,1,condensed,127,56.0,66.0
5,1,condensed,23,76.0,33.0
5,1,condensed,110,22.0,11.0
5,1,condensed,200,12.0,11.0
5,1,condensed,125,27.0,105.0
5,1,condensed,99,6.0,11.0
5,1,condensed,27,27.0,11.0
5,1,condensed,3,172.0,220.0
5,1,condensed,76,45.0,11.0
5,1,condensed,42,52.0,66.0
5,1,condensed,87,35.0,11.0
5,1,condensed,12,92.0,41.0
5,1,condensed,142,50.0,60.0
5,1,condensed,0,198.0,120.0
5,1,condensed,154,214.0,106.0
5,1,condensed,147,111.0,41.0
5,1,condensed,191,248.0,326.0
5,1,condensed,136,65.0,66.0
5,1,condensed,31,368.0,120.0
5,1,condensed,36,20.0,11.0
5,1,condensed,107,11.0,11.0
5,1,condensed,104,16.0,11.0
5,1,condensed,53,36.0,11.0
5,1,condensed,43,60.0,66.0
5,1,condensed,169,212.0,120.0
5,1,condensed,28,77.0,11.0
5,1,condensed,166,116.0,106.0
5,1,condensed,71,64.0,33.0
5,1,condensed,143,66.0,46.0
5,1,condensed,145,74.0,41.0
5,1,condensed,138,50.0,60.0
5,1,condensed,148,143.0,208.0
5,1,condensed,46,18.0,11.0
5,1,condensed,203,21.0,11.0
5,1,condensed,180,109.0,60.0
5,1,condensed,207,67.0,11.0
5,1,condensed,115,76.0,66.0
5,1,condensed,152,370.0,326.0
5,1,condensed,96,465.0,489.0
5,1,condensed,79,84.0,50.0
5,1,condensed,114,50.0,60.0
5,1,condensed,74,44.0,33.0
5,1,condensed,54,26.0,11.0
5,1,condensed,73,36.0,33.0
5,1,condensed,29,27.0,11.0
5,1,condensed,170,25.0,11.0
5,1,condensed,86,40.0,33.0
5,1,condensed,5,318.0,326.0
5,1,condensed,40,36.0,66.0
5,1,condensed,44,72.0,60.0
5,1,condensed,113,34.0,11.0
5,1,condensed,131,16.0,60.0
5,1,condensed,11,40.0,11.0
5,1,condensed,30,274.0,120.0
5,1,condensed,20,30.0,33.0
5,1,condensed,106,32.0,50.0
5,1,condensed,49,62.0,11.0
5,1,condensed,88,134.0,189.0
5,1,condensed,201,14.0,11.0
5,1,condensed,168,140.0,259.0
5,1,condensed,193,70.0,33.0
5,1,condensed,64,144.0,144.0
5,1,condensed,70,62.0,33.0
5,1,condensed,50,24.0,11.0
5,1,condensed,126,45.0,66.0
5,1,condensed,4,132.0,214.0
5,1,condensed,94,237.0,106.0
5,1,condensed,59,20.0,11.0
5,1,condensed,194,114.0,189.0
5,1,condensed,9,1144.0,636.0
5,2,null,192,405.0,101.15238095238095
5,2,null,16,19.0,101.15238095238095
5,2,null,25,69.0,101.15238095238095
5,2,null,178,38.0,101.15238095238095
5,2,null,133,32.0,101.15238095238095
5,2,null,123,18.0,101.15238095238095
5,2,null,189,188.0,101.15238095238095
5,2,null,151,277.0,101.15238095238095
5,2,null,186,130.0,101.15238095238095
5,2,null,51,24.0,101.15238095238095
5,2,null,158,12.0,101.15238095238095
5,2,null,161,24.0,101.15238095238095
5,2,null,188,113.0,101.15238095238095
5,2,null,109,18.0,101.15238095238095
5,2,null,2,220.0,101.15238095238095
5,2,null,132,26.0,101.15238095238095
5,2,null,172,41.0,101.15238095238095
5,2,null,77,53.0,101.15238095238095
5,2,null,111,37.0,101.15238095238095
5,2,null,45,72.0,101.15238095238095
5,2,null,149,105.0,101.15238095238095
5,2,null,100,24.0,101.15238095238095
5,2,null,183,22.0,101.15238095238095
5,2,null,128,70.0,101.15238095238095
5,2,null,116,66.0,101.15238095238095
5,2,null,163,42.0,101.15238095238095
5,2,null,81,38.0,101.15238095238095
5,2,null,182,11.0,101.15238095238095
5,2,null,90,141.0,101.15238095238095
5,2,null,162,34.0,101.15238095238095
5,2,null,134,45.0,101.15238095238095
5,2,null,184,33.0,101.15238095238095
5,2,null,122,12.0,101.15238095238095
5,2,null,68,32.0,101.15238095238095
5,2,null,185,58.0,101.15238095238095
5,2,null,196,307.0,101.15238095238095
5,2,null,32,32.0,101.15238095238095
5,2,null,129,80.0,101.15238095238095
5,2,null,57,12.0,101.15238095238095
5,2,null,75,50.0,101.15238095238095
5,2,null,176,30.0,101.15238095238095
5,2,null,14,10.0,101.15238095238095
5,2,null,144,86.0,101.15238095238095
5,2,null,19,120.0,101.15238095238095
5,2,null,18,31.0,101.15238095238095
5,2,null,156,510.0,101.15238095238095
5,2,null,78,36.0,101.15238095238095
5,2,null,47,20.0,101.15238095238095
5,2,null,164,46.0,101.15238095238095
5,2,null,155,326.0,101.15238095238095
5,2,null,82,38.0,101.15238095238095
5,2,null,199,1150.0,101.15238095238095
5,2,null,124,20.0,101.15238095238095
5,2,null,103,13.0,101.15238095238095
5,2,null,66,17.0,101.15238095238095
5,2,null,146,93.0,101.15238095238095
5,2,null,187,75.0,101.15238095238095
5,2,null,206,52.0,101.15238095238095
5,2,null,8,636.0,101.15238095238095
5,2,null,175,50.0,101.15238095238095
5,2,null,10,38.0,101.15238095238095
5,2,null,190,173.0,101.15238095238095
5,2,null,120,100.0,101.15238095238095
5,2,null,198,915.0,101.15238095238095
5,2,null,84,22.0,101.15238095238095
5,2,null,171,30.0,101.15238095238095
5,2,null,159,17.0,101.15238095238095
5,2,null,38,71.0,101.15238095238095
5,2,null,80,16.0,101.15238095238095
5,2,null,139,40.0,101.15238095238095
5,2,null,195,208.0,101.15238095238095
5,2,null,1,269.0,101.15238095238095
5,2,null,6,367.0,101.15238095238095
5,2,null,24,23.0,101.15238095238095
5,2,null,165,51.0,101.15238095238095
5,2,null,174,50.0,101.15238095238095
5,2,null,150,214.0,101.15238095238095
5,2,null,117,24.0,101.15238095238095
5,2,null,119,66.0,101.15238095238095
5,2,null,34,106.0,101.15238095238095
5,2,null,58,14.0,101.15238095238095
5,2,null,62,36.0,101.15238095238095
5,2,null,7,489.0,101.15238095238095
5,2,null,85,29.0,101.15238095238095
5,2,null,69,32.0,101.15238095238095
5,2,null,63,144.0,101.15238095238095
5,2,null,26,33.0,101.15238095238095
5,2,null,22,61.0,101.15238095238095
5,2,null,35,208.0,101.15238095238095
5,2,null,141,60.0,101.15238095238095
5,2,null,83,16.0,101.15238095238095
5,2,null,55,60.0,101.15238095238095
5,2,null,130,136.0,101.15238095238095
5,2,null,61,22.0,101.15238095238095
5,2,null,65,259.0,101.15238095238095
5,2,null,112,40.0,101.15238095238095
5,2,null,91,189.0,101.15238095238095
5,2,null,52,138.0,101.15238095238095
5,2,null,56,71.0,101.15238095238095
5,2,null,205,46.0,101.15238095238095
5,2,null,93,132.0,101.15238095238095
5,2,null,67,26.0,101.15238095238095
5,2,null,181,6.0,101.15238095238095
5,2,null,202,18.0,101.15238095238095
5,2,knn,192,405.0,288.341656682591
5,2,knn,16,19.0,30.558277108203075
5,2,knn,25,69.0,29.8906640635376
5,2,knn,178,38.0,34.27155516697877
5,2,knn,133,32.0,48.504864537339
5,2,knn,123,18.0,7.000053934652519
5,2,knn,189,188.0,136.04320950625706
5,2,knn,151,277.0,369.6631972504409
5,2,knn,186,130.0,129.95729712073296
5,2,knn,51,24.0,17.292752521232366
5,2,knn,158,12.0,13.175029394560422
5,2,knn,161,24.0,39.76124212992439
5,2,knn,188,113.0,128.67012130102864
5,2,knn,109,18.0,21.171996159836873
5,2,knn,2,220.0,172.00329639711
5,2,knn,132,26.0,51.206349172006135
5,2,knn,172,41.0,91.98703365775548
5,2,knn,77,53.0,76.02187431429289
5,2,knn,111,37.0,17.53699784791631
5,2,knn,45,72.0,49.67797337483523
5,2,knn,149,105.0,41.760736891319404
5,2,knn,100,24.0,22.641365059922425
5,2,knn,183,22.0,33.35318459519804
5,2,knn,128,70.0,53.66557951323838
5,2,knn,116,66.0,75.99222917512792
5,2,knn,163,42.0,54.66957071206645
5,2,knn,81,38.0,72.37661545102497
5,2,knn,182,11.0,24.70876695822409
5,2,knn,90,141.0,123.69276522281103
5,2,knn,162,34.0,41.74495925095156
5,2,knn,134,45.0,54.98298652068285
5,2,knn,184,33.0,40.233680429499834
5,2,knn,122,12.0,7.000050517859103
5,2,knn,68,32.0,29.038626771487536
5,2,knn,185,58.0,54.12397017107575
5,2,knn,196,307.0,397.0
5,2,knn,32,32.0,63.00038632845764
5,2,knn,129,80.0,53.66557951323838
5,2,knn,57,12.0,18.003641799970577
5,2,knn,75,50.0,38.73228344403671
5,2,knn,176,30.0,16.641502664692705
5,2,knn,14,10.0,31.175089413531254
5,2,knn,144,86.0,66.21640527628378
5,2,knn,19,120.0,301.36258958933945
5,2,knn,18,31.0,32.16588943979536
5,2,knn,156,510.0,509.881477928613
5,2,knn,78,36.0,41.05818859669418
5,2,knn,47,20.0,18.22629379002027
5,2,knn,164,46.0,63.73894568190273
5,2,knn,155,326.0,369.6977134940812
5,2,knn,82,38.0,30.000153040528478
5,2,knn,199,1150.0,181.4893385786581
5,2,knn,124,20.0,17.35489345695142
5,2,knn,103,13.0,7.000121600844712
5,2,knn,66,17.0,27.1363604581261
5,2,knn,146,93.0,110.89592401676609
5,2,knn,187,75.0,66.50809742333432
5,2,knn,206,52.0,41.082709906669756
5,2,knn,8,636.0,465.2817474734658
5,2,knn,175,50.0,74.78992915019468
5,2,knn,10,38.0,36.894507230189085
5,2,knn,190,173.0,136.83017769641967
5,2,knn,120,100.0,95.637393656074
5,2,knn,198,915.0,31.102099792890087
5,2,knn,84,22.0,46.0526805003247
5,2,knn,171,30.0,18.503473038732917
5,2,knn,159,17.0,26.5388802187279
5,2,knn,38,71.0,54.13066389441892
5,2,knn,80,16.0,41.17968056892925
5,2,knn,139,40.0,26.467376941872196
5,2,knn,195,208.0,223.92751058315667
5,2,knn,1,269.0,172.00329639711
5,2,knn,6,367.0,465.00000170645444
5,2,knn,24,23.0,40.88663405542707
5,2,knn,165,51.0,115.99961567959238
5,2,knn,174,50.0,30.870456979397158
5,2,knn,150,214.0,132.00142397085446
5,2,knn,117,24.0,29.21038428866139
5,2,knn,119,66.0,48.783089811797325
5,2,knn,34,106.0,213.70735937753247
5,2,knn,58,14.0,18.003641799970577
5,2,knn,62,36.0,28.84774713937846
5,2,knn,7,489.0,465.00000170645444
5,2,knn,85,29.0,38.30329642214281
5,2,knn,69,32.0,31.079006204293563
5,2,knn,63,144.0,142.4915773512864
5,2,knn,26,33.0,46.398842520810014
5,2,knn,22,61.0,75.9996360068683
5,2,knn,35,208.0,213.73292854004418
5,2,knn,141,60.0,62.0405971583143
5,2,knn,83,16.0,33.497638762097296
5,2,knn,55,60.0,50.47299444630705
5,2,knn,130,136.0,100.07125841278264
5,2,knn,61,22.0,18.003641799970577
5,2,knn,65,259.0,143.99942297604017
5,2,knn,112,40.0,33.996934647956955
5,2,knn,91,189.0,123.69276522281103
5,2,knn,52,138.0,74.08426710036336
5,2,knn,56,71.0,49.01477704758373
5,2,knn,205,46.0,64.10137343316974
5,2,knn,93,132.0,64.4109210508689
5,2,knn,67,26.0,29.719484219094163
5,2,knn,181,6.0,24.24910965762263
5,2,knn,202,18.0,14.699262677222912
5,2,edited,192,405.0,509.99935472853855
5,2,edited,16,19.0,31.248670400318613
5,2,edited,25,69.0,27.56822290518048
5,2,edited,178,38.0,32.365544311710345
5,2,edited,133,32.0,48.83212537745267
5,2,edited,123,18.0,7.000000018458033
5,2,edited,189,188.0,132.40763159588454
5,2,edited,151,277.0,369.9852336308069
5,2,edited,186,130.0,60.984310637028024
5,2,edited,51,24.0,16.5776929011202
5,2,edited,158,12.0,9.835066062261314
5,2,edited,161,24.0,39.15609882354011
5,2,edited,188,113.0,59.7866813690058
5,2,edited,109,18.0,21.876830671920967
5,2,edited,2,220.0,324.57199961309664
5,2,edited,132,26.0,52.10034148999885
5,2,edited,172,41.0,92.0180063605813
5,2,edited,77,53.0,81.57989250583326
5,2,edited,111,37.0,18.928993362929916
5,2,edited,45,72.0,52.00518309974766
5,2,edited,149,105.0,43.095274674980885
5,2,edited,100,24.0,24.061204325337965
5,2,edited,183,22.0,34.876927857827056
5,2,edited,128,70.0,52.70795580824815
5,2,edited,116,66.0,75.9999795747528
5,2,edited,163,42.0,56.71216554004716
5,2,edited,81,38.0,73.30467076474626
5,2,edited,182,11.0,24.281204651961858
5,2,edited,90,141.0,123.30267232112875
5,2,edited,162,34.0,41.3388843668334
5,2,edited,134,45.0,54.67228969965872
5,2,edited,184,33.0,36.322679655951504
5,2,edited,122,12.0,7.000000016764329
5,2,edited,68,32.0,25.846732817871693
5,2,edited,185,58.0,54.418609634664904
5,2,edited,196,307.0,130.3177653549861
5,2,edited,32,32.0,63.0000002635077
5,2,edited,129,80.0,52.70795580824815
5,2,edited,57,12.0,18.000055984442206
5,2,edited,75,50.0,36.163622282930056
5,2,edited,176,30.0,16.08959680889153
5,2,edited,14,10.0,28.636508573697814
5,2,edited,144,86.0,66.00242561298406
5,2,edited,19,120.0,72.5465101257954
5,2,edited,18,31.0,32.76780423751663
5,2,edited,156,510.0,509.9991627157275
5,2,edited,78,36.0,41.664078434570946
5,2,edited,47,20.0,18.198164640946125
5,2,edited,164,46.0,65.60412795660694
5,2,edited,155,326.0,369.9876086395667
5,2,edited,82,38.0,30.000000063254106
5,2,edited,199,1150.0,31.660337536577995
5,2,edited,124,20.0,17.86063596947867
5,2,edited,103,13.0,7.000000070722509
5,2,edited,66,17.0,29.800279360276022
5,2,edited,146,93.0,110.99533396973186
5,2,edited,187,75.0,51.39182615942911
5,2,edited,206,52.0,40.42422282191051
5,2,edited,8,636.0,465.01556494236354
5,2,edited,175,50.0,75.93092153687269
5,2,edited,10,38.0,37.00907788097845
5,2,edited,190,173.0,132.0668542796458
5,2,edited,120,100.0,57.98053412366333
5,2,edited,198,915.0,30.023812104490048
5,2,edited,84,22.0,51.23143051942002
5,2,edited,171,30.0,17.690362032916003
5,2,edited,159,17.0,27.84745254066353
5,2,edited,38,71.0,55.76571567809586
5,2,edited,80,16.0,40.23155568373429
5,2,edited,139,40.0,24.446108625620116
5,2,edited,195,208.0,116.97679708547092
5,2,edited,1,269.0,324.57199961309664
5,2,edited,6,367.0,465.0000000000461
5,2,edited,24,23.0,38.12313252188452
5,2,edited,165,51.0,115.99999973650007
5,2,edited,174,50.0,30.315542656658284
5,2,edited,150,214.0,132.00000222269756
5,2,edited,117,24.0,30.887212885425246
5,2,edited,119,66.0,48.862645148897116
5,2,edited,34,106.0,128.0275152309534
5,2,edited,58,14.0,18.000055984442206
5,2,edited,62,36.0,27.985553207019862
5,2,edited,7,489.0,465.0000000000461
5,2,edited,85,29.0,39.841475019581246
5,2,edited,69,32.0,29.317257508941736
5,2,edited,63,144.0,68.19987924459282
5,2,edited,26,33.0,45.724046672970076
5,2,edited,22,61.0,75.9999994285421
5,2,edited,35,208.0,127.77922735569908
5,2,edited,141,60.0,62.000919304940744
5,2,edited,83,16.0,29.587786402177997
5,2,edited,55,60.0,50.21689132147172
5,2,edited,130,136.0,100.00120853165832
5,2,edited,61,22.0,18.000055984442206
5,2,edited,65,259.0,120.09955747297553
5,2,edited,112,40.0,34.00002718694842
5,2,edited,91,189.0,123.30267232112875
5,2,edited,52,138.0,75.80990229910437
5,2,edited,56,71.0,52.10622367651063
5,2,edited,205,46.0,62.85658581460822
5,2,edited,93,132.0,54.45572692683934
5,2,edited,67,26.0,31.567677779229243
5,2,edited,181,6.0,24.397675403020365
5,2,edited,202,18.0,13.824982282019285
5,2,condensed,192,405.0,288.34165542529564
5,2,condensed,16,19.0,32.22334491012084
5,2,condensed,25,69.0,29.89485862692649
5,2,condensed,178,38.0,31.24841180711626
5,2,condensed,133,32.0,50.85571135198816
5,2,condensed,123,18.0,16.016609443633552
5,2,condensed,189,188.0,136.02979215791734
5,2,condensed,151,277.0,369.66319725054274
5,2,condensed,186,130.0,130.60823454595047
5,2,condensed,51,24.0,15.929967043474761
5,2,condensed,158,12.0,11.166208445077222
5,2,condensed,161,24.0,34.00501545919242
5,2,condensed,188,113.0,128.72099286489777
5,2,condensed,109,18.0,21.637164961652545
5,2,condensed,2,220.0,172.0032963970995
5,2,condensed,132,26.0,52.31358586845494
5,2,condensed,172,41.0,91.99935843549059
5,2,condensed,77,53.0,81.10818178232054
5,2,condensed,111,37.0,20.207290088671506
5,2,condensed,45,72.0,46.95783511957489
5,2,condensed,149,105.0,43.86840614483602
5,2,condensed,100,24.0,23.8865926040793
5,2,condensed,183,22.0,35.530567190289204
5,2,condensed,128,70.0,51.97648183098203
5,2,condensed,116,66.0,75.9953333971871
5,2,condensed,163,42.0,46.50556222474055
5,2,condensed,81,38.0,65.99259463008795
5,2,condensed,182,11.0,25.954271930617445
5,2,condensed,90,141.0,123.69288756390681
5,2,condensed,162,34.0,36.256829154314346
5,2,condensed,134,45.0,56.182161792770124
5,2,condensed,184,33.0,40.335719724532396
5,2,condensed,122,12.0,15.599769778086317
5,2,condensed,68,32.0,37.15180073998094
5,2,condensed,185,58.0,55.078676852951034
5,2,condensed,196,307.0,397.0
5,2,condensed,32,32.0,63.00038633261166
5,2,condensed,129,80.0,51.97648183098203
5,2,condensed,57,12.0,21.12092010355008
5,2,condensed,75,50.0,39.23955484768535
5,2,condensed,176,30.0,14.914257489689554
5,2,condensed,14,10.0,31.179475633283488
5,2,condensed,144,86.0,88.97288282387396
5,2,condensed,19,120.0,301.3625932703066
5,2,condensed,18,31.0,35.30677044820547
5,2,condensed,156,510.0,509.88147792990554
5,2,condensed,78,36.0,43.99863652315064
5,2,condensed,47,20.0,20.27035627949748
5,2,condensed,164,46.0,51.05681205762873
5,2,condensed,155,326.0,369.69771349416834
5,2,condensed,82,38.0,30.00000261304049
5,2,condensed,199,1150.0,181.48896257825544
5,2,condensed,124,20.0,14.17174864857423
5,2,condensed,103,13.0,15.111212867030371
5,2,condensed,66,17.0,27.221442961473556
5,2,condensed,146,93.0,110.89592418045656
5,2,condensed,187,75.0,69.82371706308771
5,2,condensed,206,52.0,39.16720783052743
5,2,condensed,8,636.0,465.29307507547816
5,2,condensed,175,50.0,74.84384983102511
5,2,condensed,10,38.0,39.725630229194834
5,2,condensed,190,173.0,136.8305731106374
5,2,condensed,120,100.0,98.70125012504955
5,2,condensed,198,915.0,31.1017388706262
5,2,condensed,84,22.0,46.688630758323896
5,2,condensed,171,30.0,20.104265197161535
5,2,condensed,159,17.0,21.76440989322819
5,2,condensed,38,71.0,43.06827236730997
5,2,condensed,80,16.0,41.50039305950145
5,2,condensed,139,40.0,25.64299249228009
5,2,condensed,195,208.0,223.92939855677113
5,2,condensed,1,269.0,172.0032963970995
5,2,condensed,6,367.0,465.00000170645893
5,2,condensed,24,23.0,40.890289462587695
5,2,condensed,165,51.0,115.99961567958746
5,2,condensed,174,50.0,31.225348217044704
5,2,condensed,150,214.0,132.0014239940596
5,2,condensed,117,24.0,28.322974231713058
5,2,condensed,119,66.0,48.53537236940086
5,2,condensed,34,106.0,213.70757624385192
5,2,condensed,58,14.0,21.12092010355008
5,2,condensed,62,36.0,29.44521943658346
5,2,condensed,7,489.0,465.00000170645893
5,2,condensed,85,29.0,39.096602927862776
5,2,condensed,69,32.0,31.046204716031585
5,2,condensed,63,144.0,142.49519428490447
5,2,condensed,26,33.0,46.4183539088618
5,2,condensed,22,61.0,65.7685425128942
5,2,condensed,35,208.0,213.7331689811735
5,2,condensed,141,60.0,62.0690713796406
5,2,condensed,83,16.0,33.57779423056024
5,2,condensed,55,60.0,52.067922025699616
5,2,condensed,130,136.0,100.07411889501891
5,2,condensed,61,22.0,21.12092010355008
5,2,condensed,65,259.0,143.99946880222336
5,2,condensed,112,40.0,35.81807788360618
5,2,condensed,91,189.0,123.69288756390681
5,2,condensed,52,138.0,74.69431448838127
5,2,condensed,56,71.0,49.86369751467406
5,2,condensed,205,46.0,64.72387211364494
5,2,condensed,93,132.0,67.64105681142516
5,2,condensed,67,26.0,29.975931750751055
5,2,condensed,181,6.0,25.25885306975007
5,2,condensed,202,18.0,12.407838138608508
