repetition,fold,model,row_position,actual,prediction
1,1,null,436,0.43178241642553783,1.1786055783445546
1,1,null,210,3.2280337626529665,1.1786055783445546
1,1,null,238,6.995619625423205,1.1786055783445546
1,1,null,89,0.0,1.1786055783445546
1,1,null,461,0.0,1.1786055783445546
1,1,null,148,0.7275486072772779,1.1786055783445546
1,1,null,196,2.4790562361098245,1.1786055783445546
1,1,null,404,1.951608170169951,1.1786055783445546
1,1,null,337,4.04375277610604,1.1786055783445546
1,1,null,134,0.0,1.1786055783445546
1,1,null,12,0.0,1.1786055783445546
1,1,null,282,0.0,1.1786055783445546
1,1,null,67,0.0,1.1786055783445546
1,1,null,391,3.4397768636296306,1.1786055783445546
1,1,null,229,4.280824129164719,1.1786055783445546
1,1,null,201,2.5726122302071057,1.1786055783445546
1,1,null,479,5.633109621361155,1.1786055783445546
1,1,null,7,0.0,1.1786055783445546
1,1,null,480,1.3217558399823195,1.1786055783445546
1,1,null,513,4.012592060349841,1.1786055783445546
1,1,null,289,0.0,1.1786055783445546
1,1,null,25,0.0,1.1786055783445546
1,1,null,92,0.0,1.1786055783445546
1,1,null,233,4.669646205172456,1.1786055783445546
1,1,null,423,0.5423242908253617,1.1786055783445546
1,1,null,181,1.8625285401162623,1.1786055783445546
1,1,null,75,0.0,1.1786055783445546
1,1,null,250,0.5187937934151676,1.1786055783445546
1,1,null,373,0.0,1.1786055783445546
1,1,null,165,1.144222799920162,1.1786055783445546
1,1,null,371,0.0,1.1786055783445546
1,1,null,482,0.8285518175661483,1.1786055783445546
1,1,null,149,0.7514160886839212,1.1786055783445546
1,1,null,305,0.0,1.1786055783445546
1,1,null,70,0.0,1.1786055783445546
1,1,null,255,0.0,1.1786055783445546
1,1,null,321,2.105352923464337,1.1786055783445546
1,1,null,413,0.0,1.1786055783445546
1,1,null,54,0.0,1.1786055783445546
1,1,null,364,1.8946168546677629,1.1786055783445546
1,1,null,169,1.2669476034873244,1.1786055783445546
1,1,null,324,1.6900958154515549,1.1786055783445546
1,1,null,215,3.389799336709786,1.1786055783445546
1,1,null,469,4.129228964075603,1.1786055783445546
1,1,null,475,1.4327007339340463,1.1786055783445546
1,1,null,158,0.9707789171582246,1.1786055783445546
1,1,null,136,0.0,1.1786055783445546
1,1,null,484,3.311637304949512,1.1786055783445546
1,1,null,95,0.0,1.1786055783445546
1,1,null,503,1.0818051703517284,1.1786055783445546
1,1,null,351,2.1174596088673567,1.1786055783445546
1,1,null,186,2.1029138978649784,1.1786055783445546
1,1,null,263,0.9400072584914712,1.1786055783445546
1,1,null,257,0.5187937934151676,1.1786055783445546
1,1,null,356,0.8153648132841944,1.1786055783445546
1,1,null,354,1.9416152247724325,1.1786055783445546
1,1,null,468,2.0294631718735947,1.1786055783445546
1,1,null,496,1.3270750014599193,1.1786055783445546
1,1,null,88,0.0,1.1786055783445546
1,1,null,399,0.0,1.1786055783445546
1,1,null,488,3.8649313978942956,1.1786055783445546
1,1,null,248,0.0,1.1786055783445546
1,1,null,214,3.389799336709786,1.1786055783445546
1,1,null,37,0.0,1.1786055783445546
1,1,null,412,0.9669838461896731,1.1786055783445546
1,1,null,270,0.41871033485818504,1.1786055783445546
1,1,null,395,3.966132331075178,1.1786055783445546
1,1,null,276,2.93651291389402,1.1786055783445546
1,1,null,161,1.0647107369924282,1.1786055783445546
1,1,null,216,3.4170707308184456,1.1786055783445546
1,1,null,207,2.9014215940827497,1.1786055783445546
1,1,null,379,0.0,1.1786055783445546
1,1,null,173,1.4036429994545037,1.1786055783445546
1,1,null,112,0.0,1.1786055783445546
1,1,null,18,0.0,1.1786055783445546
1,1,null,153,0.9001613499442714,1.1786055783445546
1,1,null,11,0.0,1.1786055783445546
1,1,null,443,0.0,1.1786055783445546
1,1,null,205,2.745345985845907,1.1786055783445546
1,1,null,335,0.0,1.1786055783445546
1,1,null,344,1.9600947840472698,1.1786055783445546
1,1,null,454,0.0,1.1786055783445546
1,1,null,66,0.0,1.1786055783445546
1,1,null,9,0.0,1.1786055783445546
1,1,null,476,1.0152306797290584,1.1786055783445546
1,1,null,59,0.0,1.1786055783445546
1,1,null,445,0.0,1.1786055783445546
1,1,null,452,0.0,1.1786055783445546
1,1,null,4,0.0,1.1786055783445546
1,1,null,94,0.0,1.1786055783445546
1,1,null,48,0.0,1.1786055783445546
1,1,null,323,1.1568811967920856,1.1786055783445546
1,1,null,93,0.0,1.1786055783445546
1,1,null,350,1.5496879080283263,1.1786055783445546
1,1,null,383,3.7812307151781224,1.1786055783445546
1,1,null,328,0.0,1.1786055783445546
1,1,null,251,0.2151113796169455,1.1786055783445546
1,1,null,402,0.0,1.1786055783445546
1,1,null,32,0.0,1.1786055783445546
1,1,null,155,0.9400072584914712,1.1786055783445546
1,1,null,128,0.0,1.1786055783445546
1,1,null,121,0.0,1.1786055783445546
1,1,null,227,4.08260930600368,1.1786055783445546
1,1,null,130,0.0,1.1786055783445546
1,1,null,81,0.0,1.1786055783445546
1,1,null,308,0.0,1.1786055783445546
1,1,null,311,2.727199019940971,1.1786055783445546
1,1,null,361,1.597365331199831,1.1786055783445546
1,1,null,52,0.0,1.1786055783445546
1,1,null,438,2.005525858729668,1.1786055783445546
1,1,null,342,0.0,1.1786055783445546
1,1,null,28,0.0,1.1786055783445546
1,1,null,465,2.0592388343623163,1.1786055783445546
1,1,null,209,3.1949928844048685,1.1786055783445546
1,1,null,106,0.0,1.1786055783445546
1,1,null,449,0.0,1.1786055783445546
1,1,null,14,0.0,1.1786055783445546
1,1,null,21,0.0,1.1786055783445546
1,1,null,218,3.487986511734546,1.1786055783445546
1,1,null,462,1.5496879080283263,1.1786055783445546
1,1,null,266,0.1570037488096647,1.1786055783445546
1,1,null,347,0.0,1.1786055783445546
1,1,null,490,0.0,1.1786055783445546
1,1,null,382,1.925707441737794,1.1786055783445546
1,1,null,39,0.0,1.1786055783445546
1,1,null,405,0.0,1.1786055783445546
1,1,null,188,2.128231705849268,1.1786055783445546
1,1,null,13,0.0,1.1786055783445546
1,1,null,189,2.2235418856535927,1.1786055783445546
1,1,null,400,2.214846178686039,1.1786055783445546
1,1,null,414,0.0,1.1786055783445546
1,1,null,220,3.4986265269937014,1.1786055783445546
1,1,null,5,0.0,1.1786055783445546
1,1,null,85,0.0,1.1786055783445546
1,1,null,424,1.7850704810772584,1.1786055783445546
1,1,null,418,1.235471471385307,1.1786055783445546
1,1,null,422,1.9878743481543455,1.1786055783445546
1,1,null,385,2.833213344056216,1.1786055783445546
1,1,null,332,2.503073953743449,1.1786055783445546
1,1,null,278,3.136797713832594,1.1786055783445546
1,1,null,359,2.21046980408624,1.1786055783445546
1,1,null,78,0.0,1.1786055783445546
1,1,null,487,2.856470206220483,1.1786055783445546
1,1,null,375,3.6975913947159578,1.1786055783445546
1,1,null,507,0.0,1.1786055783445546
1,1,null,114,0.0,1.1786055783445546
1,1,null,170,1.2725655957915476,1.1786055783445546
1,1,null,339,0.9042181506398858,1.1786055783445546
1,1,null,123,0.0,1.1786055783445546
1,1,null,301,1.5085119938441398,1.1786055783445546
1,1,null,103,0.0,1.1786055783445546
1,1,null,90,0.0,1.1786055783445546
1,1,null,199,2.511223958105374,1.1786055783445546
1,1,null,274,2.5006159434931803,1.1786055783445546
1,1,null,444,2.3942522815198695,1.1786055783445546
1,1,null,206,2.800325477211381,1.1786055783445546
1,1,null,87,0.0,1.1786055783445546
1,1,null,221,3.607669398688393,1.1786055783445546
1,1,null,142,0.47623417899637155,1.1786055783445546
1,1,null,111,0.0,1.1786055783445546
1,1,null,329,1.4655675420143985,1.1786055783445546
1,1,null,429,1.4350845252893227,1.1786055783445546
1,1,null,277,2.462149662665384,1.1786055783445546
1,1,null,407,0.0,1.1786055783445546
1,1,null,349,0.9707789171582246,1.1786055783445546
1,1,null,481,0.0,1.1786055783445546
1,1,null,187,2.1162555148025524,1.1786055783445546
1,1,null,65,0.0,1.1786055783445546
1,1,null,500,0.0,1.1786055783445546
1,1,null,99,0.0,1.1786055783445546
1,1,null,71,0.0,1.1786055783445546
1,1,null,474,2.405141681319138,1.1786055783445546
1,1,null,69,0.0,1.1786055783445546
1,1,null,410,0.0,1.1786055783445546
1,1,null,434,0.0,1.1786055783445546
1,1,null,125,0.0,1.1786055783445546
1,1,null,177,1.7387102481382397,1.1786055783445546
1,1,null,224,3.6560979645895566,1.1786055783445546
1,1,null,508,0.0,1.1786055783445546
1,1,null,117,0.0,1.1786055783445546
1,1,null,74,0.0,1.1786055783445546
1,1,null,372,0.0,1.1786055783445546
1,1,null,10,0.0,1.1786055783445546
1,1,null,116,0.0,1.1786055783445546
1,1,null,453,0.0,1.1786055783445546
1,1,null,157,0.9669838461896731,1.1786055783445546
1,1,null,63,0.0,1.1786055783445546
1,1,null,223,3.6381123370602833,1.1786055783445546
1,1,null,439,0.28517894223366247,1.1786055783445546
1,1,null,1,0.0,1.1786055783445546
1,1,null,42,0.0,1.1786055783445546
1,1,null,122,0.0,1.1786055783445546
1,1,null,17,0.0,1.1786055783445546
1,1,null,167,1.2556160374777743,1.1786055783445546
1,1,null,297,0.0,1.1786055783445546
1,1,null,309,0.0,1.1786055783445546
1,1,null,76,0.0,1.1786055783445546
1,1,null,313,0.0,1.1786055783445546
1,1,null,296,0.6418538861723947,1.1786055783445546
1,1,null,208,3.007166651179654,1.1786055783445546
1,1,null,325,0.0,1.1786055783445546
1,1,null,31,0.0,1.1786055783445546
1,1,null,129,0.0,1.1786055783445546
1,1,null,463,1.8547342683894434,1.1786055783445546
1,1,null,105,0.0,1.1786055783445546
1,1,null,290,0.0,1.1786055783445546
1,1,null,485,1.1216775615991057,1.1786055783445546
1,1,null,267,0.0,1.1786055783445546
1,1,null,398,0.0,1.1786055783445546
1,1,null,212,3.3006401266708405,1.1786055783445546
1,1,null,467,1.8794650496471605,1.1786055783445546
1,1,null,43,0.0,1.1786055783445546
1,1,null,493,3.7914360424390283,1.1786055783445546
1,1,null,160,1.0116009116784799,1.1786055783445546
1,1,null,317,1.5644405465033644,1.1786055783445546
1,1,null,57,0.0,1.1786055783445546
1,1,null,279,2.3767644911682972,1.1786055783445546
1,1,null,23,0.0,1.1786055783445546
1,1,null,420,5.229824370102736,1.1786055783445546
1,1,null,272,1.4085449700547104,1.1786055783445546
1,1,null,15,0.0,1.1786055783445546
1,1,null,432,0.0,1.1786055783445546
1,1,null,316,0.0,1.1786055783445546
1,1,null,109,0.0,1.1786055783445546
1,1,null,137,0.0,1.1786055783445546
1,1,null,190,2.231089091288976,1.1786055783445546
1,1,null,287,0.0,1.1786055783445546
1,1,null,451,2.3711778844596574,1.1786055783445546
1,1,null,16,0.0,1.1786055783445546
1,1,null,300,0.0,1.1786055783445546
1,1,null,240,0.0,1.1786055783445546
1,1,null,110,0.0,1.1786055783445546
1,1,null,483,0.0,1.1786055783445546
1,1,null,431,1.9960599327407849,1.1786055783445546
1,1,null,195,2.3997118037247684,1.1786055783445546
1,1,null,34,0.0,1.1786055783445546
1,1,null,286,0.0,1.1786055783445546
1,1,null,314,0.9477893989335261,1.1786055783445546
1,1,null,458,1.463255402256019,1.1786055783445546
1,1,null,35,0.0,1.1786055783445546
1,1,null,333,1.1410330045520618,1.1786055783445546
1,1,null,182,1.998773638612381,1.1786055783445546
1,1,null,49,0.0,1.1786055783445546
1,1,null,6,0.0,1.1786055783445546
1,1,null,102,0.0,1.1786055783445546
1,1,null,175,1.7101878155342434,1.1786055783445546
1,1,null,139,0.3576744442718159,1.1786055783445546
1,1,null,506,0.0,1.1786055783445546
1,1,null,41,0.0,1.1786055783445546
1,1,null,366,1.0116009116784799,1.1786055783445546
1,1,null,22,0.0,1.1786055783445546
1,1,null,275,1.8531680973566984,1.1786055783445546
1,1,null,163,1.0818051703517284,1.1786055783445546
1,1,null,320,3.5655812377694427,1.1786055783445546
1,1,null,303,0.0,1.1786055783445546
1,1,null,113,0.0,1.1786055783445546
1,1,null,437,0.0,1.1786055783445546
1,1,null,491,0.0,1.1786055783445546
1,1,null,141,0.4382549309311553,1.1786055783445546
1,1,knn,436,0.43178241642553783,0.9797464420793865
1,1,knn,210,3.2280337626529665,0.6071280393001078
1,1,knn,238,6.995619625423205,0.9948236447017418
1,1,knn,89,0.0,1.164073409327211
1,1,knn,461,0.0,1.0700815727349853
1,1,knn,148,0.7275486072772779,0.0
1,1,knn,196,2.4790562361098245,1.372963853243869
1,1,knn,404,1.951608170169951,2.3221792755498254
1,1,knn,337,4.04375277610604,0.0
1,1,knn,134,0.0,0.24726816424199755
1,1,knn,12,0.0,0.8325773232305532
1,1,knn,282,0.0,2.3258031410980933
1,1,knn,67,0.0,0.0
1,1,knn,391,3.4397768636296306,1.6085649290884467
1,1,knn,229,4.280824129164719,3.0683717424453945
1,1,knn,201,2.5726122302071057,1.3926171919779988
1,1,knn,479,5.633109621361155,0.5542138054444229
1,1,knn,7,0.0,1.6254922696110425
1,1,knn,480,1.3217558399823195,2.509295621237064
1,1,knn,513,4.012592060349841,1.980841544001684
1,1,knn,289,0.0,1.0401310867648224
1,1,knn,25,0.0,0.6735009586288059
1,1,knn,92,0.0,2.4535338639614586
1,1,knn,233,4.669646205172456,0.22447568801221784
1,1,knn,423,0.5423242908253617,1.1471865069271876
1,1,knn,181,1.8625285401162623,1.3312306964824232
1,1,knn,75,0.0,1.004676512417157
1,1,knn,250,0.5187937934151676,1.519569789586026
1,1,knn,373,0.0,1.8043748175617473
1,1,knn,165,1.144222799920162,1.862975534186493
1,1,knn,371,0.0,0.8347863768246967
1,1,knn,482,0.8285518175661483,0.18845695363570616
1,1,knn,149,0.7514160886839212,0.7551969989121119
1,1,knn,305,0.0,1.6236536778871076
1,1,knn,70,0.0,0.4204963420340805
1,1,knn,255,0.0,1.7920874840452503
1,1,knn,321,2.105352923464337,1.6771690905722352
1,1,knn,413,0.0,1.3981567627408273
1,1,knn,54,0.0,1.2657374561823516
1,1,knn,364,1.8946168546677629,1.0154986023700725
1,1,knn,169,1.2669476034873244,0.9792203979971967
1,1,knn,324,1.6900958154515549,0.7643060272218586
1,1,knn,215,3.389799336709786,0.22258681597113114
1,1,knn,469,4.129228964075603,0.7800362353498256
1,1,knn,475,1.4327007339340463,0.9162433675145278
1,1,knn,158,0.9707789171582246,2.0282724217540107
1,1,knn,136,0.0,1.2266153614921396
1,1,knn,484,3.311637304949512,1.9801271245863066
1,1,knn,95,0.0,0.9880210322203361
1,1,knn,503,1.0818051703517284,2.0705426670664
1,1,knn,351,2.1174596088673567,1.915511722955146
1,1,knn,186,2.1029138978649784,0.4768102016465981
1,1,knn,263,0.9400072584914712,0.8098060698744213
1,1,knn,257,0.5187937934151676,1.22611425637161
1,1,knn,356,0.8153648132841944,2.7765120308122575
1,1,knn,354,1.9416152247724325,0.9488104032834017
1,1,knn,468,2.0294631718735947,1.1643636613573285
1,1,knn,496,1.3270750014599193,2.1601218113074303
1,1,knn,88,0.0,0.6388833216931811
1,1,knn,399,0.0,1.422479945037782
1,1,knn,488,3.8649313978942956,1.0112855728193022
1,1,knn,248,0.0,4.180904193696744
1,1,knn,214,3.389799336709786,0.22258681597113114
1,1,knn,37,0.0,0.9400356918365366
1,1,knn,412,0.9669838461896731,1.6850238305034402
1,1,knn,270,0.41871033485818504,2.3310217146679792
1,1,knn,395,3.966132331075178,0.4900467939444009
1,1,knn,276,2.93651291389402,2.159892714021522
1,1,knn,161,1.0647107369924282,0.7411818698648599
1,1,knn,216,3.4170707308184456,0.9576114572552741
1,1,knn,207,2.9014215940827497,1.0154058755003548
1,1,knn,379,0.0,0.0
1,1,knn,173,1.4036429994545037,1.549401096526287
1,1,knn,112,0.0,1.2017125904287977
1,1,knn,18,0.0,2.6118585728461476
1,1,knn,153,0.9001613499442714,0.32976193561918604
1,1,knn,11,0.0,0.6912911969726868
1,1,knn,443,0.0,0.6650569388400184
1,1,knn,205,2.745345985845907,0.829939846647585
1,1,knn,335,0.0,0.45614945688576924
1,1,knn,344,1.9600947840472698,0.0
1,1,knn,454,0.0,0.7245910681219446
1,1,knn,66,0.0,0.0
1,1,knn,9,0.0,1.3848087162811835
1,1,knn,476,1.0152306797290584,0.2959170261504903
1,1,knn,59,0.0,0.2472580720451283
1,1,knn,445,0.0,1.9660159100526347
1,1,knn,452,0.0,0.8595070859573063
1,1,knn,4,0.0,0.0
1,1,knn,94,0.0,1.6087149973152983
1,1,knn,48,0.0,0.24734414404374164
1,1,knn,323,1.1568811967920856,0.6948072695537949
1,1,knn,93,0.0,2.148368386976142
1,1,knn,350,1.5496879080283263,0.0
1,1,knn,383,3.7812307151781224,0.950574954455584
1,1,knn,328,0.0,0.2456938307481703
1,1,knn,251,0.2151113796169455,0.352554149323473
1,1,knn,402,0.0,2.897444545838033
1,1,knn,32,0.0,0.8093750966114379
1,1,knn,155,0.9400072584914712,0.8511316696958123
1,1,knn,128,0.0,1.2853656280526957
1,1,knn,121,0.0,1.0804092944798962
1,1,knn,227,4.08260930600368,2.453443834635602
1,1,knn,130,0.0,0.0
1,1,knn,81,0.0,4.198433730722828
1,1,knn,308,0.0,2.1576705129239
1,1,knn,311,2.727199019940971,0.0
1,1,knn,361,1.597365331199831,0.0
1,1,knn,52,0.0,1.4749704824059446
1,1,knn,438,2.005525858729668,1.3973133344608708
1,1,knn,342,0.0,1.5493487750619435
1,1,knn,28,0.0,0.0
1,1,knn,465,2.0592388343623163,0.0
1,1,knn,209,3.1949928844048685,0.0
1,1,knn,106,0.0,1.1644714718959686
1,1,knn,449,0.0,0.6734259068942446
1,1,knn,14,0.0,2.4926881685312794
1,1,knn,21,0.0,1.549393649235729
1,1,knn,218,3.487986511734546,0.8302840483283819
1,1,knn,462,1.5496879080283263,0.9309682595008182
1,1,knn,266,0.1570037488096647,0.6684294480929747
1,1,knn,347,0.0,0.0
1,1,knn,490,0.0,2.436845294872073
1,1,knn,382,1.925707441737794,3.4472906279684694
1,1,knn,39,0.0,0.24735090271523114
1,1,knn,405,0.0,2.361555135923181
1,1,knn,188,2.128231705849268,2.389399077175338
1,1,knn,13,0.0,2.564728795042254
1,1,knn,189,2.2235418856535927,1.6048147667415116
1,1,knn,400,2.214846178686039,1.422479945037782
1,1,knn,414,0.0,1.804341576866097
1,1,knn,220,3.4986265269937014,1.041940930067901
1,1,knn,5,0.0,2.45338530479152
1,1,knn,85,0.0,2.4268149463559987
1,1,knn,424,1.7850704810772584,2.472482498433366
1,1,knn,418,1.235471471385307,1.7673160647275645
1,1,knn,422,1.9878743481543455,0.7781748926130726
1,1,knn,385,2.833213344056216,2.1571371483099453
1,1,knn,332,2.503073953743449,0.24570786347488627
1,1,knn,278,3.136797713832594,2.159892714021522
1,1,knn,359,2.21046980408624,1.6775704018381312
1,1,knn,78,0.0,2.572495830849902
1,1,knn,487,2.856470206220483,1.674263642727259
1,1,knn,375,3.6975913947159578,1.1051082221816262
1,1,knn,507,0.0,1.3387683826019627
1,1,knn,114,0.0,1.4333342487311096
1,1,knn,170,1.2725655957915476,1.5493736328261416
1,1,knn,339,0.9042181506398858,1.78491576118082
1,1,knn,123,0.0,1.1977045805514432
1,1,knn,301,1.5085119938441398,0.4839560818979248
1,1,knn,103,0.0,2.8572905667838047
1,1,knn,90,0.0,1.1049409111825064
1,1,knn,199,2.511223958105374,0.6687596048569736
1,1,knn,274,2.5006159434931803,1.3416370562582427
1,1,knn,444,2.3942522815198695,0.0
1,1,knn,206,2.800325477211381,1.557404546850065
1,1,knn,87,0.0,2.4270323143635313
1,1,knn,221,3.607669398688393,1.2357023318080635
1,1,knn,142,0.47623417899637155,2.48457062621921
1,1,knn,111,0.0,1.2249830513785716
1,1,knn,329,1.4655675420143985,1.5562813951219663
1,1,knn,429,1.4350845252893227,2.320046677405141
1,1,knn,277,2.462149662665384,2.1597042291768904
1,1,knn,407,0.0,0.0
1,1,knn,349,0.9707789171582246,0.139550796865893
1,1,knn,481,0.0,2.1735384218105374
1,1,knn,187,2.1162555148025524,1.5028784434879336
1,1,knn,65,0.0,0.6402583283499196
1,1,knn,500,0.0,0.7761981181766274
1,1,knn,99,0.0,2.181227307204672
1,1,knn,71,0.0,0.0
1,1,knn,474,2.405141681319138,1.401864738462502
1,1,knn,69,0.0,0.0
1,1,knn,410,0.0,0.0
1,1,knn,434,0.0,2.9004965798605546
1,1,knn,125,0.0,2.051058062849956
1,1,knn,177,1.7387102481382397,1.355042720080196
1,1,knn,224,3.6560979645895566,1.6712820990191262
1,1,knn,508,0.0,0.6390014384456918
1,1,knn,117,0.0,0.22257492486589775
1,1,knn,74,0.0,0.703760536283873
1,1,knn,372,0.0,0.0
1,1,knn,10,0.0,1.1048566409361014
1,1,knn,116,0.0,0.2225998009170833
1,1,knn,453,0.0,0.0
1,1,knn,157,0.9669838461896731,2.4287082218439866
1,1,knn,63,0.0,1.7882527849256047
1,1,knn,223,3.6381123370602833,0.1788272459473375
1,1,knn,439,0.28517894223366247,3.5578041347963887
1,1,knn,1,0.0,0.0
1,1,knn,42,0.0,0.36614761283941333
1,1,knn,122,0.0,2.1821545760466834
1,1,knn,17,0.0,1.3822693009784877
1,1,knn,167,1.2556160374777743,0.7549534879898949
1,1,knn,297,0.0,1.8388023804670108
1,1,knn,309,0.0,2.1195013886188643
1,1,knn,76,0.0,0.388775328219904
1,1,knn,313,0.0,1.5576884579400052
1,1,knn,296,0.6418538861723947,1.1641129172278677
1,1,knn,208,3.007166651179654,0.769462580532512
1,1,knn,325,0.0,2.1195910505678452
1,1,knn,31,0.0,1.321042250410381
1,1,knn,129,0.0,1.2507643809478939
1,1,knn,463,1.8547342683894434,1.7540599083225306
1,1,knn,105,0.0,1.0515770358737762
1,1,knn,290,0.0,1.0540624745506808
1,1,knn,485,1.1216775615991057,2.070491047286379
1,1,knn,267,0.0,1.557465525456373
1,1,knn,398,0.0,2.362245772902516
1,1,knn,212,3.3006401266708405,1.0157256286425949
1,1,knn,467,1.8794650496471605,0.2226256730372936
1,1,knn,43,0.0,1.1470595385411526
1,1,knn,493,3.7914360424390283,0.0
1,1,knn,160,1.0116009116784799,1.387363801493255
1,1,knn,317,1.5644405465033644,2.941713415378848
1,1,knn,57,0.0,0.4562812768014075
1,1,knn,279,2.3767644911682972,2.159892714021522
1,1,knn,23,0.0,1.425064234506555
1,1,knn,420,5.229824370102736,1.7575997190907628
1,1,knn,272,1.4085449700547104,0.5621379300822309
1,1,knn,15,0.0,0.09227153466636773
1,1,knn,432,0.0,4.387680384147357
1,1,knn,316,0.0,1.6766285643809815
1,1,knn,109,0.0,2.7866105024908134
1,1,knn,137,0.0,1.2262961444373814
1,1,knn,190,2.231089091288976,0.0
1,1,knn,287,0.0,0.6416422635916544
1,1,knn,451,2.3711778844596574,0.8032120138342632
1,1,knn,16,0.0,0.22257159389236963
1,1,knn,300,0.0,1.4253659449259222
1,1,knn,240,0.0,1.7155603847656917
1,1,knn,110,0.0,1.4338315449912309
1,1,knn,483,0.0,4.448932690205529
1,1,knn,431,1.9960599327407849,2.0284681929336945
1,1,knn,195,2.3997118037247684,0.3787701882498595
1,1,knn,34,0.0,0.0
1,1,knn,286,0.0,1.0960916556771516
1,1,knn,314,0.9477893989335261,1.549307037789867
1,1,knn,458,1.463255402256019,1.0700815727349853
1,1,knn,35,0.0,0.11452350121762857
1,1,knn,333,1.1410330045520618,1.1962016169902543
1,1,knn,182,1.998773638612381,0.4900586033423895
1,1,knn,49,0.0,1.4341127566582104
1,1,knn,6,0.0,1.4456752956391699
1,1,knn,102,0.0,0.0
1,1,knn,175,1.7101878155342434,1.147188095864104
1,1,knn,139,0.3576744442718159,2.0959413294015437
1,1,knn,506,0.0,1.6344891830065171
1,1,knn,41,0.0,1.9617242299590327
1,1,knn,366,1.0116009116784799,0.0
1,1,knn,22,0.0,1.3076705049277868
1,1,knn,275,1.8531680973566984,1.351869294100298
1,1,knn,163,1.0818051703517284,0.9506468425540532
1,1,knn,320,3.5655812377694427,0.8927481141599724
1,1,knn,303,0.0,0.2611250500468264
1,1,knn,113,0.0,1.6772693457069061
1,1,knn,437,0.0,1.9376161955876365
1,1,knn,491,0.0,2.4155415597351797
1,1,knn,141,0.4382549309311553,1.5574946179549947
1,1,edited,436,0.43178241642553783,0.41318844031162916
1,1,edited,210,3.2280337626529665,0.4024037716007043
1,1,edited,238,6.995619625423205,0.8997110811279649
1,1,edited,89,0.0,0.12999728008294317
1,1,edited,461,0.0,0.5748321800541552
1,1,edited,148,0.7275486072772779,1.2541166393952015
1,1,edited,196,2.4790562361098245,1.0973189019432883
1,1,edited,404,1.951608170169951,0.9432104890397894
1,1,edited,337,4.04375277610604,0.2757207300489051
1,1,edited,134,0.0,0.20108770775005408
1,1,edited,12,0.0,0.8613677508796496
1,1,edited,282,0.0,0.5428254634189763
1,1,edited,67,0.0,1.1816263940450162
1,1,edited,391,3.4397768636296306,0.9207998867741128
1,1,edited,229,4.280824129164719,0.9368423993185991
1,1,edited,201,2.5726122302071057,0.26378480320741354
1,1,edited,479,5.633109621361155,0.9693560501861106
1,1,edited,7,0.0,0.45764282584135374
1,1,edited,480,1.3217558399823195,0.841496283995695
1,1,edited,513,4.012592060349841,0.7746435902244514
1,1,edited,289,0.0,0.4719632544353736
1,1,edited,25,0.0,0.6509208498810624
1,1,edited,92,0.0,0.672668794534517
1,1,edited,233,4.669646205172456,0.7025889867024292
1,1,edited,423,0.5423242908253617,1.2284930066435784
1,1,edited,181,1.8625285401162623,0.8241914468890785
1,1,edited,75,0.0,0.6220585839535816
1,1,edited,250,0.5187937934151676,0.7424718310466628
1,1,edited,373,0.0,0.6408738156509478
1,1,edited,165,1.144222799920162,0.8729057145656248
1,1,edited,371,0.0,0.5392730182702711
1,1,edited,482,0.8285518175661483,1.178890941012284
1,1,edited,149,0.7514160886839212,0.7750397787393271
1,1,edited,305,0.0,0.9262206029464611
1,1,edited,70,0.0,0.4096542327978511
1,1,edited,255,0.0,1.0962487847070794
1,1,edited,321,2.105352923464337,1.5960041192652694
1,1,edited,413,0.0,0.6342811202050351
1,1,edited,54,0.0,0.9419755998672511
1,1,edited,364,1.8946168546677629,0.34536849318142593
1,1,edited,169,1.2669476034873244,0.6175078821917321
1,1,edited,324,1.6900958154515549,0.5932703160561936
1,1,edited,215,3.389799336709786,0.22796489598273265
1,1,edited,469,4.129228964075603,0.8331232416573082
1,1,edited,475,1.4327007339340463,0.8730923695899334
1,1,edited,158,0.9707789171582246,1.5112132933887197
1,1,edited,136,0.0,0.925100485654469
1,1,edited,484,3.311637304949512,0.9939097330741867
1,1,edited,95,0.0,0.9815042733190601
1,1,edited,503,1.0818051703517284,1.4252971490903124
1,1,edited,351,2.1174596088673567,1.1976753184545026
1,1,edited,186,2.1029138978649784,0.24469215827553448
1,1,edited,263,0.9400072584914712,0.6359394811638378
1,1,edited,257,0.5187937934151676,1.0329689427061532
1,1,edited,356,0.8153648132841944,1.221736839232005
1,1,edited,354,1.9416152247724325,0.4891859075994854
1,1,edited,468,2.0294631718735947,0.1300077113314806
1,1,edited,496,1.3270750014599193,1.545857659197647
1,1,edited,88,0.0,0.9542760382260753
1,1,edited,399,0.0,0.5916166833482147
1,1,edited,488,3.8649313978942956,0.9529892493278553
1,1,edited,248,0.0,0.7520867296471723
1,1,edited,214,3.389799336709786,0.22796489598273265
1,1,edited,37,0.0,0.43963602672234414
1,1,edited,412,0.9669838461896731,0.4856794592164763
1,1,edited,270,0.41871033485818504,0.588739983468451
1,1,edited,395,3.966132331075178,0.5427652562317101
1,1,edited,276,2.93651291389402,1.1835103466121872
1,1,edited,161,1.0647107369924282,1.1477597693821309
1,1,edited,216,3.4170707308184456,0.6974064161488354
1,1,edited,207,2.9014215940827497,0.5446044691141753
1,1,edited,379,0.0,0.6575800386198026
1,1,edited,173,1.4036429994545037,0.6038556920158883
1,1,edited,112,0.0,1.3334790079005845
1,1,edited,18,0.0,0.1974769349429683
1,1,edited,153,0.9001613499442714,0.908582105204184
1,1,edited,11,0.0,0.8153208710421475
1,1,edited,443,0.0,0.6602850116521025
1,1,edited,205,2.745345985845907,0.7571846393027633
1,1,edited,335,0.0,0.32577403036541075
1,1,edited,344,1.9600947840472698,0.22973213271242754
1,1,edited,454,0.0,1.2433684124803104
1,1,edited,66,0.0,1.1818182497003495
1,1,edited,9,0.0,0.47012815900043553
1,1,edited,476,1.0152306797290584,0.6888704632163941
1,1,edited,59,0.0,0.19691253111990065
1,1,edited,445,0.0,0.4206076276464351
1,1,edited,452,0.0,0.5896601027760592
1,1,edited,4,0.0,0.3779875660083446
1,1,edited,94,0.0,0.5958588267969975
1,1,edited,48,0.0,0.33104974653892005
1,1,edited,323,1.1568811967920856,0.9698446176795185
1,1,edited,93,0.0,0.7958657297991442
1,1,edited,350,1.5496879080283263,0.5041875231505897
1,1,edited,383,3.7812307151781224,0.6177043322954635
1,1,edited,328,0.0,0.350243093991945
1,1,edited,251,0.2151113796169455,0.9532071828695833
1,1,edited,402,0.0,0.8561106241634646
1,1,edited,32,0.0,0.2757516357613637
1,1,edited,155,0.9400072584914712,0.59702349520109
1,1,edited,128,0.0,1.1522455817888104
1,1,edited,121,0.0,1.3946186875276831
1,1,edited,227,4.08260930600368,0.7611990611261829
1,1,edited,130,0.0,0.3830682072259744
1,1,edited,81,0.0,0.7628313340289373
1,1,edited,308,0.0,1.0255899429437758
1,1,edited,311,2.727199019940971,0.354526608211074
1,1,edited,361,1.597365331199831,0.9490051959835328
1,1,edited,52,0.0,0.9108924097196454
1,1,edited,438,2.005525858729668,1.2192610799292334
1,1,edited,342,0.0,0.27572843097660776
1,1,edited,28,0.0,0.8154181582014274
1,1,edited,465,2.0592388343623163,0.3050195518432216
1,1,edited,209,3.1949928844048685,0.8539103228839683
1,1,edited,106,0.0,0.0
1,1,edited,449,0.0,0.8557097517563049
1,1,edited,14,0.0,0.9333677403710882
1,1,edited,21,0.0,0.3427603295162495
1,1,edited,218,3.487986511734546,0.7571996795133743
1,1,edited,462,1.5496879080283263,0.7256578721875998
1,1,edited,266,0.1570037488096647,0.7527061322289779
1,1,edited,347,0.0,0.5041875231505897
1,1,edited,490,0.0,1.5573330873036937
1,1,edited,382,1.925707441737794,0.9904222809497142
1,1,edited,39,0.0,0.33109530060428244
1,1,edited,405,0.0,1.5461554033628435
1,1,edited,188,2.128231705849268,0.31853956327949073
1,1,edited,13,0.0,0.544538521680602
1,1,edited,189,2.2235418856535927,0.3312259111216619
1,1,edited,400,2.214846178686039,0.5916166833482147
1,1,edited,414,0.0,0.8235925870981464
1,1,edited,220,3.4986265269937014,0.8297294904917565
1,1,edited,5,0.0,0.6153093525785536
1,1,edited,85,0.0,1.1033538814911006
1,1,edited,424,1.7850704810772584,0.7517808089408395
1,1,edited,418,1.235471471385307,1.0495757394921439
1,1,edited,422,1.9878743481543455,0.7111026430245592
1,1,edited,385,2.833213344056216,1.3972806851263773
1,1,edited,332,2.503073953743449,0.4924958813255382
1,1,edited,278,3.136797713832594,1.1835103466121872
1,1,edited,359,2.21046980408624,1.551348676587124
1,1,edited,78,0.0,0.23648061398260592
1,1,edited,487,2.856470206220483,1.3661067603739676
1,1,edited,375,3.6975913947159578,0.7621838292483643
1,1,edited,507,0.0,1.4953455744190627
1,1,edited,114,0.0,0.521507258505293
1,1,edited,170,1.2725655957915476,0.3502585591723009
1,1,edited,339,0.9042181506398858,1.0799313578018088
1,1,edited,123,0.0,0.8752420738082899
1,1,edited,301,1.5085119938441398,0.5196371203499638
1,1,edited,103,0.0,1.2564298239623466
1,1,edited,90,0.0,0.8128518622663579
1,1,edited,199,2.511223958105374,0.4067531997105243
1,1,edited,274,2.5006159434931803,1.2969694575582695
1,1,edited,444,2.3942522815198695,1.0812500129391347
1,1,edited,206,2.800325477211381,1.1088623117568879
1,1,edited,87,0.0,0.8969992195570414
1,1,edited,221,3.607669398688393,0.9452698492369446
1,1,edited,142,0.47623417899637155,1.0595014248960746
1,1,edited,111,0.0,0.0
1,1,edited,329,1.4655675420143985,0.9980368216524907
1,1,edited,429,1.4350845252893227,1.2033271924365438
1,1,edited,277,2.462149662665384,1.1834377007716241
1,1,edited,407,0.0,0.33111881857572945
1,1,edited,349,0.9707789171582246,0.2968032463024948
1,1,edited,481,0.0,1.057198641773825
1,1,edited,187,2.1162555148025524,1.2055605044495434
1,1,edited,65,0.0,0.8058018347504851
1,1,edited,500,0.0,0.6131048522623496
1,1,edited,99,0.0,1.287004416956558
1,1,edited,71,0.0,0.7562663954156421
1,1,edited,474,2.405141681319138,0.7378866125140725
1,1,edited,69,0.0,0.0
1,1,edited,410,0.0,0.3310581272691763
1,1,edited,434,0.0,1.4003408393424992
1,1,edited,125,0.0,0.9628018711268838
1,1,edited,177,1.7387102481382397,0.9927132023987191
1,1,edited,224,3.6560979645895566,0.5191418933421991
1,1,edited,508,0.0,0.954303391231095
1,1,edited,117,0.0,0.0
1,1,edited,74,0.0,1.074544433253123
1,1,edited,372,0.0,0.5853870060649071
1,1,edited,10,0.0,1.4800441498346129
1,1,edited,116,0.0,0.2279907480420564
1,1,edited,453,0.0,0.9015629033350544
1,1,edited,157,0.9669838461896731,0.45113521539192275
1,1,edited,63,0.0,0.46675531281995924
1,1,edited,223,3.6381123370602833,0.3689285742696939
1,1,edited,439,0.28517894223366247,1.166385158044113
1,1,edited,1,0.0,0.5275136888385199
1,1,edited,42,0.0,0.804854628190727
1,1,edited,122,0.0,0.970396002569997
1,1,edited,17,0.0,0.8240315004881454
1,1,edited,167,1.2556160374777743,0.8904782908127725
1,1,edited,297,0.0,1.2061143277292126
1,1,edited,309,0.0,1.3056933564280133
1,1,edited,76,0.0,0.7326213808405383
1,1,edited,313,0.0,1.0592883227039651
1,1,edited,296,0.6418538861723947,0.44338439183273565
1,1,edited,208,3.007166651179654,1.4157476598948064
1,1,edited,325,0.0,1.4952266774305287
1,1,edited,31,0.0,0.7209067671066048
1,1,edited,129,0.0,1.0058491628677144
1,1,edited,463,1.8547342683894434,1.2390233875566217
1,1,edited,105,0.0,0.6246311532529865
1,1,edited,290,0.0,1.0434660137706022
1,1,edited,485,1.1216775615991057,1.7562659964188982
1,1,edited,267,0.0,1.2548388806348079
1,1,edited,398,0.0,0.853514018444588
1,1,edited,212,3.3006401266708405,0.9465266257929971
1,1,edited,467,1.8794650496471605,0.19746839938730706
1,1,edited,43,0.0,0.9002055267159645
1,1,edited,493,3.7914360424390283,1.2342376912954962
1,1,edited,160,1.0116009116784799,0.19745774559408616
1,1,edited,317,1.5644405465033644,1.1016962022476677
1,1,edited,57,0.0,0.26576094898335956
1,1,edited,279,2.3767644911682972,1.1835103466121872
1,1,edited,23,0.0,1.2342160951863668
1,1,edited,420,5.229824370102736,0.8134459258192074
1,1,edited,272,1.4085449700547104,1.2062157567392242
1,1,edited,15,0.0,1.2470737855263907
1,1,edited,432,0.0,0.5513640192897886
1,1,edited,316,0.0,1.2497255195628245
1,1,edited,109,0.0,1.1076819418641004
1,1,edited,137,0.0,0.6832372226718317
1,1,edited,190,2.231089091288976,0.13000853354695935
1,1,edited,287,0.0,0.34286259697209454
1,1,edited,451,2.3711778844596574,0.7314174223044169
1,1,edited,16,0.0,0.13000648809210055
1,1,edited,300,0.0,0.4009006648849569
1,1,edited,240,0.0,0.3311531824816622
1,1,edited,110,0.0,0.4910010948145042
1,1,edited,483,0.0,0.7807745396884523
1,1,edited,431,1.9960599327407849,1.0057891499960678
1,1,edited,195,2.3997118037247684,0.9628861369395003
1,1,edited,34,0.0,0.27573111639332165
1,1,edited,286,0.0,0.6682680921526313
1,1,edited,314,0.9477893989335261,0.7344542141097855
1,1,edited,458,1.463255402256019,0.5748321800541552
1,1,edited,35,0.0,0.3918453581012689
1,1,edited,333,1.1410330045520618,1.0857251485943973
1,1,edited,182,1.998773638612381,0.3311603071012707
1,1,edited,49,0.0,0.49097867320776734
1,1,edited,6,0.0,0.5957892565621618
1,1,edited,102,0.0,1.3731896289798589
1,1,edited,175,1.7101878155342434,1.0918804740275248
1,1,edited,139,0.3576744442718159,1.2787451730031896
1,1,edited,506,0.0,0.3573851451345292
1,1,edited,41,0.0,1.3706738182125378
1,1,edited,366,1.0116009116784799,1.5668515680448576
1,1,edited,22,0.0,1.2226241257221404
1,1,edited,275,1.8531680973566984,0.6849181731584014
1,1,edited,163,1.0818051703517284,0.665908429494368
1,1,edited,320,3.5655812377694427,1.1555706433939459
1,1,edited,303,0.0,0.3068492722196073
1,1,edited,113,0.0,1.0347414108922424
1,1,edited,437,0.0,0.4176629159091005
1,1,edited,491,0.0,1.3506843981866872
1,1,edited,141,0.4382549309311553,1.0735657433718673
1,1,condensed,436,0.43178241642553783,0.9353130029540141
1,1,condensed,210,3.2280337626529665,1.350809782529699
1,1,condensed,238,6.995619625423205,1.059673188431931
1,1,condensed,89,0.0,0.962712341996572
1,1,condensed,461,0.0,0.8996381133472212
1,1,condensed,148,0.7275486072772779,0.7259102632208385
1,1,condensed,196,2.4790562361098245,1.5539693833301882
1,1,condensed,404,1.951608170169951,1.4011859673830378
1,1,condensed,337,4.04375277610604,0.9932875866999498
1,1,condensed,134,0.0,0.6166223557010353
1,1,condensed,12,0.0,0.9652481328174094
1,1,condensed,282,0.0,1.9542644867594723
1,1,condensed,67,0.0,0.7426272645826619
1,1,condensed,391,3.4397768636296306,1.7369444932569003
1,1,condensed,229,4.280824129164719,2.3194141054167954
1,1,condensed,201,2.5726122302071057,1.398439364357235
1,1,condensed,479,5.633109621361155,1.7141115431548541
1,1,condensed,7,0.0,1.3334262025765404
1,1,condensed,480,1.3217558399823195,2.584165856111665
1,1,condensed,513,4.012592060349841,1.5043221907448314
1,1,condensed,289,0.0,0.6168062498202761
1,1,condensed,25,0.0,1.092385944295999
1,1,condensed,92,0.0,2.2101045537044324
1,1,condensed,233,4.669646205172456,1.2076202213250427
1,1,condensed,423,0.5423242908253617,1.2622264320997028
1,1,condensed,181,1.8625285401162623,1.4831881968841136
1,1,condensed,75,0.0,0.9696501286526014
1,1,condensed,250,0.5187937934151676,1.7164107732853264
1,1,condensed,373,0.0,1.2286146162398282
1,1,condensed,165,1.144222799920162,1.1949190302960073
1,1,condensed,371,0.0,1.5773268311599056
1,1,condensed,482,0.8285518175661483,0.3308432907610212
1,1,condensed,149,0.7514160886839212,1.8050513176467935
1,1,condensed,305,0.0,1.9174815748254637
1,1,condensed,70,0.0,0.7909961749035629
1,1,condensed,255,0.0,1.445641577164249
1,1,condensed,321,2.105352923464337,1.7228550487870051
1,1,condensed,413,0.0,1.2881630041783216
1,1,condensed,54,0.0,1.222089156982964
1,1,condensed,364,1.8946168546677629,1.525283706652541
1,1,condensed,169,1.2669476034873244,0.6898338561776576
1,1,condensed,324,1.6900958154515549,1.6562395684062847
1,1,condensed,215,3.389799336709786,1.148265485588225
1,1,condensed,469,4.129228964075603,1.5196157339575154
1,1,condensed,475,1.4327007339340463,0.8173186989347758
1,1,condensed,158,0.9707789171582246,1.09953103072763
1,1,condensed,136,0.0,1.0460487332282564
1,1,condensed,484,3.311637304949512,1.93369840668381
1,1,condensed,95,0.0,1.3285886794137662
1,1,condensed,503,1.0818051703517284,1.8799120014299262
1,1,condensed,351,2.1174596088673567,1.7862940872944209
1,1,condensed,186,2.1029138978649784,1.1415851902475869
1,1,condensed,263,0.9400072584914712,1.1847249244953966
1,1,condensed,257,0.5187937934151676,1.1266211922055025
1,1,condensed,356,0.8153648132841944,1.8671449484307663
1,1,condensed,354,1.9416152247724325,1.13295437363118
1,1,condensed,468,2.0294631718735947,0.871754061537145
1,1,condensed,496,1.3270750014599193,1.7160892172924844
1,1,condensed,88,0.0,1.9965256301695093
1,1,condensed,399,0.0,1.7448037588242196
1,1,condensed,488,3.8649313978942956,0.7066611707005019
1,1,condensed,248,0.0,2.390954008681869
1,1,condensed,214,3.389799336709786,1.148265485588225
1,1,condensed,37,0.0,1.354007070537848
1,1,condensed,412,0.9669838461896731,1.4684972253976571
1,1,condensed,270,0.41871033485818504,1.7538395616728464
1,1,condensed,395,3.966132331075178,0.6755739812138116
1,1,condensed,276,2.93651291389402,1.6967481461223348
1,1,condensed,161,1.0647107369924282,0.8645481769013355
1,1,condensed,216,3.4170707308184456,1.1150221456230693
1,1,condensed,207,2.9014215940827497,1.5562889274826264
1,1,condensed,379,0.0,0.2825029022721852
1,1,condensed,173,1.4036429994545037,1.1072169842964528
1,1,condensed,112,0.0,1.0909735851930036
1,1,condensed,18,0.0,1.3811727734459032
1,1,condensed,153,0.9001613499442714,1.2028402325541585
1,1,condensed,11,0.0,0.45352590057856407
1,1,condensed,443,0.0,1.3699360177895672
1,1,condensed,205,2.745345985845907,1.5015964734729308
1,1,condensed,335,0.0,0.6676417349535786
1,1,condensed,344,1.9600947840472698,0.8092675898730533
1,1,condensed,454,0.0,1.2914166813561399
1,1,condensed,66,0.0,0.7978471668641797
1,1,condensed,9,0.0,1.584819071819432
1,1,condensed,476,1.0152306797290584,0.6906450165269882
1,1,condensed,59,0.0,0.6664762340943898
1,1,condensed,445,0.0,1.2547225879382506
1,1,condensed,452,0.0,1.4395584083114286
1,1,condensed,4,0.0,1.1084026995448146
1,1,condensed,94,0.0,1.389689886408103
1,1,condensed,48,0.0,0.588697365083472
1,1,condensed,323,1.1568811967920856,1.3372202903023669
1,1,condensed,93,0.0,2.0841842799406343
1,1,condensed,350,1.5496879080283263,0.5740469208192631
1,1,condensed,383,3.7812307151781224,1.0532471438366733
1,1,condensed,328,0.0,1.5164405578044122
1,1,condensed,251,0.2151113796169455,1.2876733834552236
1,1,condensed,402,0.0,2.707256657317911
1,1,condensed,32,0.0,1.119123609576276
1,1,condensed,155,0.9400072584914712,0.9075694359474386
1,1,condensed,128,0.0,0.9827217473819759
1,1,condensed,121,0.0,1.327723726157353
1,1,condensed,227,4.08260930600368,2.059124562333395
1,1,condensed,130,0.0,0.3879532073283707
1,1,condensed,81,0.0,1.9789005555974575
1,1,condensed,308,0.0,1.5130893717866087
1,1,condensed,311,2.727199019940971,0.5620349680323498
1,1,condensed,361,1.597365331199831,0.9299330775042969
1,1,condensed,52,0.0,1.0829421802710841
1,1,condensed,438,2.005525858729668,1.2627278871904486
1,1,condensed,342,0.0,1.0187763859594712
1,1,condensed,28,0.0,1.2898502823155202
1,1,condensed,465,2.0592388343623163,0.49549048045531574
1,1,condensed,209,3.1949928844048685,0.9568442127374881
1,1,condensed,106,0.0,1.1895072852540804
1,1,condensed,449,0.0,1.6164561362286776
1,1,condensed,14,0.0,1.5609632447412745
1,1,condensed,21,0.0,1.2297499450745824
1,1,condensed,218,3.487986511734546,1.7204560689832642
1,1,condensed,462,1.5496879080283263,1.2030234248931622
1,1,condensed,266,0.1570037488096647,0.4440155286890503
1,1,condensed,347,0.0,0.5740469208192631
1,1,condensed,490,0.0,1.5250436360761561
1,1,condensed,382,1.925707441737794,2.0308096420360675
1,1,condensed,39,0.0,1.178984087988447
1,1,condensed,405,0.0,1.3393779502417569
1,1,condensed,188,2.128231705849268,1.286298817379142
1,1,condensed,13,0.0,1.2734376790420536
1,1,condensed,189,2.2235418856535927,1.1479515045901245
1,1,condensed,400,2.214846178686039,1.7448037588242196
1,1,condensed,414,0.0,2.115753706272881
1,1,condensed,220,3.4986265269937014,1.1345398702799603
1,1,condensed,5,0.0,1.8868849796008278
1,1,condensed,85,0.0,2.0141424505596466
1,1,condensed,424,1.7850704810772584,1.904822616932332
1,1,condensed,418,1.235471471385307,1.8757580528178321
1,1,condensed,422,1.9878743481543455,1.5300322991102726
1,1,condensed,385,2.833213344056216,1.9511953235164274
1,1,condensed,332,2.503073953743449,1.6551688873395505
1,1,condensed,278,3.136797713832594,1.6967481461223348
1,1,condensed,359,2.21046980408624,1.1954252135671781
1,1,condensed,78,0.0,1.3108481943514165
1,1,condensed,487,2.856470206220483,1.113251778786256
1,1,condensed,375,3.6975913947159578,1.5272779959263032
1,1,condensed,507,0.0,1.9247148997982306
1,1,condensed,114,0.0,1.2208924489252015
1,1,condensed,170,1.2725655957915476,0.9120536158308209
1,1,condensed,339,0.9042181506398858,1.7019579592672769
1,1,condensed,123,0.0,0.9867724376420377
1,1,condensed,301,1.5085119938441398,1.2343176706828138
1,1,condensed,103,0.0,1.7364429560786863
1,1,condensed,90,0.0,1.4551009217788669
1,1,condensed,199,2.511223958105374,0.6371075276342082
1,1,condensed,274,2.5006159434931803,1.6701156101560448
1,1,condensed,444,2.3942522815198695,2.0238091777128124
1,1,condensed,206,2.800325477211381,1.1701027498578636
1,1,condensed,87,0.0,1.8169838321588152
1,1,condensed,221,3.607669398688393,0.9060467004287097
1,1,condensed,142,0.47623417899637155,1.8657508200763844
1,1,condensed,111,0.0,1.1421714292126461
1,1,condensed,329,1.4655675420143985,2.1187410748661013
1,1,condensed,429,1.4350845252893227,1.8306904678919287
1,1,condensed,277,2.462149662665384,1.6990078134706001
1,1,condensed,407,0.0,0.5077306084019306
1,1,condensed,349,0.9707789171582246,0.9499778662718789
1,1,condensed,481,0.0,1.7322811721109912
1,1,condensed,187,2.1162555148025524,1.848680118970435
1,1,condensed,65,0.0,1.7306040961704834
1,1,condensed,500,0.0,1.4080803005664941
1,1,condensed,99,0.0,1.5498031588150216
1,1,condensed,71,0.0,0.2563945266154583
1,1,condensed,474,2.405141681319138,0.9808753015750629
1,1,condensed,69,0.0,0.6111211562457114
1,1,condensed,410,0.0,0.977879777048419
1,1,condensed,434,0.0,1.8827061304541424
1,1,condensed,125,0.0,2.3542161727488224
1,1,condensed,177,1.7387102481382397,1.1969804911039792
1,1,condensed,224,3.6560979645895566,1.7800218407793036
1,1,condensed,508,0.0,2.0033979181263106
1,1,condensed,117,0.0,1.1030833357891943
1,1,condensed,74,0.0,1.1606220985176945
1,1,condensed,372,0.0,1.002071873050422
1,1,condensed,10,0.0,1.6911901502408775
1,1,condensed,116,0.0,0.6114824868229154
1,1,condensed,453,0.0,0.9208275933462496
1,1,condensed,157,0.9669838461896731,1.8389851783803193
1,1,condensed,63,0.0,2.0385685546106806
1,1,condensed,223,3.6381123370602833,0.6524652972103353
1,1,condensed,439,0.28517894223366247,2.548786480863801
1,1,condensed,1,0.0,0.9683811185702074
1,1,condensed,42,0.0,0.7925500927077189
1,1,condensed,122,0.0,1.7223507808942013
1,1,condensed,17,0.0,1.636054369087574
1,1,condensed,167,1.2556160374777743,0.5802722316325769
1,1,condensed,297,0.0,1.6166173866696758
1,1,condensed,309,0.0,1.990801010839157
1,1,condensed,76,0.0,1.6151943435961673
1,1,condensed,313,0.0,2.1855454534296728
1,1,condensed,296,0.6418538861723947,1.6569301484742671
1,1,condensed,208,3.007166651179654,1.9220582346846433
1,1,condensed,325,0.0,2.199362226139595
1,1,condensed,31,0.0,1.1440290870897507
1,1,condensed,129,0.0,2.129916970854638
1,1,condensed,463,1.8547342683894434,1.17899562704308
1,1,condensed,105,0.0,0.9057795119661786
1,1,condensed,290,0.0,1.0705105615320087
1,1,condensed,485,1.1216775615991057,1.956399169451076
1,1,condensed,267,0.0,1.2166216471856217
1,1,condensed,398,0.0,1.9516747654327216
1,1,condensed,212,3.3006401266708405,0.7717036822243962
1,1,condensed,467,1.8794650496471605,1.2863861093177724
1,1,condensed,43,0.0,1.1639811176329873
1,1,condensed,493,3.7914360424390283,0.6822293498126115
1,1,condensed,160,1.0116009116784799,1.6875996087433422
1,1,condensed,317,1.5644405465033644,2.414303680533841
1,1,condensed,57,0.0,1.4130694375242432
1,1,condensed,279,2.3767644911682972,1.6967481461223348
1,1,condensed,23,0.0,1.2526270301817775
1,1,condensed,420,5.229824370102736,2.6218467211333234
1,1,condensed,272,1.4085449700547104,0.612841660870575
1,1,condensed,15,0.0,0.8016367068136285
1,1,condensed,432,0.0,3.4462970533879886
1,1,condensed,316,0.0,2.146362094295691
1,1,condensed,109,0.0,1.2780684181890711
1,1,condensed,137,0.0,1.056610951582186
1,1,condensed,190,2.231089091288976,0.799334354974518
1,1,condensed,287,0.0,1.9935411299884354
1,1,condensed,451,2.3711778844596574,0.9548810702827153
1,1,condensed,16,0.0,0.7959928422728799
1,1,condensed,300,0.0,0.8205875416443592
1,1,condensed,240,0.0,1.4620703687619678
1,1,condensed,110,0.0,1.7769983737999075
1,1,condensed,483,0.0,2.877508106578174
1,1,condensed,431,1.9960599327407849,1.6004604556455004
1,1,condensed,195,2.3997118037247684,0.47889018372655334
1,1,condensed,34,0.0,0.7561611751022983
1,1,condensed,286,0.0,1.0411766286134165
1,1,condensed,314,0.9477893989335261,1.1951460983610878
1,1,condensed,458,1.463255402256019,0.8996381133472212
1,1,condensed,35,0.0,1.361073879296135
1,1,condensed,333,1.1410330045520618,1.6607161798370167
1,1,condensed,182,1.998773638612381,0.7001424492313363
1,1,condensed,49,0.0,1.3604571276037918
1,1,condensed,6,0.0,1.2393365200150979
1,1,condensed,102,0.0,0.624293762761124
1,1,condensed,175,1.7101878155342434,1.3328320284346187
1,1,condensed,139,0.3576744442718159,1.7181473606391984
1,1,condensed,506,0.0,1.707062845266023
1,1,condensed,41,0.0,1.7546920276249516
1,1,condensed,366,1.0116009116784799,1.1950745467966586
1,1,condensed,22,0.0,1.422582475161448
1,1,condensed,275,1.8531680973566984,1.255205740885692
1,1,condensed,163,1.0818051703517284,1.1237882707511935
1,1,condensed,320,3.5655812377694427,1.3419227726947258
1,1,condensed,303,0.0,0.5945978456591523
1,1,condensed,113,0.0,1.2034953800898407
1,1,condensed,437,0.0,1.4484661896696185
1,1,condensed,491,0.0,2.5372719595196536
1,1,condensed,141,0.4382549309311553,0.9608820698740153
1,2,null,180,1.8453002361560848,1.0437068781667267
1,2,null,495,0.0,1.0437068781667267
1,2,null,211,3.295836866004329,1.0437068781667267
1,2,null,45,0.0,1.0437068781667267
1,2,null,249,1.244154593958768,1.0437068781667267
1,2,null,472,1.0784095813505903,1.0437068781667267
1,2,null,492,0.0,1.0437068781667267
1,2,null,455,0.0,1.0437068781667267
1,2,null,306,0.34358970439007686,1.0437068781667267
1,2,null,478,1.1662709371419244,1.0437068781667267
1,2,null,256,2.199444334074532,1.0437068781667267
1,2,null,46,0.0,1.0437068781667267
1,2,null,386,3.2422016501716975,1.0437068781667267
1,2,null,53,0.0,1.0437068781667267
1,2,null,51,0.0,1.0437068781667267
1,2,null,352,1.1085626195212777,1.0437068781667267
1,2,null,348,0.0,1.0437068781667267
1,2,null,260,2.2874714551839976,1.0437068781667267
1,2,null,331,2.8118094353930627,1.0437068781667267
1,2,null,515,0.0,1.0437068781667267
1,2,null,91,0.0,1.0437068781667267
1,2,null,154,0.9001613499442714,1.0437068781667267
1,2,null,292,1.2919836816486494,1.0437068781667267
1,2,null,156,0.9593502213346021,1.0437068781667267
1,2,null,83,0.0,1.0437068781667267
1,2,null,29,0.0,1.0437068781667267
1,2,null,245,0.5653138090500605,1.0437068781667267
1,2,null,131,0.0,1.0437068781667267
1,2,null,151,0.8586616190375188,1.0437068781667267
1,2,null,330,2.0255131996542803,1.0437068781667267
1,2,null,152,0.887891257352457,1.0437068781667267
1,2,null,183,2.057962510002712,1.0437068781667267
1,2,null,489,0.0,1.0437068781667267
1,2,null,502,0.0,1.0437068781667267
1,2,null,0,0.0,1.0437068781667267
1,2,null,213,3.3446270301737613,1.0437068781667267
1,2,null,295,0.0,1.0437068781667267
1,2,null,457,4.427836170705175,1.0437068781667267
1,2,null,98,0.0,1.0437068781667267
1,2,null,264,2.020222182019865,1.0437068781667267
1,2,null,258,0.0,1.0437068781667267
1,2,null,40,0.0,1.0437068781667267
1,2,null,184,2.0744289998562917,1.0437068781667267
1,2,null,327,0.0,1.0437068781667267
1,2,null,446,0.0,1.0437068781667267
1,2,null,55,0.0,1.0437068781667267
1,2,null,365,3.0459499897146083,1.0437068781667267
1,2,null,179,1.8293763327993617,1.0437068781667267
1,2,null,115,0.0,1.0437068781667267
1,2,null,20,0.0,1.0437068781667267
1,2,null,138,0.30748469974796055,1.0437068781667267
1,2,null,80,0.0,1.0437068781667267
1,2,null,150,0.7839015438284094,1.0437068781667267
1,2,null,380,2.166765369851511,1.0437068781667267
1,2,null,464,1.144222799920162,1.0437068781667267
1,2,null,107,0.0,1.0437068781667267
1,2,null,343,1.1568811967920856,1.0437068781667267
1,2,null,498,3.726656818447966,1.0437068781667267
1,2,null,96,0.0,1.0437068781667267
1,2,null,108,0.0,1.0437068781667267
1,2,null,511,0.0,1.0437068781667267
1,2,null,225,3.902982260775997,1.0437068781667267
1,2,null,411,1.7263316639055997,1.0437068781667267
1,2,null,193,2.3427668826268775,1.0437068781667267
1,2,null,370,2.4898941912990393,1.0437068781667267
1,2,null,417,0.0,1.0437068781667267
1,2,null,33,0.0,1.0437068781667267
1,2,null,226,3.9193957597575593,1.0437068781667267
1,2,null,283,0.7419373447293773,1.0437068781667267
1,2,null,145,0.6418538861723947,1.0437068781667267
1,2,null,61,0.0,1.0437068781667267
1,2,null,253,0.9242589015233319,1.0437068781667267
1,2,null,280,2.329227023940467,1.0437068781667267
1,2,null,393,0.0,1.0437068781667267
1,2,null,514,2.498151876538021,1.0437068781667267
1,2,null,100,0.0,1.0437068781667267
1,2,null,421,0.0,1.0437068781667267
1,2,null,358,0.0,1.0437068781667267
1,2,null,144,0.5709795465857378,1.0437068781667267
1,2,null,120,0.0,1.0437068781667267
1,2,null,234,5.049086480470509,1.0437068781667267
1,2,null,426,0.0,1.0437068781667267
1,2,null,322,0.6981347220709843,1.0437068781667267
1,2,null,217,3.4442568711226023,1.0437068781667267
1,2,null,510,0.3576744442718159,1.0437068781667267
1,2,null,470,0.0,1.0437068781667267
1,2,null,384,2.578700529074361,1.0437068781667267
1,2,null,416,2.081938421878423,1.0437068781667267
1,2,null,232,4.648133885420207,1.0437068781667267
1,2,null,194,2.3988039507345884,1.0437068781667267
1,2,null,419,1.3987168811184478,1.0437068781667267
1,2,null,448,0.0,1.0437068781667267
1,2,null,124,0.0,1.0437068781667267
1,2,null,132,0.0,1.0437068781667267
1,2,null,222,3.6336309798834576,1.0437068781667267
1,2,null,388,3.392492941032009,1.0437068781667267
1,2,null,397,1.5325568680981427,1.0437068781667267
1,2,null,346,3.3738261848660236,1.0437068781667267
1,2,null,304,0.0,1.0437068781667267
1,2,null,368,2.613006652415316,1.0437068781667267
1,2,null,166,1.1908875647772805,1.0437068781667267
1,2,null,97,0.0,1.0437068781667267
1,2,null,273,2.300583090323373,1.0437068781667267
1,2,null,254,2.428336298299606,1.0437068781667267
1,2,null,44,0.0,1.0437068781667267
1,2,null,84,0.0,1.0437068781667267
1,2,null,202,2.642622395779755,1.0437068781667267
1,2,null,135,0.0,1.0437068781667267
1,2,null,77,0.0,1.0437068781667267
1,2,null,79,0.0,1.0437068781667267
1,2,null,237,5.365415110080531,1.0437068781667267
1,2,null,281,3.2492110246642736,1.0437068781667267
1,2,null,497,2.7523860149222616,1.0437068781667267
1,2,null,178,1.7715567619105355,1.0437068781667267
1,2,null,261,1.4586150226995167,1.0437068781667267
1,2,null,499,2.469793011977952,1.0437068781667267
1,2,null,26,0.0,1.0437068781667267
1,2,null,336,0.0,1.0437068781667267
1,2,null,2,0.0,1.0437068781667267
1,2,null,357,0.0,1.0437068781667267
1,2,null,312,0.0,1.0437068781667267
1,2,null,285,0.0,1.0437068781667267
1,2,null,171,1.3056264580524357,1.0437068781667267
1,2,null,164,1.1019400787607843,1.0437068781667267
1,2,null,58,0.0,1.0437068781667267
1,2,null,72,0.0,1.0437068781667267
1,2,null,477,2.1234584270966104,1.0437068781667267
1,2,null,242,2.4096441652874536,1.0437068781667267
1,2,null,390,2.3942522815198695,1.0437068781667267
1,2,null,447,0.0,1.0437068781667267
1,2,null,460,0.0,1.0437068781667267
1,2,null,505,1.916922612182061,1.0437068781667267
1,2,null,294,2.0241930674493576,1.0437068781667267
1,2,null,381,2.8524391037275145,1.0437068781667267
1,2,null,191,2.2700619012884857,1.0437068781667267
1,2,null,159,0.9895411936137477,1.0437068781667267
1,2,null,140,0.3852624007906449,1.0437068781667267
1,2,null,50,0.0,1.0437068781667267
1,2,null,473,4.267176792994939,1.0437068781667267
1,2,null,433,2.7936160894318567,1.0437068781667267
1,2,null,176,1.724550719534605,1.0437068781667267
1,2,null,456,0.0,1.0437068781667267
1,2,null,363,1.3686394258811698,1.0437068781667267
1,2,null,310,0.0,1.0437068781667267
1,2,null,235,5.285637313390662,1.0437068781667267
1,2,null,269,1.6863989535702288,1.0437068781667267
1,2,null,466,1.430311246536665,1.0437068781667267
1,2,null,369,0.0,1.0437068781667267
1,2,null,299,0.0,1.0437068781667267
1,2,null,174,1.5040773967762742,1.0437068781667267
1,2,null,101,0.0,1.0437068781667267
1,2,null,119,0.0,1.0437068781667267
1,2,null,353,1.000631880307906,1.0437068781667267
1,2,null,504,3.923753928303845,1.0437068781667267
1,2,null,231,4.566221435849517,1.0437068781667267
1,2,null,516,0.0,1.0437068781667267
1,2,null,64,0.0,1.0437068781667267
1,2,null,302,0.0,1.0437068781667267
1,2,null,291,2.1972245773362196,1.0437068781667267
1,2,null,362,0.41871033485818504,1.0437068781667267
1,2,null,185,2.0844290831908747,1.0437068781667267
1,2,null,168,1.2612978709452054,1.0437068781667267
1,2,null,230,4.494126887194767,1.0437068781667267
1,2,null,318,0.0,1.0437068781667267
1,2,null,403,0.0,1.0437068781667267
1,2,null,8,0.0,1.0437068781667267
1,2,null,252,0.1906203596086497,1.0437068781667267
1,2,null,501,0.0,1.0437068781667267
1,2,null,133,0.0,1.0437068781667267
1,2,null,38,0.0,1.0437068781667267
1,2,null,271,2.329227023940467,1.0437068781667267
1,2,null,471,3.675794214565281,1.0437068781667267
1,2,null,268,0.0,1.0437068781667267
1,2,null,376,0.0,1.0437068781667267
1,2,null,82,0.0,1.0437068781667267
1,2,null,86,0.0,1.0437068781667267
1,2,null,192,2.2731562823032334,1.0437068781667267
1,2,null,442,1.4701758451005926,1.0437068781667267
1,2,null,408,2.174751721484161,1.0437068781667267
1,2,null,203,2.6878474937846906,1.0437068781667267
1,2,null,509,1.1537315878891892,1.0437068781667267
1,2,null,428,0.0,1.0437068781667267
1,2,null,104,0.0,1.0437068781667267
1,2,null,377,5.168379509433644,1.0437068781667267
1,2,null,147,0.6729444732424258,1.0437068781667267
1,2,null,401,1.7833912195575383,1.0437068781667267
1,2,null,396,1.534714366238164,1.0437068781667267
1,2,null,459,1.0784095813505903,1.0437068781667267
1,2,null,345,1.9213246735826988,1.0437068781667267
1,2,null,298,0.0,1.0437068781667267
1,2,null,236,5.307970623576175,1.0437068781667267
1,2,null,319,1.6882490928583902,1.0437068781667267
1,2,null,450,2.005525858729668,1.0437068781667267
1,2,null,392,4.27332721775054,1.0437068781667267
1,2,null,24,0.0,1.0437068781667267
1,2,null,378,0.0,1.0437068781667267
1,2,null,409,0.0,1.0437068781667267
1,2,null,427,1.208960345836975,1.0437068781667267
1,2,null,494,2.2607208888953467,1.0437068781667267
1,2,null,334,0.0,1.0437068781667267
1,2,null,374,2.9601050959108397,1.0437068781667267
1,2,null,68,0.0,1.0437068781667267
1,2,null,198,2.50470927708418,1.0437068781667267
1,2,null,512,2.0068708488450007,1.0437068781667267
1,2,null,56,0.0,1.0437068781667267
1,2,null,244,1.3532545070416904,1.0437068781667267
1,2,null,204,2.7073833121145063,1.0437068781667267
1,2,null,197,2.4898941912990393,1.0437068781667267
1,2,null,19,0.0,1.0437068781667267
1,2,null,162,1.0784095813505903,1.0437068781667267
1,2,null,389,0.0,1.0437068781667267
1,2,null,435,0.0,1.0437068781667267
1,2,null,219,3.492256112609122,1.0437068781667267
1,2,null,30,0.0,1.0437068781667267
1,2,null,60,0.0,1.0437068781667267
1,2,null,430,0.0,1.0437068781667267
1,2,null,73,0.0,1.0437068781667267
1,2,null,284,3.228430037673012,1.0437068781667267
1,2,null,3,0.0,1.0437068781667267
1,2,null,355,2.643333886382519,1.0437068781667267
1,2,null,486,1.0986122886681098,1.0437068781667267
1,2,null,425,0.0,1.0437068781667267
1,2,null,441,0.8020015854720274,1.0437068781667267
1,2,null,315,0.0,1.0437068781667267
1,2,null,246,0.08617769624105241,1.0437068781667267
1,2,null,241,0.0,1.0437068781667267
1,2,null,293,4.471067201464611,1.0437068781667267
1,2,null,118,0.0,1.0437068781667267
1,2,null,338,2.1377104498038118,1.0437068781667267
1,2,null,307,1.8213182714695995,1.0437068781667267
1,2,null,387,0.0,1.0437068781667267
1,2,null,126,0.0,1.0437068781667267
1,2,null,326,0.0,1.0437068781667267
1,2,null,47,0.0,1.0437068781667267
1,2,null,243,0.0,1.0437068781667267
1,2,null,200,2.528125768907977,1.0437068781667267
1,2,null,127,0.0,1.0437068781667267
1,2,null,239,0.0,1.0437068781667267
1,2,null,146,0.6678293725756554,1.0437068781667267
1,2,null,259,0.8671004876833833,1.0437068781667267
1,2,null,262,1.6582280766035324,1.0437068781667267
1,2,null,27,0.0,1.0437068781667267
1,2,null,406,1.599387576580599,1.0437068781667267
1,2,null,62,0.0,1.0437068781667267
1,2,null,440,0.0,1.0437068781667267
1,2,null,36,0.0,1.0437068781667267
1,2,null,415,6.616439947564594,1.0437068781667267
1,2,null,341,0.0,1.0437068781667267
1,2,null,360,0.7371640659767196,1.0437068781667267
1,2,null,247,0.5596157879354227,1.0437068781667267
1,2,null,367,0.0,1.0437068781667267
1,2,null,172,1.3190856114264407,1.0437068781667267
1,2,null,288,0.0,1.0437068781667267
1,2,null,228,4.175924549214524,1.0437068781667267
1,2,null,394,0.0,1.0437068781667267
1,2,null,340,1.5953389880545987,1.0437068781667267
1,2,null,143,0.5364933705145685,1.0437068781667267
1,2,null,265,0.5822156198526637,1.0437068781667267
1,2,knn,180,1.8453002361560848,0.5997677948664355
1,2,knn,495,0.0,0.9133720713640067
1,2,knn,211,3.295836866004329,0.9082820803888804
1,2,knn,45,0.0,1.281091556303186
1,2,knn,249,1.244154593958768,1.2928408870829222
1,2,knn,472,1.0784095813505903,1.0879126225064053
1,2,knn,492,0.0,0.6892515546677241
1,2,knn,455,0.0,0.9107358762057077
1,2,knn,306,0.34358970439007686,1.0970313422643252
1,2,knn,478,1.1662709371419244,1.2884822502743047
1,2,knn,256,2.199444334074532,1.5344817983303074
1,2,knn,46,0.0,0.9261817217289396
1,2,knn,386,3.2422016501716975,0.8846986605449981
1,2,knn,53,0.0,0.7421609914504115
1,2,knn,51,0.0,0.9648372864088358
1,2,knn,352,1.1085626195212777,1.4556023614496183
1,2,knn,348,0.0,0.8945767409877631
1,2,knn,260,2.2874714551839976,1.092063269370953
1,2,knn,331,2.8118094353930627,1.2343096225235086
1,2,knn,515,0.0,1.1012363862183463
1,2,knn,91,0.0,1.1564751039708747
1,2,knn,154,0.9001613499442714,1.5616163215275418
1,2,knn,292,1.2919836816486494,1.0973766923698642
1,2,knn,156,0.9593502213346021,1.10469376575176
1,2,knn,83,0.0,0.5701033873313175
1,2,knn,29,0.0,0.9447922225332769
1,2,knn,245,0.5653138090500605,1.0507180998295749
1,2,knn,131,0.0,0.9767855953809214
1,2,knn,151,0.8586616190375188,1.2782470787106444
1,2,knn,330,2.0255131996542803,0.8256520898447495
1,2,knn,152,0.887891257352457,0.6923735920449968
1,2,knn,183,2.057962510002712,0.8969601546908335
1,2,knn,489,0.0,1.1843722283863247
1,2,knn,502,0.0,0.6821474075768686
1,2,knn,0,0.0,1.0663472803253635
1,2,knn,213,3.3446270301737613,0.9806450486654499
1,2,knn,295,0.0,0.884044540972017
1,2,knn,457,4.427836170705175,1.1163532590190797
1,2,knn,98,0.0,1.0639297610971876
1,2,knn,264,2.020222182019865,1.324541052703412
1,2,knn,258,0.0,1.2344190170349754
1,2,knn,40,0.0,0.9842222092001378
1,2,knn,184,2.0744289998562917,1.162622534117563
1,2,knn,327,0.0,1.7187186560912517
1,2,knn,446,0.0,0.9126968648829183
1,2,knn,55,0.0,0.9101177797719395
1,2,knn,365,3.0459499897146083,1.6974560341352771
1,2,knn,179,1.8293763327993617,1.2905085235405134
1,2,knn,115,0.0,0.5303254078663591
1,2,knn,20,0.0,1.1006573836543496
1,2,knn,138,0.30748469974796055,1.5282088987808864
1,2,knn,80,0.0,0.7653576165553534
1,2,knn,150,0.7839015438284094,1.232868469650287
1,2,knn,380,2.166765369851511,0.9104415349166858
1,2,knn,464,1.144222799920162,1.0669099462217448
1,2,knn,107,0.0,1.3669853631755289
1,2,knn,343,1.1568811967920856,1.4034061124680492
1,2,knn,498,3.726656818447966,1.167024841466831
1,2,knn,96,0.0,0.8036013557153882
1,2,knn,108,0.0,0.8798963283742338
1,2,knn,511,0.0,1.5209021823386637
1,2,knn,225,3.902982260775997,0.8965961013471264
1,2,knn,411,1.7263316639055997,1.3514262139756585
1,2,knn,193,2.3427668826268775,1.1275951622090288
1,2,knn,370,2.4898941912990393,1.0758534137305247
1,2,knn,417,0.0,0.8746347081572892
1,2,knn,33,0.0,1.1262134736289764
1,2,knn,226,3.9193957597575593,1.4607511454094297
1,2,knn,283,0.7419373447293773,0.9722450365803574
1,2,knn,145,0.6418538861723947,0.8183647809255867
1,2,knn,61,0.0,1.1670420408176212
1,2,knn,253,0.9242589015233319,1.1688591175973309
1,2,knn,280,2.329227023940467,1.2391194130749044
1,2,knn,393,0.0,1.1777741790518144
1,2,knn,514,2.498151876538021,1.3371860416068553
1,2,knn,100,0.0,1.1636919677517101
1,2,knn,421,0.0,0.9833808269635098
1,2,knn,358,0.0,1.0804071943126423
1,2,knn,144,0.5709795465857378,1.126124668155537
1,2,knn,120,0.0,1.1040154946759677
1,2,knn,234,5.049086480470509,1.4274620844974997
1,2,knn,426,0.0,1.1775821671257447
1,2,knn,322,0.6981347220709843,1.5648463847950813
1,2,knn,217,3.4442568711226023,0.8785549053247297
1,2,knn,510,0.3576744442718159,1.0461014682587033
1,2,knn,470,0.0,1.054069755916694
1,2,knn,384,2.578700529074361,0.6569292275364702
1,2,knn,416,2.081938421878423,0.8237513711251073
1,2,knn,232,4.648133885420207,1.2491728149362349
1,2,knn,194,2.3988039507345884,0.7594729773428095
1,2,knn,419,1.3987168811184478,1.0940356336865895
1,2,knn,448,0.0,0.8562172199328547
1,2,knn,124,0.0,1.0609724200636992
1,2,knn,132,0.0,0.9273076070424912
1,2,knn,222,3.6336309798834576,0.8236125371240166
1,2,knn,388,3.392492941032009,1.18315287055165
1,2,knn,397,1.5325568680981427,0.9101219008856262
1,2,knn,346,3.3738261848660236,0.9570043656068512
1,2,knn,304,0.0,0.9629479501751252
1,2,knn,368,2.613006652415316,1.130608123949157
1,2,knn,166,1.1908875647772805,1.3952460664456028
1,2,knn,97,0.0,0.9148841209150922
1,2,knn,273,2.300583090323373,1.1871563642366114
1,2,knn,254,2.428336298299606,0.9780169466337556
1,2,knn,44,0.0,0.7992271007438775
1,2,knn,84,0.0,0.613702797907998
1,2,knn,202,2.642622395779755,0.9968394318910053
1,2,knn,135,0.0,1.2237976466209923
1,2,knn,77,0.0,0.9556762834123639
1,2,knn,79,0.0,0.6525302500916442
1,2,knn,237,5.365415110080531,0.48675295450750367
1,2,knn,281,3.2492110246642736,1.1903627440356472
1,2,knn,497,2.7523860149222616,0.9949197560362176
1,2,knn,178,1.7715567619105355,0.7690410206272653
1,2,knn,261,1.4586150226995167,0.9443219327273001
1,2,knn,499,2.469793011977952,0.5646774479604401
1,2,knn,26,0.0,1.2007705011747576
1,2,knn,336,0.0,1.3515837817733785
1,2,knn,2,0.0,0.9215241354785219
1,2,knn,357,0.0,1.284436274640984
1,2,knn,312,0.0,1.131346835439302
1,2,knn,285,0.0,1.2023535296623038
1,2,knn,171,1.3056264580524357,1.7607429541782413
1,2,knn,164,1.1019400787607843,1.4707324555925574
1,2,knn,58,0.0,0.5968482209957274
1,2,knn,72,0.0,0.9422428064025125
1,2,knn,477,2.1234584270966104,1.0242084998302086
1,2,knn,242,2.4096441652874536,0.8904899957775074
1,2,knn,390,2.3942522815198695,1.0686845535039362
1,2,knn,447,0.0,1.307014678850177
1,2,knn,460,0.0,0.8665561235879612
1,2,knn,505,1.916922612182061,0.5010627548382489
1,2,knn,294,2.0241930674493576,1.5831666052526727
1,2,knn,381,2.8524391037275145,1.3482591105870034
1,2,knn,191,2.2700619012884857,1.6214430276616714
1,2,knn,159,0.9895411936137477,1.2007705011747576
1,2,knn,140,0.3852624007906449,0.9546793933101667
1,2,knn,50,0.0,1.1290227294099453
1,2,knn,473,4.267176792994939,1.4743909659924515
1,2,knn,433,2.7936160894318567,0.9242231172739158
1,2,knn,176,1.724550719534605,1.1568745154752145
1,2,knn,456,0.0,1.1504102359408832
1,2,knn,363,1.3686394258811698,0.6372721523705916
1,2,knn,310,0.0,1.0846518540827206
1,2,knn,235,5.285637313390662,1.2680951554070372
1,2,knn,269,1.6863989535702288,1.1648678193808923
1,2,knn,466,1.430311246536665,1.1500751061195822
1,2,knn,369,0.0,0.8244973656411673
1,2,knn,299,0.0,1.1335503600506038
1,2,knn,174,1.5040773967762742,0.8724719229360367
1,2,knn,101,0.0,0.7153028873927577
1,2,knn,119,0.0,0.8673538428461981
1,2,knn,353,1.000631880307906,1.3052279508591447
1,2,knn,504,3.923753928303845,1.1003725788831538
1,2,knn,231,4.566221435849517,1.6848746755874382
1,2,knn,516,0.0,0.9117000984452482
1,2,knn,64,0.0,0.43296001433058934
1,2,knn,302,0.0,0.8494753837980197
1,2,knn,291,2.1972245773362196,1.0418376258480748
1,2,knn,362,0.41871033485818504,1.2437186649037189
1,2,knn,185,2.0844290831908747,0.7601619270798183
1,2,knn,168,1.2612978709452054,0.9813588832428654
1,2,knn,230,4.494126887194767,0.8424377963850135
1,2,knn,318,0.0,1.5156227702142642
1,2,knn,403,0.0,1.5866175027330645
1,2,knn,8,0.0,1.3579122454851322
1,2,knn,252,0.1906203596086497,1.3921982507990878
1,2,knn,501,0.0,0.8077823337094433
1,2,knn,133,0.0,1.3527078102405894
1,2,knn,38,0.0,0.8387597212233066
1,2,knn,271,2.329227023940467,1.3830217549150454
1,2,knn,471,3.675794214565281,0.6881869725105059
1,2,knn,268,0.0,0.8941048155415412
1,2,knn,376,0.0,1.1735220129408157
1,2,knn,82,0.0,0.7196817373292554
1,2,knn,86,0.0,0.5240168290530806
1,2,knn,192,2.2731562823032334,0.7594729773428095
1,2,knn,442,1.4701758451005926,0.8707136047309642
1,2,knn,408,2.174751721484161,0.8932343791705776
1,2,knn,203,2.6878474937846906,1.7219269040928964
1,2,knn,509,1.1537315878891892,0.9052683081778394
1,2,knn,428,0.0,0.7832920886461556
1,2,knn,104,0.0,1.1162435255519312
1,2,knn,377,5.168379509433644,0.6697712231223172
1,2,knn,147,0.6729444732424258,1.3190286708814472
1,2,knn,401,1.7833912195575383,0.7960899664715257
1,2,knn,396,1.534714366238164,0.6833404918924076
1,2,knn,459,1.0784095813505903,1.0604170938595538
1,2,knn,345,1.9213246735826988,0.4625462737329228
1,2,knn,298,0.0,0.9189929770568442
1,2,knn,236,5.307970623576175,0.49346825273563166
1,2,knn,319,1.6882490928583902,0.9817258035488527
1,2,knn,450,2.005525858729668,1.1138858025315277
1,2,knn,392,4.27332721775054,0.716014353900701
1,2,knn,24,0.0,0.9783715377912312
1,2,knn,378,0.0,1.0998408963377835
1,2,knn,409,0.0,0.7838558128416422
1,2,knn,427,1.208960345836975,0.9957917275270336
1,2,knn,494,2.2607208888953467,1.181574881294535
1,2,knn,334,0.0,0.5326918799932132
1,2,knn,374,2.9601050959108397,0.7845471441182067
1,2,knn,68,0.0,0.8107979179095323
1,2,knn,198,2.50470927708418,0.7765990578608447
1,2,knn,512,2.0068708488450007,0.9023264921163303
1,2,knn,56,0.0,0.723927502492714
1,2,knn,244,1.3532545070416904,1.2426236059484788
1,2,knn,204,2.7073833121145063,0.8879099071372564
1,2,knn,197,2.4898941912990393,1.4601344777095147
1,2,knn,19,0.0,1.0586049744802504
1,2,knn,162,1.0784095813505903,0.9891485476401584
1,2,knn,389,0.0,1.1451899537125292
1,2,knn,435,0.0,0.9175471347734222
1,2,knn,219,3.492256112609122,0.9087559520946932
1,2,knn,30,0.0,1.3416340474353303
1,2,knn,60,0.0,0.7497610392114468
1,2,knn,430,0.0,0.8870892951938569
1,2,knn,73,0.0,0.7374118933533781
1,2,knn,284,3.228430037673012,1.3373748792853446
1,2,knn,3,0.0,1.2061352305660387
1,2,knn,355,2.643333886382519,0.5694147381275164
1,2,knn,486,1.0986122886681098,1.3016549496447753
1,2,knn,425,0.0,0.6057266192574172
1,2,knn,441,0.8020015854720274,1.582008817659036
1,2,knn,315,0.0,1.2351635120070188
1,2,knn,246,0.08617769624105241,1.147849825683738
1,2,knn,241,0.0,0.6880777417261864
1,2,knn,293,4.471067201464611,1.1114766608489661
1,2,knn,118,0.0,0.8044574981089623
1,2,knn,338,2.1377104498038118,1.4003083227950266
1,2,knn,307,1.8213182714695995,0.6559817257013547
1,2,knn,387,0.0,0.9694883594863178
1,2,knn,126,0.0,1.0296509784416907
1,2,knn,326,0.0,1.1633013900659201
1,2,knn,47,0.0,1.2975031221011104
1,2,knn,243,0.0,1.0171315487809889
1,2,knn,200,2.528125768907977,1.0832823090184935
1,2,knn,127,0.0,1.2496514361280409
1,2,knn,239,0.0,0.9073580725394753
1,2,knn,146,0.6678293725756554,0.8798447229540171
1,2,knn,259,0.8671004876833833,1.2903462456889159
1,2,knn,262,1.6582280766035324,0.864539902118934
1,2,knn,27,0.0,1.0902347183457832
1,2,knn,406,1.599387576580599,0.9718356701133577
1,2,knn,62,0.0,0.5595606839617555
1,2,knn,440,0.0,1.0323193212305644
1,2,knn,36,0.0,1.042901297759955
1,2,knn,415,6.616439947564594,1.2297291878690222
1,2,knn,341,0.0,1.3373417783461845
1,2,knn,360,0.7371640659767196,1.33653037179247
1,2,knn,247,0.5596157879354227,0.8426372631523419
1,2,knn,367,0.0,1.169374681731465
1,2,knn,172,1.3190856114264407,1.0926735046417886
1,2,knn,288,0.0,1.1648387483080669
1,2,knn,228,4.175924549214524,1.1443433998996078
1,2,knn,394,0.0,0.9969650840258787
1,2,knn,340,1.5953389880545987,0.9991768302410801
1,2,knn,143,0.5364933705145685,0.4801712426099113
1,2,knn,265,0.5822156198526637,0.8872927479300555
1,2,edited,180,1.8453002361560848,0.671752344699948
1,2,edited,495,0.0,0.7584356126743815
1,2,edited,211,3.295836866004329,0.6520659216075226
1,2,edited,45,0.0,0.8784822423863632
1,2,edited,249,1.244154593958768,1.0969865885095766
1,2,edited,472,1.0784095813505903,0.8266185998119236
1,2,edited,492,0.0,0.7621128929947364
1,2,edited,455,0.0,0.8086046742109292
1,2,edited,306,0.34358970439007686,0.548183254971388
1,2,edited,478,1.1662709371419244,0.8131249910206486
1,2,edited,256,2.199444334074532,0.9403236017437929
1,2,edited,46,0.0,0.9880652825718768
1,2,edited,386,3.2422016501716975,0.5932481033947306
1,2,edited,53,0.0,0.519398514925187
1,2,edited,51,0.0,0.7833687967732315
1,2,edited,352,1.1085626195212777,0.9835072074003188
1,2,edited,348,0.0,0.5737598855914479
1,2,edited,260,2.2874714551839976,0.9910579890395401
1,2,edited,331,2.8118094353930627,0.7795192839772231
1,2,edited,515,0.0,1.054444260017424
1,2,edited,91,0.0,1.1027001887442978
1,2,edited,154,0.9001613499442714,1.311542326034008
1,2,edited,292,1.2919836816486494,1.0533211841689547
1,2,edited,156,0.9593502213346021,1.1254136956970504
1,2,edited,83,0.0,0.665133753055805
1,2,edited,29,0.0,0.8211655540976036
1,2,edited,245,0.5653138090500605,0.9600792590617963
1,2,edited,131,0.0,1.0983408433688953
1,2,edited,151,0.8586616190375188,0.8281167829646744
1,2,edited,330,2.0255131996542803,0.6471687257020319
1,2,edited,152,0.887891257352457,0.694412368968202
1,2,edited,183,2.057962510002712,0.8452306985474627
1,2,edited,489,0.0,0.9743136502440786
1,2,edited,502,0.0,0.4853239779568847
1,2,edited,0,0.0,1.3262754503025282
1,2,edited,213,3.3446270301737613,1.09827208303052
1,2,edited,295,0.0,0.7789272810618428
1,2,edited,457,4.427836170705175,0.9884848924660196
1,2,edited,98,0.0,0.6153060859941213
1,2,edited,264,2.020222182019865,1.1055190531086518
1,2,edited,258,0.0,1.079279299970666
1,2,edited,40,0.0,0.404741130962426
1,2,edited,184,2.0744289998562917,0.7547593031062114
1,2,edited,327,0.0,0.8915214230392956
1,2,edited,446,0.0,0.694845204529296
1,2,edited,55,0.0,0.7783120939564576
1,2,edited,365,3.0459499897146083,0.9001071605995192
1,2,edited,179,1.8293763327993617,0.9306208303897858
1,2,edited,115,0.0,0.7160066993372909
1,2,edited,20,0.0,0.959952658530294
1,2,edited,138,0.30748469974796055,0.9721933395756792
1,2,edited,80,0.0,0.6675091748376253
1,2,edited,150,0.7839015438284094,0.8425419661216568
1,2,edited,380,2.166765369851511,0.6115643975053529
1,2,edited,464,1.144222799920162,0.9834183558082871
1,2,edited,107,0.0,0.9869582284027276
1,2,edited,343,1.1568811967920856,0.8698822293163243
1,2,edited,498,3.726656818447966,0.788770835281772
1,2,edited,96,0.0,1.1540399957673584
1,2,edited,108,0.0,0.8620942879684859
1,2,edited,511,0.0,0.8750398622723908
1,2,edited,225,3.902982260775997,0.742251119917112
1,2,edited,411,1.7263316639055997,1.4520701712554887
1,2,edited,193,2.3427668826268775,0.8527794234849495
1,2,edited,370,2.4898941912990393,0.6285316819721436
1,2,edited,417,0.0,0.804772385525923
1,2,edited,33,0.0,0.8650907777594625
1,2,edited,226,3.9193957597575593,0.8450681181396983
1,2,edited,283,0.7419373447293773,1.0828289742247088
1,2,edited,145,0.6418538861723947,0.7388660132413588
1,2,edited,61,0.0,1.1994789630038125
1,2,edited,253,0.9242589015233319,0.9075634871310774
1,2,edited,280,2.329227023940467,1.2020749079628323
1,2,edited,393,0.0,1.0708293432245666
1,2,edited,514,2.498151876538021,0.47089002887378717
1,2,edited,100,0.0,0.8008166512048609
1,2,edited,421,0.0,0.8654250645893908
1,2,edited,358,0.0,0.9361765596234819
1,2,edited,144,0.5709795465857378,0.8486215229955054
1,2,edited,120,0.0,0.8252868741902444
1,2,edited,234,5.049086480470509,1.067733703519372
1,2,edited,426,0.0,0.7436748196984004
1,2,edited,322,0.6981347220709843,1.0127097374169807
1,2,edited,217,3.4442568711226023,0.5123946142206484
1,2,edited,510,0.3576744442718159,0.5899177651415519
1,2,edited,470,0.0,0.8047978940103279
1,2,edited,384,2.578700529074361,0.5990224269695992
1,2,edited,416,2.081938421878423,0.7130293488938821
1,2,edited,232,4.648133885420207,0.8973980454935239
1,2,edited,194,2.3988039507345884,0.6692211396363035
1,2,edited,419,1.3987168811184478,1.191276458496153
1,2,edited,448,0.0,0.6538644471735632
1,2,edited,124,0.0,0.7022278793911294
1,2,edited,132,0.0,1.0071739574858856
1,2,edited,222,3.6336309798834576,0.9073011452375921
1,2,edited,388,3.392492941032009,0.9409666303357173
1,2,edited,397,1.5325568680981427,0.853869617995379
1,2,edited,346,3.3738261848660236,1.041146743460901
1,2,edited,304,0.0,1.0709055609670455
1,2,edited,368,2.613006652415316,0.9066761714616383
1,2,edited,166,1.1908875647772805,1.0628859170175704
1,2,edited,97,0.0,0.9617438945249012
1,2,edited,273,2.300583090323373,1.2414796060212407
1,2,edited,254,2.428336298299606,0.9037905479301032
1,2,edited,44,0.0,0.48036459929195163
1,2,edited,84,0.0,0.6102499229890573
1,2,edited,202,2.642622395779755,1.0990898324870497
1,2,edited,135,0.0,0.6584666822496129
1,2,edited,77,0.0,0.7364755188435318
1,2,edited,79,0.0,0.6511233773252348
1,2,edited,237,5.365415110080531,0.6391598072970377
1,2,edited,281,3.2492110246642736,1.2822503020742833
1,2,edited,497,2.7523860149222616,1.0402012105085552
1,2,edited,178,1.7715567619105355,0.9015231151074562
1,2,edited,261,1.4586150226995167,0.5544851668668076
1,2,edited,499,2.469793011977952,0.535828937238702
1,2,edited,26,0.0,0.7601316456978945
1,2,edited,336,0.0,0.9624246401084438
1,2,edited,2,0.0,0.9998313377996499
1,2,edited,357,0.0,0.7757719600710545
1,2,edited,312,0.0,1.2103282635105224
1,2,edited,285,0.0,1.0846611083171191
1,2,edited,171,1.3056264580524357,0.8313541129622897
1,2,edited,164,1.1019400787607843,0.9165513200504759
1,2,edited,58,0.0,1.091100027730206
1,2,edited,72,0.0,0.8047528490600977
1,2,edited,477,2.1234584270966104,0.8327466822394455
1,2,edited,242,2.4096441652874536,0.6719919878670565
1,2,edited,390,2.3942522815198695,1.0237641672065534
1,2,edited,447,0.0,1.2996406469100013
1,2,edited,460,0.0,0.7770582329324235
1,2,edited,505,1.916922612182061,0.6328670383111812
1,2,edited,294,2.0241930674493576,1.0104274545989027
1,2,edited,381,2.8524391037275145,0.680187865184752
1,2,edited,191,2.2700619012884857,1.2807625325738963
1,2,edited,159,0.9895411936137477,0.7601316456978945
1,2,edited,140,0.3852624007906449,1.139215412111436
1,2,edited,50,0.0,1.1177850788157626
1,2,edited,473,4.267176792994939,1.1107511526892242
1,2,edited,433,2.7936160894318567,0.7745742974230716
1,2,edited,176,1.724550719534605,1.1536007138311717
1,2,edited,456,0.0,0.9643812580396535
1,2,edited,363,1.3686394258811698,0.8074414608707838
1,2,edited,310,0.0,0.7775613970101876
1,2,edited,235,5.285637313390662,0.7338950369979951
1,2,edited,269,1.6863989535702288,0.8682969541571417
1,2,edited,466,1.430311246536665,1.1184276458922264
1,2,edited,369,0.0,0.6221528989962334
1,2,edited,299,0.0,0.9171373698697736
1,2,edited,174,1.5040773967762742,0.8328456364236144
1,2,edited,101,0.0,0.6449877836585551
1,2,edited,119,0.0,0.8262224749668472
1,2,edited,353,1.000631880307906,1.0182253977977014
1,2,edited,504,3.923753928303845,1.0259260369839287
1,2,edited,231,4.566221435849517,1.4131810494917152
1,2,edited,516,0.0,1.1766839232629305
1,2,edited,64,0.0,0.41585738213945206
1,2,edited,302,0.0,0.944808098745633
1,2,edited,291,2.1972245773362196,0.860187971249214
1,2,edited,362,0.41871033485818504,0.8411843472247348
1,2,edited,185,2.0844290831908747,1.059804690850348
1,2,edited,168,1.2612978709452054,1.0754760867134283
1,2,edited,230,4.494126887194767,0.7138759273358118
1,2,edited,318,0.0,0.9748821895185791
1,2,edited,403,0.0,0.8694647738748861
1,2,edited,8,0.0,1.006396373302269
1,2,edited,252,0.1906203596086497,0.7503357429754264
1,2,edited,501,0.0,0.4630648712106744
1,2,edited,133,0.0,1.0725994002833128
1,2,edited,38,0.0,0.7761358122602295
1,2,edited,271,2.329227023940467,0.796232331289646
1,2,edited,471,3.675794214565281,0.8506339987511582
1,2,edited,268,0.0,0.7351627589382378
1,2,edited,376,0.0,0.6634998992506522
1,2,edited,82,0.0,0.5305508464486148
1,2,edited,86,0.0,0.5028558857386942
1,2,edited,192,2.2731562823032334,0.6692211396363035
1,2,edited,442,1.4701758451005926,1.130652181618338
1,2,edited,408,2.174751721484161,0.7267216085497935
1,2,edited,203,2.6878474937846906,0.991745045011269
1,2,edited,509,1.1537315878891892,0.5731331028557011
1,2,edited,428,0.0,0.7037987878512113
1,2,edited,104,0.0,0.9100484684962606
1,2,edited,377,5.168379509433644,0.6305201782632834
1,2,edited,147,0.6729444732424258,0.7196493926288667
1,2,edited,401,1.7833912195575383,0.7126540531964676
1,2,edited,396,1.534714366238164,0.4766297625917048
1,2,edited,459,1.0784095813505903,0.5836860484952251
1,2,edited,345,1.9213246735826988,0.505378329256881
1,2,edited,298,0.0,0.7142717297757487
1,2,edited,236,5.307970623576175,0.7070605829659148
1,2,edited,319,1.6882490928583902,0.6386911575911832
1,2,edited,450,2.005525858729668,0.6619525236649614
1,2,edited,392,4.27332721775054,0.7369608162278258
1,2,edited,24,0.0,0.7382577615173502
1,2,edited,378,0.0,1.2521020138364682
1,2,edited,409,0.0,0.7861137073739302
1,2,edited,427,1.208960345836975,1.0111073815467664
1,2,edited,494,2.2607208888953467,0.8391079524765445
1,2,edited,334,0.0,0.4852262893457699
1,2,edited,374,2.9601050959108397,0.7343955197331598
1,2,edited,68,0.0,0.6965172105415872
1,2,edited,198,2.50470927708418,0.5253926015438841
1,2,edited,512,2.0068708488450007,0.5332754228236953
1,2,edited,56,0.0,0.4193802537301697
1,2,edited,244,1.3532545070416904,0.7019788911025118
1,2,edited,204,2.7073833121145063,1.137389604794145
1,2,edited,197,2.4898941912990393,1.0662210432574226
1,2,edited,19,0.0,1.0580549590872672
1,2,edited,162,1.0784095813505903,1.3298362484635105
1,2,edited,389,0.0,0.7240401918202515
1,2,edited,435,0.0,0.8540559954613248
1,2,edited,219,3.492256112609122,1.0842293441521766
1,2,edited,30,0.0,0.7546362687492174
1,2,edited,60,0.0,0.6837464740669992
1,2,edited,430,0.0,0.9063518973588072
1,2,edited,73,0.0,0.7571168595548875
1,2,edited,284,3.228430037673012,1.466976134999627
1,2,edited,3,0.0,1.4474879483669683
1,2,edited,355,2.643333886382519,0.6630735895183899
1,2,edited,486,1.0986122886681098,0.6686315378372171
1,2,edited,425,0.0,0.5835910068117357
1,2,edited,441,0.8020015854720274,0.7438917237564131
1,2,edited,315,0.0,1.2002587322631182
1,2,edited,246,0.08617769624105241,0.6485240793875668
1,2,edited,241,0.0,0.6587597247837866
1,2,edited,293,4.471067201464611,0.6864009787722066
1,2,edited,118,0.0,0.8509396866051993
1,2,edited,338,2.1377104498038118,1.1253465225087802
1,2,edited,307,1.8213182714695995,0.721690907966252
1,2,edited,387,0.0,1.077952436525285
1,2,edited,126,0.0,0.9473264289697527
1,2,edited,326,0.0,0.8333901980359844
1,2,edited,47,0.0,0.8014264302865287
1,2,edited,243,0.0,0.43032945129743344
1,2,edited,200,2.528125768907977,1.0938023802075885
1,2,edited,127,0.0,1.1409964874060197
1,2,edited,239,0.0,0.9428529509730836
1,2,edited,146,0.6678293725756554,0.9735048995783548
1,2,edited,259,0.8671004876833833,0.8532396530815227
1,2,edited,262,1.6582280766035324,0.7883316323157508
1,2,edited,27,0.0,0.9447531473781294
1,2,edited,406,1.599387576580599,0.7727595723671469
1,2,edited,62,0.0,0.5989972145105009
1,2,edited,440,0.0,0.803156494289634
1,2,edited,36,0.0,0.5473205261641514
1,2,edited,415,6.616439947564594,0.6644738136146306
1,2,edited,341,0.0,1.129428498791091
1,2,edited,360,0.7371640659767196,1.0742270792490076
1,2,edited,247,0.5596157879354227,0.7893638589059776
1,2,edited,367,0.0,1.0380207432676192
1,2,edited,172,1.3190856114264407,0.6340057876200378
1,2,edited,288,0.0,0.8993945548860638
1,2,edited,228,4.175924549214524,0.8130872832480954
1,2,edited,394,0.0,1.099206524098466
1,2,edited,340,1.5953389880545987,0.9193036975312561
1,2,edited,143,0.5364933705145685,0.5787893839122892
1,2,edited,265,0.5822156198526637,0.6737814474177874
1,2,condensed,180,1.8453002361560848,0.9936587378249274
1,2,condensed,495,0.0,0.9763124579379425
1,2,condensed,211,3.295836866004329,1.4060884580283752
1,2,condensed,45,0.0,1.404130574312681
1,2,condensed,249,1.244154593958768,1.242380167973548
1,2,condensed,472,1.0784095813505903,1.3137933005558033
1,2,condensed,492,0.0,0.9287708317612685
1,2,condensed,455,0.0,1.3505663018055363
1,2,condensed,306,0.34358970439007686,1.3035652241327937
1,2,condensed,478,1.1662709371419244,1.8849179101097797
1,2,condensed,256,2.199444334074532,1.5926513456714355
1,2,condensed,46,0.0,1.2326441646137858
1,2,condensed,386,3.2422016501716975,0.9352739386043025
1,2,condensed,53,0.0,0.9552113696416463
1,2,condensed,51,0.0,1.0761183674721337
1,2,condensed,352,1.1085626195212777,1.7883573584707197
1,2,condensed,348,0.0,0.9394897358103049
1,2,condensed,260,2.2874714551839976,1.1880199488186436
1,2,condensed,331,2.8118094353930627,1.6070148448469723
1,2,condensed,515,0.0,1.3145764686990327
1,2,condensed,91,0.0,0.8654580915315973
1,2,condensed,154,0.9001613499442714,1.8243830337049833
1,2,condensed,292,1.2919836816486494,1.252691530132487
1,2,condensed,156,0.9593502213346021,1.4590874741496582
1,2,condensed,83,0.0,0.9463756105562339
1,2,condensed,29,0.0,1.3225171462833338
1,2,condensed,245,0.5653138090500605,1.2102488967294007
1,2,condensed,131,0.0,1.0328818771440835
1,2,condensed,151,0.8586616190375188,1.6529428679103224
1,2,condensed,330,2.0255131996542803,0.99899503175303
1,2,condensed,152,0.887891257352457,0.868887795890748
1,2,condensed,183,2.057962510002712,1.0642450504882932
1,2,condensed,489,0.0,1.392905176013068
1,2,condensed,502,0.0,1.023126693957745
1,2,condensed,0,0.0,0.9455090207678348
1,2,condensed,213,3.3446270301737613,1.215969419233976
1,2,condensed,295,0.0,1.0127367751364424
1,2,condensed,457,4.427836170705175,1.1919740771890632
1,2,condensed,98,0.0,1.3682796020546306
1,2,condensed,264,2.020222182019865,1.3496341492732622
1,2,condensed,258,0.0,1.3697616949767362
1,2,condensed,40,0.0,1.2210850720462176
1,2,condensed,184,2.0744289998562917,1.4765813935162277
1,2,condensed,327,0.0,1.7549270837012108
1,2,condensed,446,0.0,1.2306788907271553
1,2,condensed,55,0.0,1.1016930716694004
1,2,condensed,365,3.0459499897146083,1.9047243196191395
1,2,condensed,179,1.8293763327993617,1.509822818459034
1,2,condensed,115,0.0,1.059041822240455
1,2,condensed,20,0.0,1.2512432665893087
1,2,condensed,138,0.30748469974796055,1.5373986376295026
1,2,condensed,80,0.0,1.062890585006733
1,2,condensed,150,0.7839015438284094,1.3519377337922682
1,2,condensed,380,2.166765369851511,1.013384084044218
1,2,condensed,464,1.144222799920162,0.8499812719956843
1,2,condensed,107,0.0,1.4952896235449529
1,2,condensed,343,1.1568811967920856,1.4335964940558157
1,2,condensed,498,3.726656818447966,1.4117114573589036
1,2,condensed,96,0.0,1.0480124180679335
1,2,condensed,108,0.0,1.1456693668697195
1,2,condensed,511,0.0,1.749084953527366
1,2,condensed,225,3.902982260775997,1.120333252003524
1,2,condensed,411,1.7263316639055997,1.0016638387189165
1,2,condensed,193,2.3427668826268775,1.1784413893880532
1,2,condensed,370,2.4898941912990393,1.3425632796308415
1,2,condensed,417,0.0,1.0549113046011647
1,2,condensed,33,0.0,1.1815005544875188
1,2,condensed,226,3.9193957597575593,1.5190098595590074
1,2,condensed,283,0.7419373447293773,0.8522941275782957
1,2,condensed,145,0.6418538861723947,1.2073179440993207
1,2,condensed,61,0.0,1.0114928564700942
1,2,condensed,253,0.9242589015233319,1.5229563853844865
1,2,condensed,280,2.329227023940467,1.195295690695846
1,2,condensed,393,0.0,1.0310151533773966
1,2,condensed,514,2.498151876538021,1.5377504412011322
1,2,condensed,100,0.0,1.1477175857702764
1,2,condensed,421,0.0,1.063385783767328
1,2,condensed,358,0.0,1.3133354986574393
1,2,condensed,144,0.5709795465857378,1.143403745881122
1,2,condensed,120,0.0,1.463834341850707
1,2,condensed,234,5.049086480470509,1.4903977050226553
1,2,condensed,426,0.0,1.374761251025342
1,2,condensed,322,0.6981347220709843,1.9913164211175813
1,2,condensed,217,3.4442568711226023,0.9135152045138668
1,2,condensed,510,0.3576744442718159,1.355447324981467
1,2,condensed,470,0.0,0.9616159137175024
1,2,condensed,384,2.578700529074361,0.8621751888907032
1,2,condensed,416,2.081938421878423,1.0086576422737803
1,2,condensed,232,4.648133885420207,1.3421979255412677
1,2,condensed,194,2.3988039507345884,0.982945992564044
1,2,condensed,419,1.3987168811184478,1.4986083905042087
1,2,condensed,448,0.0,1.4743589829640336
1,2,condensed,124,0.0,1.0983419990310908
1,2,condensed,132,0.0,1.019085434285185
1,2,condensed,222,3.6336309798834576,0.9860458602717391
1,2,condensed,388,3.392492941032009,1.3217147186496603
1,2,condensed,397,1.5325568680981427,1.3600358987633197
1,2,condensed,346,3.3738261848660236,1.1076470951603927
1,2,condensed,304,0.0,1.5386132138992141
1,2,condensed,368,2.613006652415316,1.2665191917405325
1,2,condensed,166,1.1908875647772805,1.3195223580718367
1,2,condensed,97,0.0,0.9960196417662949
1,2,condensed,273,2.300583090323373,1.0450947199138205
1,2,condensed,254,2.428336298299606,1.0044034543923606
1,2,condensed,44,0.0,1.241890085820172
1,2,condensed,84,0.0,0.8023832377712967
1,2,condensed,202,2.642622395779755,1.0681724921990796
1,2,condensed,135,0.0,1.2823808891763129
1,2,condensed,77,0.0,0.9085205212477626
1,2,condensed,79,0.0,1.0619067371857704
1,2,condensed,237,5.365415110080531,0.980563844007989
1,2,condensed,281,3.2492110246642736,1.0017317716796674
1,2,condensed,497,2.7523860149222616,1.2244180554147823
1,2,condensed,178,1.7715567619105355,1.0277967107574373
1,2,condensed,261,1.4586150226995167,1.423170131520109
1,2,condensed,499,2.469793011977952,1.0496990086271654
1,2,condensed,26,0.0,1.287574226271483
1,2,condensed,336,0.0,1.5132236035032998
1,2,condensed,2,0.0,1.384362224368757
1,2,condensed,357,0.0,1.565660962260595
1,2,condensed,312,0.0,0.9866610622463255
1,2,condensed,285,0.0,1.3222714523191297
1,2,condensed,171,1.3056264580524357,1.747412147342748
1,2,condensed,164,1.1019400787607843,1.6427491850480456
1,2,condensed,58,0.0,0.8719378704910608
1,2,condensed,72,0.0,0.8026453543089025
1,2,condensed,477,2.1234584270966104,1.240429433242054
1,2,condensed,242,2.4096441652874536,1.1598730262426564
1,2,condensed,390,2.3942522815198695,1.0990383789111209
1,2,condensed,447,0.0,1.031165482918847
1,2,condensed,460,0.0,1.1377244812128913
1,2,condensed,505,1.916922612182061,1.0146802898142548
1,2,condensed,294,2.0241930674493576,1.688801659879304
1,2,condensed,381,2.8524391037275145,1.3678939399984433
1,2,condensed,191,2.2700619012884857,1.5214885966743454
1,2,condensed,159,0.9895411936137477,1.287574226271483
1,2,condensed,140,0.3852624007906449,1.07009262560156
1,2,condensed,50,0.0,1.5151854807953642
1,2,condensed,473,4.267176792994939,1.478989190990334
1,2,condensed,433,2.7936160894318567,1.265415649074241
1,2,condensed,176,1.724550719534605,1.1438071900486424
1,2,condensed,456,0.0,1.2715096950136817
1,2,condensed,363,1.3686394258811698,0.8660463309262331
1,2,condensed,310,0.0,1.2898547344902918
1,2,condensed,235,5.285637313390662,1.5217362112008337
1,2,condensed,269,1.6863989535702288,1.2903655280664248
1,2,condensed,466,1.430311246536665,0.9869594899120148
1,2,condensed,369,0.0,1.0215078347882833
1,2,condensed,299,0.0,1.2613554889692988
1,2,condensed,174,1.5040773967762742,1.1499300951799782
1,2,condensed,101,0.0,1.1728391703104006
1,2,condensed,119,0.0,1.237352846228131
1,2,condensed,353,1.000631880307906,1.4508983777060198
1,2,condensed,504,3.923753928303845,1.3212346354398656
1,2,condensed,231,4.566221435849517,1.8700479769103948
1,2,condensed,516,0.0,1.0089312099329824
1,2,condensed,64,0.0,0.8583793418133973
1,2,condensed,302,0.0,0.7785327424604076
1,2,condensed,291,2.1972245773362196,1.3227816283916163
1,2,condensed,362,0.41871033485818504,1.4615848392867046
1,2,condensed,185,2.0844290831908747,1.1451882690465731
1,2,condensed,168,1.2612978709452054,1.154787401443439
1,2,condensed,230,4.494126887194767,1.0653190120220102
1,2,condensed,318,0.0,1.7509793221049144
1,2,condensed,403,0.0,1.7505145066117858
1,2,condensed,8,0.0,1.4049672637742263
1,2,condensed,252,0.1906203596086497,1.5269774101040847
1,2,condensed,501,0.0,1.1777027788925665
1,2,condensed,133,0.0,1.365255378033471
1,2,condensed,38,0.0,1.1128080482545846
1,2,condensed,271,2.329227023940467,1.4979930798963055
1,2,condensed,471,3.675794214565281,0.8495832418421979
1,2,condensed,268,0.0,0.9666906735117912
1,2,condensed,376,0.0,1.2754407712819722
1,2,condensed,82,0.0,1.0595571490233666
1,2,condensed,86,0.0,1.004122383395303
1,2,condensed,192,2.2731562823032334,0.982945992564044
1,2,condensed,442,1.4701758451005926,1.1256009648405052
1,2,condensed,408,2.174751721484161,0.95200114460984
1,2,condensed,203,2.6878474937846906,1.885719055659803
1,2,condensed,509,1.1537315878891892,1.2966517553443293
1,2,condensed,428,0.0,0.8547293677861546
1,2,condensed,104,0.0,0.9086787005696302
1,2,condensed,377,5.168379509433644,1.0436311265825764
1,2,condensed,147,0.6729444732424258,1.4698896436273572
1,2,condensed,401,1.7833912195575383,0.9810254199158571
1,2,condensed,396,1.534714366238164,0.9656342652708795
1,2,condensed,459,1.0784095813505903,1.1421149989603796
1,2,condensed,345,1.9213246735826988,0.8146377595582377
1,2,condensed,298,0.0,1.184608554191554
1,2,condensed,236,5.307970623576175,1.080420775246222
1,2,condensed,319,1.6882490928583902,1.1680636162083544
1,2,condensed,450,2.005525858729668,1.1488455721567696
1,2,condensed,392,4.27332721775054,1.0381645535446204
1,2,condensed,24,0.0,1.449304807821252
1,2,condensed,378,0.0,0.9869851424374978
1,2,condensed,409,0.0,0.878779109732666
1,2,condensed,427,1.208960345836975,1.056633460884477
1,2,condensed,494,2.2607208888953467,1.6148155305784306
1,2,condensed,334,0.0,0.6090576252028157
1,2,condensed,374,2.9601050959108397,1.143451797251795
1,2,condensed,68,0.0,1.1423783200053665
1,2,condensed,198,2.50470927708418,1.1509260524204834
1,2,condensed,512,2.0068708488450007,1.019621748561237
1,2,condensed,56,0.0,1.094703150684857
1,2,condensed,244,1.3532545070416904,1.30100873735225
1,2,condensed,204,2.7073833121145063,1.3004444786037201
1,2,condensed,197,2.4898941912990393,1.7217762980094016
1,2,condensed,19,0.0,1.032714781114718
1,2,condensed,162,1.0784095813505903,1.1377758446395492
1,2,condensed,389,0.0,1.395537747591597
1,2,condensed,435,0.0,0.9943168547039994
1,2,condensed,219,3.492256112609122,0.834556587339121
1,2,condensed,30,0.0,1.367109893360459
1,2,condensed,60,0.0,0.7423462537824089
1,2,condensed,430,0.0,0.9257879194388141
1,2,condensed,73,0.0,1.3260720170829907
1,2,condensed,284,3.228430037673012,1.1014830319536624
1,2,condensed,3,0.0,1.2103086536316607
1,2,condensed,355,2.643333886382519,1.069590798158808
1,2,condensed,486,1.0986122886681098,1.3521824830537366
1,2,condensed,425,0.0,1.1446048454538569
1,2,condensed,441,0.8020015854720274,1.799432920688989
1,2,condensed,315,0.0,1.192559410633079
1,2,condensed,246,0.08617769624105241,1.1771179619164114
1,2,condensed,241,0.0,0.8152939258480141
1,2,condensed,293,4.471067201464611,1.5743103350670122
1,2,condensed,118,0.0,0.7294113514552644
1,2,condensed,338,2.1377104498038118,1.8668153161619105
1,2,condensed,307,1.8213182714695995,0.9676728738800566
1,2,condensed,387,0.0,1.0932736499274593
1,2,condensed,126,0.0,0.9451484277412356
1,2,condensed,326,0.0,1.4221791768042769
1,2,condensed,47,0.0,1.263069199134827
1,2,condensed,243,0.0,1.3197768806652594
1,2,condensed,200,2.528125768907977,1.1384409830208155
1,2,condensed,127,0.0,1.3862756647259638
1,2,condensed,239,0.0,1.0440267828507765
1,2,condensed,146,0.6678293725756554,0.7281471807069676
1,2,condensed,259,0.8671004876833833,1.5253803792767797
1,2,condensed,262,1.6582280766035324,1.0711820220153143
1,2,condensed,27,0.0,1.3287255310666053
1,2,condensed,406,1.599387576580599,0.9674133554989166
1,2,condensed,62,0.0,0.9155587268907203
1,2,condensed,440,0.0,1.1363863907327247
1,2,condensed,36,0.0,1.2062975090337036
1,2,condensed,415,6.616439947564594,1.3661184892291869
1,2,condensed,341,0.0,1.5564667059346633
1,2,condensed,360,0.7371640659767196,1.7712611840222012
1,2,condensed,247,0.5596157879354227,1.0004654395172556
1,2,condensed,367,0.0,1.0822421692647533
1,2,condensed,172,1.3190856114264407,1.5824936286900855
1,2,condensed,288,0.0,1.498694977128268
1,2,condensed,228,4.175924549214524,1.2733685966127666
1,2,condensed,394,0.0,1.0683144529171715
1,2,condensed,340,1.5953389880545987,1.1403258316827931
1,2,condensed,143,0.5364933705145685,0.8371351457847674
1,2,condensed,265,0.5822156198526637,1.1829249855862563
2,1,null,115,0.0,1.0980837763900064
2,1,null,29,0.0,1.0980837763900064
2,1,null,9,0.0,1.0980837763900064
2,1,null,348,0.0,1.0980837763900064
2,1,null,428,0.0,1.0980837763900064
2,1,null,371,0.0,1.0980837763900064
2,1,null,205,2.745345985845907,1.0980837763900064
2,1,null,154,0.9001613499442714,1.0980837763900064
2,1,null,75,0.0,1.0980837763900064
2,1,null,330,2.0255131996542803,1.0980837763900064
2,1,null,306,0.34358970439007686,1.0980837763900064
2,1,null,467,1.8794650496471605,1.0980837763900064
2,1,null,43,0.0,1.0980837763900064
2,1,null,281,3.2492110246642736,1.0980837763900064
2,1,null,504,3.923753928303845,1.0980837763900064
2,1,null,333,1.1410330045520618,1.0980837763900064
2,1,null,122,0.0,1.0980837763900064
2,1,null,231,4.566221435849517,1.0980837763900064
2,1,null,286,0.0,1.0980837763900064
2,1,null,81,0.0,1.0980837763900064
2,1,null,201,2.5726122302071057,1.0980837763900064
2,1,null,395,3.966132331075178,1.0980837763900064
2,1,null,210,3.2280337626529665,1.0980837763900064
2,1,null,107,0.0,1.0980837763900064
2,1,null,221,3.607669398688393,1.0980837763900064
2,1,null,169,1.2669476034873244,1.0980837763900064
2,1,null,19,0.0,1.0980837763900064
2,1,null,396,1.534714366238164,1.0980837763900064
2,1,null,241,0.0,1.0980837763900064
2,1,null,435,0.0,1.0980837763900064
2,1,null,119,0.0,1.0980837763900064
2,1,null,473,4.267176792994939,1.0980837763900064
2,1,null,316,0.0,1.0980837763900064
2,1,null,392,4.27332721775054,1.0980837763900064
2,1,null,455,0.0,1.0980837763900064
2,1,null,513,4.012592060349841,1.0980837763900064
2,1,null,167,1.2556160374777743,1.0980837763900064
2,1,null,94,0.0,1.0980837763900064
2,1,null,325,0.0,1.0980837763900064
2,1,null,177,1.7387102481382397,1.0980837763900064
2,1,null,52,0.0,1.0980837763900064
2,1,null,118,0.0,1.0980837763900064
2,1,null,474,2.405141681319138,1.0980837763900064
2,1,null,354,1.9416152247724325,1.0980837763900064
2,1,null,208,3.007166651179654,1.0980837763900064
2,1,null,0,0.0,1.0980837763900064
2,1,null,247,0.5596157879354227,1.0980837763900064
2,1,null,156,0.9593502213346021,1.0980837763900064
2,1,null,28,0.0,1.0980837763900064
2,1,null,63,0.0,1.0980837763900064
2,1,null,240,0.0,1.0980837763900064
2,1,null,475,1.4327007339340463,1.0980837763900064
2,1,null,363,1.3686394258811698,1.0980837763900064
2,1,null,74,0.0,1.0980837763900064
2,1,null,80,0.0,1.0980837763900064
2,1,null,34,0.0,1.0980837763900064
2,1,null,57,0.0,1.0980837763900064
2,1,null,274,2.5006159434931803,1.0980837763900064
2,1,null,437,0.0,1.0980837763900064
2,1,null,101,0.0,1.0980837763900064
2,1,null,71,0.0,1.0980837763900064
2,1,null,510,0.3576744442718159,1.0980837763900064
2,1,null,77,0.0,1.0980837763900064
2,1,null,227,4.08260930600368,1.0980837763900064
2,1,null,290,0.0,1.0980837763900064
2,1,null,256,2.199444334074532,1.0980837763900064
2,1,null,383,3.7812307151781224,1.0980837763900064
2,1,null,134,0.0,1.0980837763900064
2,1,null,92,0.0,1.0980837763900064
2,1,null,485,1.1216775615991057,1.0980837763900064
2,1,null,259,0.8671004876833833,1.0980837763900064
2,1,null,397,1.5325568680981427,1.0980837763900064
2,1,null,4,0.0,1.0980837763900064
2,1,null,164,1.1019400787607843,1.0980837763900064
2,1,null,244,1.3532545070416904,1.0980837763900064
2,1,null,340,1.5953389880545987,1.0980837763900064
2,1,null,22,0.0,1.0980837763900064
2,1,null,449,0.0,1.0980837763900064
2,1,null,476,1.0152306797290584,1.0980837763900064
2,1,null,385,2.833213344056216,1.0980837763900064
2,1,null,207,2.9014215940827497,1.0980837763900064
2,1,null,359,2.21046980408624,1.0980837763900064
2,1,null,421,0.0,1.0980837763900064
2,1,null,62,0.0,1.0980837763900064
2,1,null,123,0.0,1.0980837763900064
2,1,null,255,0.0,1.0980837763900064
2,1,null,463,1.8547342683894434,1.0980837763900064
2,1,null,379,0.0,1.0980837763900064
2,1,null,366,1.0116009116784799,1.0980837763900064
2,1,null,44,0.0,1.0980837763900064
2,1,null,163,1.0818051703517284,1.0980837763900064
2,1,null,111,0.0,1.0980837763900064
2,1,null,443,0.0,1.0980837763900064
2,1,null,153,0.9001613499442714,1.0980837763900064
2,1,null,219,3.492256112609122,1.0980837763900064
2,1,null,213,3.3446270301737613,1.0980837763900064
2,1,null,270,0.41871033485818504,1.0980837763900064
2,1,null,12,0.0,1.0980837763900064
2,1,null,56,0.0,1.0980837763900064
2,1,null,133,0.0,1.0980837763900064
2,1,null,242,2.4096441652874536,1.0980837763900064
2,1,null,305,0.0,1.0980837763900064
2,1,null,345,1.9213246735826988,1.0980837763900064
2,1,null,402,0.0,1.0980837763900064
2,1,null,439,0.28517894223366247,1.0980837763900064
2,1,null,364,1.8946168546677629,1.0980837763900064
2,1,null,288,0.0,1.0980837763900064
2,1,null,326,0.0,1.0980837763900064
2,1,null,225,3.902982260775997,1.0980837763900064
2,1,null,372,0.0,1.0980837763900064
2,1,null,90,0.0,1.0980837763900064
2,1,null,418,1.235471471385307,1.0980837763900064
2,1,null,182,1.998773638612381,1.0980837763900064
2,1,null,323,1.1568811967920856,1.0980837763900064
2,1,null,464,1.144222799920162,1.0980837763900064
2,1,null,299,0.0,1.0980837763900064
2,1,null,387,0.0,1.0980837763900064
2,1,null,493,3.7914360424390283,1.0980837763900064
2,1,null,114,0.0,1.0980837763900064
2,1,null,76,0.0,1.0980837763900064
2,1,null,419,1.3987168811184478,1.0980837763900064
2,1,null,444,2.3942522815198695,1.0980837763900064
2,1,null,508,0.0,1.0980837763900064
2,1,null,78,0.0,1.0980837763900064
2,1,null,312,0.0,1.0980837763900064
2,1,null,204,2.7073833121145063,1.0980837763900064
2,1,null,217,3.4442568711226023,1.0980837763900064
2,1,null,48,0.0,1.0980837763900064
2,1,null,109,0.0,1.0980837763900064
2,1,null,358,0.0,1.0980837763900064
2,1,null,235,5.285637313390662,1.0980837763900064
2,1,null,14,0.0,1.0980837763900064
2,1,null,342,0.0,1.0980837763900064
2,1,null,262,1.6582280766035324,1.0980837763900064
2,1,null,257,0.5187937934151676,1.0980837763900064
2,1,null,417,0.0,1.0980837763900064
2,1,null,176,1.724550719534605,1.0980837763900064
2,1,null,438,2.005525858729668,1.0980837763900064
2,1,null,173,1.4036429994545037,1.0980837763900064
2,1,null,355,2.643333886382519,1.0980837763900064
2,1,null,67,0.0,1.0980837763900064
2,1,null,462,1.5496879080283263,1.0980837763900064
2,1,null,275,1.8531680973566984,1.0980837763900064
2,1,null,170,1.2725655957915476,1.0980837763900064
2,1,null,159,0.9895411936137477,1.0980837763900064
2,1,null,376,0.0,1.0980837763900064
2,1,null,50,0.0,1.0980837763900064
2,1,null,398,0.0,1.0980837763900064
2,1,null,373,0.0,1.0980837763900064
2,1,null,483,0.0,1.0980837763900064
2,1,null,8,0.0,1.0980837763900064
2,1,null,190,2.231089091288976,1.0980837763900064
2,1,null,384,2.578700529074361,1.0980837763900064
2,1,null,410,0.0,1.0980837763900064
2,1,null,298,0.0,1.0980837763900064
2,1,null,365,3.0459499897146083,1.0980837763900064
2,1,null,198,2.50470927708418,1.0980837763900064
2,1,null,60,0.0,1.0980837763900064
2,1,null,361,1.597365331199831,1.0980837763900064
2,1,null,289,0.0,1.0980837763900064
2,1,null,108,0.0,1.0980837763900064
2,1,null,389,0.0,1.0980837763900064
2,1,null,453,0.0,1.0980837763900064
2,1,null,228,4.175924549214524,1.0980837763900064
2,1,null,341,0.0,1.0980837763900064
2,1,null,89,0.0,1.0980837763900064
2,1,null,282,0.0,1.0980837763900064
2,1,null,237,5.365415110080531,1.0980837763900064
2,1,null,216,3.4170707308184456,1.0980837763900064
2,1,null,279,2.3767644911682972,1.0980837763900064
2,1,null,93,0.0,1.0980837763900064
2,1,null,506,0.0,1.0980837763900064
2,1,null,477,2.1234584270966104,1.0980837763900064
2,1,null,20,0.0,1.0980837763900064
2,1,null,155,0.9400072584914712,1.0980837763900064
2,1,null,271,2.329227023940467,1.0980837763900064
2,1,null,377,5.168379509433644,1.0980837763900064
2,1,null,32,0.0,1.0980837763900064
2,1,null,175,1.7101878155342434,1.0980837763900064
2,1,null,18,0.0,1.0980837763900064
2,1,null,303,0.0,1.0980837763900064
2,1,null,413,0.0,1.0980837763900064
2,1,null,183,2.057962510002712,1.0980837763900064
2,1,null,140,0.3852624007906449,1.0980837763900064
2,1,null,424,1.7850704810772584,1.0980837763900064
2,1,null,393,0.0,1.0980837763900064
2,1,null,202,2.642622395779755,1.0980837763900064
2,1,null,65,0.0,1.0980837763900064
2,1,null,16,0.0,1.0980837763900064
2,1,null,124,0.0,1.0980837763900064
2,1,null,272,1.4085449700547104,1.0980837763900064
2,1,null,59,0.0,1.0980837763900064
2,1,null,512,2.0068708488450007,1.0980837763900064
2,1,null,498,3.726656818447966,1.0980837763900064
2,1,null,54,0.0,1.0980837763900064
2,1,null,42,0.0,1.0980837763900064
2,1,null,148,0.7275486072772779,1.0980837763900064
2,1,null,196,2.4790562361098245,1.0980837763900064
2,1,null,511,0.0,1.0980837763900064
2,1,null,64,0.0,1.0980837763900064
2,1,null,234,5.049086480470509,1.0980837763900064
2,1,null,300,0.0,1.0980837763900064
2,1,null,391,3.4397768636296306,1.0980837763900064
2,1,null,215,3.389799336709786,1.0980837763900064
2,1,null,507,0.0,1.0980837763900064
2,1,null,451,2.3711778844596574,1.0980837763900064
2,1,null,40,0.0,1.0980837763900064
2,1,null,458,1.463255402256019,1.0980837763900064
2,1,null,320,3.5655812377694427,1.0980837763900064
2,1,null,246,0.08617769624105241,1.0980837763900064
2,1,null,174,1.5040773967762742,1.0980837763900064
2,1,null,13,0.0,1.0980837763900064
2,1,null,68,0.0,1.0980837763900064
2,1,null,105,0.0,1.0980837763900064
2,1,null,132,0.0,1.0980837763900064
2,1,null,72,0.0,1.0980837763900064
2,1,null,138,0.30748469974796055,1.0980837763900064
2,1,null,121,0.0,1.0980837763900064
2,1,null,46,0.0,1.0980837763900064
2,1,null,58,0.0,1.0980837763900064
2,1,null,184,2.0744289998562917,1.0980837763900064
2,1,null,53,0.0,1.0980837763900064
2,1,null,181,1.8625285401162623,1.0980837763900064
2,1,null,33,0.0,1.0980837763900064
2,1,null,195,2.3997118037247684,1.0980837763900064
2,1,null,405,0.0,1.0980837763900064
2,1,null,26,0.0,1.0980837763900064
2,1,null,415,6.616439947564594,1.0980837763900064
2,1,null,191,2.2700619012884857,1.0980837763900064
2,1,null,161,1.0647107369924282,1.0980837763900064
2,1,null,374,2.9601050959108397,1.0980837763900064
2,1,null,431,1.9960599327407849,1.0980837763900064
2,1,null,158,0.9707789171582246,1.0980837763900064
2,1,null,456,0.0,1.0980837763900064
2,1,null,168,1.2612978709452054,1.0980837763900064
2,1,null,194,2.3988039507345884,1.0980837763900064
2,1,null,399,0.0,1.0980837763900064
2,1,null,200,2.528125768907977,1.0980837763900064
2,1,null,172,1.3190856114264407,1.0980837763900064
2,1,null,269,1.6863989535702288,1.0980837763900064
2,1,null,375,3.6975913947159578,1.0980837763900064
2,1,null,258,0.0,1.0980837763900064
2,1,null,37,0.0,1.0980837763900064
2,1,null,301,1.5085119938441398,1.0980837763900064
2,1,null,291,2.1972245773362196,1.0980837763900064
2,1,null,144,0.5709795465857378,1.0980837763900064
2,1,null,509,1.1537315878891892,1.0980837763900064
2,1,null,220,3.4986265269937014,1.0980837763900064
2,1,null,412,0.9669838461896731,1.0980837763900064
2,1,null,85,0.0,1.0980837763900064
2,1,null,188,2.128231705849268,1.0980837763900064
2,1,null,137,0.0,1.0980837763900064
2,1,null,104,0.0,1.0980837763900064
2,1,null,209,3.1949928844048685,1.0980837763900064
2,1,null,422,1.9878743481543455,1.0980837763900064
2,1,null,481,0.0,1.0980837763900064
2,1,null,226,3.9193957597575593,1.0980837763900064
2,1,null,265,0.5822156198526637,1.0980837763900064
2,1,null,70,0.0,1.0980837763900064
2,1,knn,115,0.0,0.968172557314869
2,1,knn,29,0.0,1.4056138495649568
2,1,knn,9,0.0,1.2158381582696665
2,1,knn,348,0.0,0.9214069462796225
2,1,knn,428,0.0,0.8066284666031244
2,1,knn,371,0.0,1.1332998628262996
2,1,knn,205,2.745345985845907,1.4423236843061256
2,1,knn,154,0.9001613499442714,1.6379299190033967
2,1,knn,75,0.0,1.1169664492065474
2,1,knn,330,2.0255131996542803,1.0232300826838452
2,1,knn,306,0.34358970439007686,1.262501875551195
2,1,knn,467,1.8794650496471605,0.9579093758093193
2,1,knn,43,0.0,0.9806009280102707
2,1,knn,281,3.2492110246642736,1.3619768847055456
2,1,knn,504,3.923753928303845,1.3659747233528736
2,1,knn,333,1.1410330045520618,1.1794579960511546
2,1,knn,122,0.0,1.0524640491550223
2,1,knn,231,4.566221435849517,1.3302493448299408
2,1,knn,286,0.0,0.8929604688292769
2,1,knn,81,0.0,0.8775987632939894
2,1,knn,201,2.5726122302071057,0.8603594738947435
2,1,knn,395,3.966132331075178,0.9285355512456666
2,1,knn,210,3.2280337626529665,0.6284568940971258
2,1,knn,107,0.0,1.3054662125543683
2,1,knn,221,3.607669398688393,0.8249632082405315
2,1,knn,169,1.2669476034873244,0.7524558240128838
2,1,knn,19,0.0,1.2035598752375791
2,1,knn,396,1.534714366238164,0.7797567646306957
2,1,knn,241,0.0,0.8512074721775278
2,1,knn,435,0.0,0.8600447693002059
2,1,knn,119,0.0,0.9229480420643955
2,1,knn,473,4.267176792994939,1.1869098464409105
2,1,knn,316,0.0,1.4338943465841183
2,1,knn,392,4.27332721775054,0.7927984249645325
2,1,knn,455,0.0,0.5928942658480293
2,1,knn,513,4.012592060349841,1.240310009719561
2,1,knn,167,1.2556160374777743,0.6446451563215388
2,1,knn,94,0.0,0.9221975242544964
2,1,knn,325,0.0,1.0298301319563472
2,1,knn,177,1.7387102481382397,0.9477236317912846
2,1,knn,52,0.0,1.0067960235601643
2,1,knn,118,0.0,0.8454981315800433
2,1,knn,474,2.405141681319138,0.9456863304419258
2,1,knn,354,1.9416152247724325,1.0472212158152707
2,1,knn,208,3.007166651179654,1.305450757533573
2,1,knn,0,0.0,1.2393313098679852
2,1,knn,247,0.5596157879354227,1.0572113968150876
2,1,knn,156,0.9593502213346021,1.1598817879416796
2,1,knn,28,0.0,1.635189676823824
2,1,knn,63,0.0,0.9848825058490426
2,1,knn,240,0.0,0.9564027967711164
2,1,knn,475,1.4327007339340463,1.0599928292664063
2,1,knn,363,1.3686394258811698,1.1063286026084898
2,1,knn,74,0.0,1.0788033937246826
2,1,knn,80,0.0,0.45351454736153546
2,1,knn,34,0.0,1.2014232830123384
2,1,knn,57,0.0,0.9184697720258009
2,1,knn,274,2.5006159434931803,1.4214044977401261
2,1,knn,437,0.0,0.6456954785730231
2,1,knn,101,0.0,1.1323421084110579
2,1,knn,71,0.0,0.6854060739233667
2,1,knn,510,0.3576744442718159,1.2410772157756194
2,1,knn,77,0.0,1.0393971217144151
2,1,knn,227,4.08260930600368,1.345602379615125
2,1,knn,290,0.0,0.9231952184592446
2,1,knn,256,2.199444334074532,0.8207007444927005
2,1,knn,383,3.7812307151781224,1.0369585523598626
2,1,knn,134,0.0,0.9091290442421034
2,1,knn,92,0.0,1.3356425778935317
2,1,knn,485,1.1216775615991057,1.0083768951234107
2,1,knn,259,0.8671004876833833,1.0289303287976004
2,1,knn,397,1.5325568680981427,1.1159835283973727
2,1,knn,4,0.0,0.8903980018882363
2,1,knn,164,1.1019400787607843,1.5258178236964355
2,1,knn,244,1.3532545070416904,1.1828662788952626
2,1,knn,340,1.5953389880545987,0.9091469716357886
2,1,knn,22,0.0,1.1623951446849021
2,1,knn,449,0.0,1.1646618074951407
2,1,knn,476,1.0152306797290584,1.057064454455459
2,1,knn,385,2.833213344056216,1.2615268414914012
2,1,knn,207,2.9014215940827497,1.2139476524410844
2,1,knn,359,2.21046980408624,1.281188652708139
2,1,knn,421,0.0,1.3801712861824706
2,1,knn,62,0.0,0.7552357114429898
2,1,knn,123,0.0,1.1257946834423722
2,1,knn,255,0.0,1.1979509713551861
2,1,knn,463,1.8547342683894434,1.0528833480012345
2,1,knn,379,0.0,1.2013370644860204
2,1,knn,366,1.0116009116784799,0.868168304386806
2,1,knn,44,0.0,0.9331016924319689
2,1,knn,163,1.0818051703517284,1.02093786651021
2,1,knn,111,0.0,0.7783674800700162
2,1,knn,443,0.0,1.0099106540747729
2,1,knn,153,0.9001613499442714,0.9021471611375655
2,1,knn,219,3.492256112609122,0.8428335419042647
2,1,knn,213,3.3446270301737613,1.234596566511551
2,1,knn,270,0.41871033485818504,0.9729677915631922
2,1,knn,12,0.0,1.1509433511668465
2,1,knn,56,0.0,1.3233759516934451
2,1,knn,133,0.0,0.6825451740620828
2,1,knn,242,2.4096441652874536,0.8946618891428079
2,1,knn,305,0.0,1.1458035145982017
2,1,knn,345,1.9213246735826988,0.8866702153977489
2,1,knn,402,0.0,1.2704224670437159
2,1,knn,439,0.28517894223366247,1.150163590941425
2,1,knn,364,1.8946168546677629,1.4379313284090403
2,1,knn,288,0.0,1.257658052412718
2,1,knn,326,0.0,1.3528911484645627
2,1,knn,225,3.902982260775997,1.360333244824717
2,1,knn,372,0.0,0.5168159713187988
2,1,knn,90,0.0,1.5065116626560608
2,1,knn,418,1.235471471385307,1.1445024469642253
2,1,knn,182,1.998773638612381,0.9157073671473578
2,1,knn,323,1.1568811967920856,1.1707018494576653
2,1,knn,464,1.144222799920162,1.1319038149704361
2,1,knn,299,0.0,1.107916472347481
2,1,knn,387,0.0,1.0369430643958852
2,1,knn,493,3.7914360424390283,0.8825848216310931
2,1,knn,114,0.0,1.3265295905816492
2,1,knn,76,0.0,0.9993634272027344
2,1,knn,419,1.3987168811184478,1.4497440444791354
2,1,knn,444,2.3942522815198695,0.9197090797295312
2,1,knn,508,0.0,0.9933063558212815
2,1,knn,78,0.0,1.0863983798097063
2,1,knn,312,0.0,1.278146917327578
2,1,knn,204,2.7073833121145063,0.8173225039949438
2,1,knn,217,3.4442568711226023,0.9309232602928952
2,1,knn,48,0.0,0.909241361245916
2,1,knn,109,0.0,1.3546561221273337
2,1,knn,358,0.0,1.2689256200866417
2,1,knn,235,5.285637313390662,1.241216275265617
2,1,knn,14,0.0,1.282045639022975
2,1,knn,342,0.0,1.2015576100753882
2,1,knn,262,1.6582280766035324,1.0048722543865012
2,1,knn,257,0.5187937934151676,1.086509178287316
2,1,knn,417,0.0,1.0732672790248214
2,1,knn,176,1.724550719534605,1.0127654080208146
2,1,knn,438,2.005525858729668,1.0337456520650405
2,1,knn,173,1.4036429994545037,1.081947854869043
2,1,knn,355,2.643333886382519,1.5460308723137695
2,1,knn,67,0.0,0.697667208054889
2,1,knn,462,1.5496879080283263,1.0148915025632264
2,1,knn,275,1.8531680973566984,0.8532159125231827
2,1,knn,170,1.2725655957915476,1.233629555166938
2,1,knn,159,0.9895411936137477,1.2179356739827996
2,1,knn,376,0.0,0.7919581000281221
2,1,knn,50,0.0,1.1379715050155506
2,1,knn,398,0.0,0.9920265127207838
2,1,knn,373,0.0,0.853623416903644
2,1,knn,483,0.0,1.0596471623121346
2,1,knn,8,0.0,1.3275233289137365
2,1,knn,190,2.231089091288976,0.966883916104356
2,1,knn,384,2.578700529074361,1.0120779866200995
2,1,knn,410,0.0,0.9590666647448175
2,1,knn,298,0.0,0.8792443874136279
2,1,knn,365,3.0459499897146083,1.3181179838115253
2,1,knn,198,2.50470927708418,1.1599637312092173
2,1,knn,60,0.0,1.1175061485013318
2,1,knn,361,1.597365331199831,1.0181186756016662
2,1,knn,289,0.0,1.3478487014990157
2,1,knn,108,0.0,1.1189227931937071
2,1,knn,389,0.0,1.1843449439980493
2,1,knn,453,0.0,1.0658299237443734
2,1,knn,228,4.175924549214524,1.4015365363801604
2,1,knn,341,0.0,1.4208577294139384
2,1,knn,89,0.0,0.7997680260293188
2,1,knn,282,0.0,1.11616258807394
2,1,knn,237,5.365415110080531,0.798981178963641
2,1,knn,216,3.4170707308184456,0.8164748473824787
2,1,knn,279,2.3767644911682972,1.5477315797391873
2,1,knn,93,0.0,1.294154252367577
2,1,knn,506,0.0,1.0699405229547376
2,1,knn,477,2.1234584270966104,0.8355293879396715
2,1,knn,20,0.0,0.9206958213169183
2,1,knn,155,0.9400072584914712,0.6508778098047583
2,1,knn,271,2.329227023940467,0.8642114236023414
2,1,knn,377,5.168379509433644,1.016305966813907
2,1,knn,32,0.0,1.067811443167647
2,1,knn,175,1.7101878155342434,1.1041789095507188
2,1,knn,18,0.0,0.9095044330218341
2,1,knn,303,0.0,0.5859435137684446
2,1,knn,413,0.0,1.2431837466917004
2,1,knn,183,2.057962510002712,1.2463832436916311
2,1,knn,140,0.3852624007906449,1.1756816583560545
2,1,knn,424,1.7850704810772584,1.1864995204930533
2,1,knn,393,0.0,1.1288316074813307
2,1,knn,202,2.642622395779755,0.8613836644290114
2,1,knn,65,0.0,1.0071110545770834
2,1,knn,16,0.0,0.7997216313591724
2,1,knn,124,0.0,1.0474616479847503
2,1,knn,272,1.4085449700547104,1.1012010086929076
2,1,knn,59,0.0,1.0686236867468262
2,1,knn,512,2.0068708488450007,1.297620159452473
2,1,knn,498,3.726656818447966,1.6924085127262782
2,1,knn,54,0.0,1.21554160678491
2,1,knn,42,0.0,1.072428463445537
2,1,knn,148,0.7275486072772779,1.012614275287641
2,1,knn,196,2.4790562361098245,1.0127654080208146
2,1,knn,511,0.0,1.4057736399606957
2,1,knn,64,0.0,0.9848212606181922
2,1,knn,234,5.049086480470509,1.3660048203534167
2,1,knn,300,0.0,1.2282232020001582
2,1,knn,391,3.4397768636296306,1.4522965546280369
2,1,knn,215,3.389799336709786,0.8020609485442047
2,1,knn,507,0.0,1.177792011352788
2,1,knn,451,2.3711778844596574,1.3279915148445105
2,1,knn,40,0.0,1.1422278699258996
2,1,knn,458,1.463255402256019,0.6883921281554133
2,1,knn,320,3.5655812377694427,0.8574630859514948
2,1,knn,246,0.08617769624105241,1.6161511787660312
2,1,knn,174,1.5040773967762742,1.0768935811087355
2,1,knn,13,0.0,1.3408149791388013
2,1,knn,68,0.0,0.5887223244521814
2,1,knn,105,0.0,1.1723395627753135
2,1,knn,132,0.0,0.6801402804923791
2,1,knn,72,0.0,1.1346719114875081
2,1,knn,138,0.30748469974796055,1.433773948593535
2,1,knn,121,0.0,0.9143280424958237
2,1,knn,46,0.0,1.028797723388928
2,1,knn,58,0.0,1.2597892773620654
2,1,knn,184,2.0744289998562917,1.123494993999991
2,1,knn,53,0.0,1.0067960235601643
2,1,knn,181,1.8625285401162623,1.2046838301695544
2,1,knn,33,0.0,1.2640029751070598
2,1,knn,195,2.3997118037247684,0.8435657584172725
2,1,knn,405,0.0,1.1059647467596174
2,1,knn,26,0.0,1.2179356739827996
2,1,knn,415,6.616439947564594,1.354715474538452
2,1,knn,191,2.2700619012884857,1.3783375616253342
2,1,knn,161,1.0647107369924282,1.5195631548800503
2,1,knn,374,2.9601050959108397,0.7967339065639086
2,1,knn,431,1.9960599327407849,0.9933456222947435
2,1,knn,158,0.9707789171582246,1.119232657439465
2,1,knn,456,0.0,1.0536323561741496
2,1,knn,168,1.2612978709452054,1.0092619929567836
2,1,knn,194,2.3988039507345884,0.7000240387564726
2,1,knn,399,0.0,1.2237300039513086
2,1,knn,200,2.528125768907977,1.3341739503658352
2,1,knn,172,1.3190856114264407,1.514536760088817
2,1,knn,269,1.6863989535702288,0.8513093926687627
2,1,knn,375,3.6975913947159578,1.0381310836000652
2,1,knn,258,0.0,0.9625239194241269
2,1,knn,37,0.0,1.0673330546461675
2,1,knn,301,1.5085119938441398,1.0250355862565645
2,1,knn,291,2.1972245773362196,0.96108959966885
2,1,knn,144,0.5709795465857378,0.8937502292879623
2,1,knn,509,1.1537315878891892,1.016613240884807
2,1,knn,220,3.4986265269937014,1.4701443504335225
2,1,knn,412,0.9669838461896731,1.3109060402909276
2,1,knn,85,0.0,0.8272860708336988
2,1,knn,188,2.128231705849268,0.7840655119837119
2,1,knn,137,0.0,1.03106325181233
2,1,knn,104,0.0,1.0560357965589322
2,1,knn,209,3.1949928844048685,1.0735193306877626
2,1,knn,422,1.9878743481543455,1.3040023275172785
2,1,knn,481,0.0,1.195278073110686
2,1,knn,226,3.9193957597575593,1.4002633738529828
2,1,knn,265,0.5822156198526637,1.0235785258665797
2,1,knn,70,0.0,0.9133361030661671
2,1,edited,115,0.0,0.8035845809169382
2,1,edited,29,0.0,1.210939601483152
2,1,edited,9,0.0,0.7622114939162443
2,1,edited,348,0.0,0.7617782913149593
2,1,edited,428,0.0,0.901461984657573
2,1,edited,371,0.0,0.806270949457739
2,1,edited,205,2.745345985845907,1.0111358519376914
2,1,edited,154,0.9001613499442714,1.2468161395270811
2,1,edited,75,0.0,0.9937145509149674
2,1,edited,330,2.0255131996542803,0.9389316079988038
2,1,edited,306,0.34358970439007686,0.7604866736129176
2,1,edited,467,1.8794650496471605,0.7278241774660283
2,1,edited,43,0.0,1.0068735962261566
2,1,edited,281,3.2492110246642736,1.162190997997173
2,1,edited,504,3.923753928303845,0.948884259034708
2,1,edited,333,1.1410330045520618,0.7104179031756219
2,1,edited,122,0.0,0.7576635844212731
2,1,edited,231,4.566221435849517,1.2645345362165665
2,1,edited,286,0.0,0.6465366415172004
2,1,edited,81,0.0,0.972438081276485
2,1,edited,201,2.5726122302071057,0.6245512862080698
2,1,edited,395,3.966132331075178,0.6728094701031148
2,1,edited,210,3.2280337626529665,0.703755451855343
2,1,edited,107,0.0,0.9333270007431201
2,1,edited,221,3.607669398688393,0.5632920686358304
2,1,edited,169,1.2669476034873244,0.6329399208819692
2,1,edited,19,0.0,0.7604397196587671
2,1,edited,396,1.534714366238164,0.8394847473204192
2,1,edited,241,0.0,0.6944597704286452
2,1,edited,435,0.0,0.7912665822156947
2,1,edited,119,0.0,0.948921947258638
2,1,edited,473,4.267176792994939,0.7192848193545132
2,1,edited,316,0.0,0.6726964110581773
2,1,edited,392,4.27332721775054,0.5072186850433186
2,1,edited,455,0.0,0.5373565248363856
2,1,edited,513,4.012592060349841,0.8322899882849403
2,1,edited,167,1.2556160374777743,0.5858103788360156
2,1,edited,94,0.0,0.8126272781107272
2,1,edited,325,0.0,0.9010357292054327
2,1,edited,177,1.7387102481382397,0.7982673265603378
2,1,edited,52,0.0,0.7438898544774871
2,1,edited,118,0.0,0.8331734665147346
2,1,edited,474,2.405141681319138,0.9066713163306936
2,1,edited,354,1.9416152247724325,0.9379298803501197
2,1,edited,208,3.007166651179654,0.6134040598701834
2,1,edited,0,0.0,1.0698852302468962
2,1,edited,247,0.5596157879354227,0.8514860693190377
2,1,edited,156,0.9593502213346021,1.2633881811574923
2,1,edited,28,0.0,1.1615191485588927
2,1,edited,63,0.0,0.9969192345696263
2,1,edited,240,0.0,0.5477475388692159
2,1,edited,475,1.4327007339340463,0.8425392380270211
2,1,edited,363,1.3686394258811698,0.9253698293347776
2,1,edited,74,0.0,1.1687799367196114
2,1,edited,80,0.0,0.6303065223173875
2,1,edited,34,0.0,1.02490181431486
2,1,edited,57,0.0,0.7174153289721534
2,1,edited,274,2.5006159434931803,1.3236589838873911
2,1,edited,437,0.0,0.7265884510707216
2,1,edited,101,0.0,0.7159483976030094
2,1,edited,71,0.0,0.44577573485740746
2,1,edited,510,0.3576744442718159,0.8158390973662293
2,1,edited,77,0.0,0.5648522570155661
2,1,edited,227,4.08260930600368,0.709776834846617
2,1,edited,290,0.0,0.8183865536242129
2,1,edited,256,2.199444334074532,0.5681643684467153
2,1,edited,383,3.7812307151781224,0.5848205683078288
2,1,edited,134,0.0,0.562480581685127
2,1,edited,92,0.0,0.702565593639589
2,1,edited,485,1.1216775615991057,0.9851470743044498
2,1,edited,259,0.8671004876833833,0.665558963714201
2,1,edited,397,1.5325568680981427,0.8124388117413532
2,1,edited,4,0.0,0.8146109860465922
2,1,edited,164,1.1019400787607843,0.7929929844714059
2,1,edited,244,1.3532545070416904,0.7077428405044658
2,1,edited,340,1.5953389880545987,0.9822235992140597
2,1,edited,22,0.0,0.7243174061642769
2,1,edited,449,0.0,0.7890284869196394
2,1,edited,476,1.0152306797290584,1.3655705529560864
2,1,edited,385,2.833213344056216,0.7501269017941454
2,1,edited,207,2.9014215940827497,0.9192562147437372
2,1,edited,359,2.21046980408624,0.904929228000762
2,1,edited,421,0.0,0.998222505421642
2,1,edited,62,0.0,0.5844094725216812
2,1,edited,123,0.0,1.0721608526380906
2,1,edited,255,0.0,0.8608062822439703
2,1,edited,463,1.8547342683894434,0.8029260527499172
2,1,edited,379,0.0,0.9652611379162324
2,1,edited,366,1.0116009116784799,0.7329990613508188
2,1,edited,44,0.0,0.9347959005897395
2,1,edited,163,1.0818051703517284,0.692399218733449
2,1,edited,111,0.0,0.39341165350606544
2,1,edited,443,0.0,0.5466631838854944
2,1,edited,153,0.9001613499442714,0.6044819663980521
2,1,edited,219,3.492256112609122,0.44605860258319463
2,1,edited,213,3.3446270301737613,0.9533924576415129
2,1,edited,270,0.41871033485818504,0.5782875312029283
2,1,edited,12,0.0,1.0843989669199272
2,1,edited,56,0.0,0.778967051078844
2,1,edited,133,0.0,0.46484011238196804
2,1,edited,242,2.4096441652874536,0.5857670074712636
2,1,edited,305,0.0,0.8368821593758556
2,1,edited,345,1.9213246735826988,0.8316763641556685
2,1,edited,402,0.0,0.6336098090843211
2,1,edited,439,0.28517894223366247,0.830358001500157
2,1,edited,364,1.8946168546677629,1.0439174927899157
2,1,edited,288,0.0,0.8736262776506094
2,1,edited,326,0.0,1.035745373390541
2,1,edited,225,3.902982260775997,0.8565086718337106
2,1,edited,372,0.0,0.726392040042761
2,1,edited,90,0.0,0.7841016908410599
2,1,edited,418,1.235471471385307,0.7279496162238197
2,1,edited,182,1.998773638612381,0.5476750964406261
2,1,edited,323,1.1568811967920856,0.9725723139278166
2,1,edited,464,1.144222799920162,0.8028285271721776
2,1,edited,299,0.0,0.8332262780161007
2,1,edited,387,0.0,0.7225991536087888
2,1,edited,493,3.7914360424390283,0.9106516171136639
2,1,edited,114,0.0,0.8140821700789436
2,1,edited,76,0.0,0.776295523876534
2,1,edited,419,1.3987168811184478,0.9416551343244679
2,1,edited,444,2.3942522815198695,0.7144453804023049
2,1,edited,508,0.0,0.574552972335302
2,1,edited,78,0.0,0.4647388212235396
2,1,edited,312,0.0,1.0727097065084592
2,1,edited,204,2.7073833121145063,0.5491040730207803
2,1,edited,217,3.4442568711226023,0.6299250166705196
2,1,edited,48,0.0,0.40877791447809453
2,1,edited,109,0.0,1.0112469793433398
2,1,edited,358,0.0,0.9815552893219537
2,1,edited,235,5.285637313390662,0.8002375513916313
2,1,edited,14,0.0,0.9100864547961804
2,1,edited,342,0.0,0.9490232710369932
2,1,edited,262,1.6582280766035324,0.9579470082655491
2,1,edited,257,0.5187937934151676,1.0285735182494262
2,1,edited,417,0.0,0.550470408732265
2,1,edited,176,1.724550719534605,1.1277180012413008
2,1,edited,438,2.005525858729668,0.6214628093166279
2,1,edited,173,1.4036429994545037,1.206609156307449
2,1,edited,355,2.643333886382519,0.8381827556677136
2,1,edited,67,0.0,0.6129211541865149
2,1,edited,462,1.5496879080283263,0.6815117602011198
2,1,edited,275,1.8531680973566984,0.90622227764555
2,1,edited,170,1.2725655957915476,1.1218373556832975
2,1,edited,159,0.9895411936137477,0.6749277463057705
2,1,edited,376,0.0,0.5056218354247046
2,1,edited,50,0.0,1.1432274230614636
2,1,edited,398,0.0,0.6087454277905855
2,1,edited,373,0.0,0.7441785864008595
2,1,edited,483,0.0,0.7983429109627366
2,1,edited,8,0.0,0.9491834864633579
2,1,edited,190,2.231089091288976,0.47675941048511516
2,1,edited,384,2.578700529074361,0.781428224469753
2,1,edited,410,0.0,0.6766949681491448
2,1,edited,298,0.0,0.5408718682254998
2,1,edited,365,3.0459499897146083,0.9679355693588141
2,1,edited,198,2.50470927708418,0.7465843773577684
2,1,edited,60,0.0,0.5524991055283419
2,1,edited,361,1.597365331199831,0.7939863592991064
2,1,edited,289,0.0,0.8687140060517473
2,1,edited,108,0.0,0.846742624831947
2,1,edited,389,0.0,0.7341247496868258
2,1,edited,453,0.0,0.8327108032694215
2,1,edited,228,4.175924549214524,1.0506959002714893
2,1,edited,341,0.0,0.7397748059821225
2,1,edited,89,0.0,0.39580993563509614
2,1,edited,282,0.0,1.0449778530867542
2,1,edited,237,5.365415110080531,1.0575630008505263
2,1,edited,216,3.4170707308184456,0.7934469113284207
2,1,edited,279,2.3767644911682972,1.0213813834734782
2,1,edited,93,0.0,0.7167730923320296
2,1,edited,506,0.0,0.6307855039500947
2,1,edited,477,2.1234584270966104,0.815639259698202
2,1,edited,20,0.0,0.8566753003002995
2,1,edited,155,0.9400072584914712,0.5734130077188511
2,1,edited,271,2.329227023940467,0.5666865019812014
2,1,edited,377,5.168379509433644,0.9779245423859392
2,1,edited,32,0.0,0.9100686816784175
2,1,edited,175,1.7101878155342434,0.8616641420861822
2,1,edited,18,0.0,0.5604443534914102
2,1,edited,303,0.0,0.586517734144172
2,1,edited,413,0.0,0.7400695662981372
2,1,edited,183,2.057962510002712,0.6581075805064218
2,1,edited,140,0.3852624007906449,1.0811427617829648
2,1,edited,424,1.7850704810772584,0.636748958342031
2,1,edited,393,0.0,0.7690086617359603
2,1,edited,202,2.642622395779755,0.8019511638688986
2,1,edited,65,0.0,0.6610588925327957
2,1,edited,16,0.0,0.5504414626703984
2,1,edited,124,0.0,0.5493297458659276
2,1,edited,272,1.4085449700547104,0.6960379464614954
2,1,edited,59,0.0,0.5113708322745814
2,1,edited,512,2.0068708488450007,0.9664026204137944
2,1,edited,498,3.726656818447966,1.1348328535966432
2,1,edited,54,0.0,0.9531056429917184
2,1,edited,42,0.0,0.4747081915153823
2,1,edited,148,0.7275486072772779,0.6218567244794696
2,1,edited,196,2.4790562361098245,1.1277180012413008
2,1,edited,511,0.0,0.7982462100260728
2,1,edited,64,0.0,0.9721072535435767
2,1,edited,234,5.049086480470509,0.9717241759096672
2,1,edited,300,0.0,0.5887831661656671
2,1,edited,391,3.4397768636296306,0.7876330946617603
2,1,edited,215,3.389799336709786,0.39809402310048636
2,1,edited,507,0.0,0.8945388594244716
2,1,edited,451,2.3711778844596574,0.48093106609036035
2,1,edited,40,0.0,0.5959305203458417
2,1,edited,458,1.463255402256019,0.6999615857049859
2,1,edited,320,3.5655812377694427,0.905944756708236
2,1,edited,246,0.08617769624105241,0.855013879463227
2,1,edited,174,1.5040773967762742,0.8973609198808676
2,1,edited,13,0.0,0.9985891575411978
2,1,edited,68,0.0,0.703072405232201
2,1,edited,105,0.0,1.029119117054465
2,1,edited,132,0.0,0.7997500164001815
2,1,edited,72,0.0,0.5243166960021969
2,1,edited,138,0.30748469974796055,0.8437677566617926
2,1,edited,121,0.0,0.6648262572224856
2,1,edited,46,0.0,0.8477720127708446
2,1,edited,58,0.0,0.982854249178688
2,1,edited,184,2.0744289998562917,0.5641669276786956
2,1,edited,53,0.0,0.7438898544774871
2,1,edited,181,1.8625285401162623,0.6408344104858479
2,1,edited,33,0.0,1.0040968499748135
2,1,edited,195,2.3997118037247684,0.7690623654057446
2,1,edited,405,0.0,1.0532050045891193
2,1,edited,26,0.0,0.6749277463057705
2,1,edited,415,6.616439947564594,0.653621119025713
2,1,edited,191,2.2700619012884857,1.1605084411752282
2,1,edited,161,1.0647107369924282,0.7974510344863851
2,1,edited,374,2.9601050959108397,0.693276320247432
2,1,edited,431,1.9960599327407849,0.6439114062726472
2,1,edited,158,0.9707789171582246,0.7926713335267975
2,1,edited,456,0.0,0.7914509802220541
2,1,edited,168,1.2612978709452054,0.9070002809311621
2,1,edited,194,2.3988039507345884,0.8129752925684502
2,1,edited,399,0.0,0.7381578449377706
2,1,edited,200,2.528125768907977,1.0811593716563763
2,1,edited,172,1.3190856114264407,0.8687299401464055
2,1,edited,269,1.6863989535702288,0.6735869489300156
2,1,edited,375,3.6975913947159578,0.9745303824013188
2,1,edited,258,0.0,0.6965716868555092
2,1,edited,37,0.0,0.7876715874339362
2,1,edited,301,1.5085119938441398,0.7203903402440405
2,1,edited,291,2.1972245773362196,0.8710668100984226
2,1,edited,144,0.5709795465857378,0.6824306705365989
2,1,edited,509,1.1537315878891892,0.7688128566789817
2,1,edited,220,3.4986265269937014,0.8210586251164241
2,1,edited,412,0.9669838461896731,0.8593496465498903
2,1,edited,85,0.0,1.1280945561301705
2,1,edited,188,2.128231705849268,0.5669046197982373
2,1,edited,137,0.0,0.9459550495568935
2,1,edited,104,0.0,0.8549552594302899
2,1,edited,209,3.1949928844048685,0.8149928499122513
2,1,edited,422,1.9878743481543455,0.7683469788606134
2,1,edited,481,0.0,1.0772960989494669
2,1,edited,226,3.9193957597575593,0.6694383395670975
2,1,edited,265,0.5822156198526637,0.7019910525252974
2,1,edited,70,0.0,0.5211084017175589
2,1,condensed,115,0.0,1.2248281312871985
2,1,condensed,29,0.0,1.896617045233338
2,1,condensed,9,0.0,1.6440543398441172
2,1,condensed,348,0.0,1.1493883820115514
2,1,condensed,428,0.0,1.6911992572901913
2,1,condensed,371,0.0,1.5280681068433335
2,1,condensed,205,2.745345985845907,1.5107715419928582
2,1,condensed,154,0.9001613499442714,1.8430552698829732
2,1,condensed,75,0.0,1.1219637677465342
2,1,condensed,330,2.0255131996542803,1.5388665229653486
2,1,condensed,306,0.34358970439007686,1.5515489235804827
2,1,condensed,467,1.8794650496471605,1.3146478274948983
2,1,condensed,43,0.0,1.217149092273646
2,1,condensed,281,3.2492110246642736,1.4157678476649493
2,1,condensed,504,3.923753928303845,1.5954186407418642
2,1,condensed,333,1.1410330045520618,1.206389421080248
2,1,condensed,122,0.0,1.788843214747878
2,1,condensed,231,4.566221435849517,1.7605420827654752
2,1,condensed,286,0.0,0.8826307300467414
2,1,condensed,81,0.0,1.3796986530183846
2,1,condensed,201,2.5726122302071057,1.2986325706088364
2,1,condensed,395,3.966132331075178,1.0256945871119878
2,1,condensed,210,3.2280337626529665,1.5586560691507638
2,1,condensed,107,0.0,1.412649989607671
2,1,condensed,221,3.607669398688393,1.0277002769929304
2,1,condensed,169,1.2669476034873244,1.6386711383966548
2,1,condensed,19,0.0,1.3183987373883699
2,1,condensed,396,1.534714366238164,1.5246133100951809
2,1,condensed,241,0.0,0.8928618643872848
2,1,condensed,435,0.0,0.8892382963129467
2,1,condensed,119,0.0,1.1683307025479999
2,1,condensed,473,4.267176792994939,1.8701538495393064
2,1,condensed,316,0.0,1.4762627063543892
2,1,condensed,392,4.27332721775054,0.999239216637009
2,1,condensed,455,0.0,0.8452125317863359
2,1,condensed,513,4.012592060349841,1.5373977917244774
2,1,condensed,167,1.2556160374777743,1.2575229107584238
2,1,condensed,94,0.0,1.695279601400696
2,1,condensed,325,0.0,1.140964220125148
2,1,condensed,177,1.7387102481382397,1.2320896041372016
2,1,condensed,52,0.0,1.298413535289861
2,1,condensed,118,0.0,1.0719666325075612
2,1,condensed,474,2.405141681319138,0.9162413277279533
2,1,condensed,354,1.9416152247724325,1.6439523312142241
2,1,condensed,208,3.007166651179654,1.5828828538321515
2,1,condensed,0,0.0,1.502876719333314
2,1,condensed,247,0.5596157879354227,1.3151110205920864
2,1,condensed,156,0.9593502213346021,1.7190256397175205
2,1,condensed,28,0.0,1.7226274003099655
2,1,condensed,63,0.0,1.2017469491310198
2,1,condensed,240,0.0,1.3419081811411808
2,1,condensed,475,1.4327007339340463,1.4133624901901112
2,1,condensed,363,1.3686394258811698,1.3674000150523502
2,1,condensed,74,0.0,1.789148171842869
2,1,condensed,80,0.0,1.5560664637821442
2,1,condensed,34,0.0,1.1133426583135662
2,1,condensed,57,0.0,1.2573647713530463
2,1,condensed,274,2.5006159434931803,1.6296609594675033
2,1,condensed,437,0.0,0.5870634848772024
2,1,condensed,101,0.0,1.7115807522113657
2,1,condensed,71,0.0,1.213670431166353
2,1,condensed,510,0.3576744442718159,1.33196698601863
2,1,condensed,77,0.0,1.2521015553700072
2,1,condensed,227,4.08260930600368,1.7850815193274117
2,1,condensed,290,0.0,0.9949952591426405
2,1,condensed,256,2.199444334074532,1.3068415838647185
2,1,condensed,383,3.7812307151781224,1.1328588407429188
2,1,condensed,134,0.0,1.0465194474975117
2,1,condensed,92,0.0,1.6089054897315818
2,1,condensed,485,1.1216775615991057,1.0201111345854834
2,1,condensed,259,0.8671004876833833,1.6227165309699603
2,1,condensed,397,1.5325568680981427,1.8923353366667066
2,1,condensed,4,0.0,1.2581712544579533
2,1,condensed,164,1.1019400787607843,1.597087195738032
2,1,condensed,244,1.3532545070416904,1.403907379479608
2,1,condensed,340,1.5953389880545987,1.4052851897693075
2,1,condensed,22,0.0,1.3356405579199009
2,1,condensed,449,0.0,1.336083456856353
2,1,condensed,476,1.0152306797290584,1.4727577998851342
2,1,condensed,385,2.833213344056216,1.3371816418049929
2,1,condensed,207,2.9014215940827497,1.8070523597259136
2,1,condensed,359,2.21046980408624,1.46284531714343
2,1,condensed,421,0.0,1.5293710975334271
2,1,condensed,62,0.0,0.939869757974129
2,1,condensed,123,0.0,1.3051165143152446
2,1,condensed,255,0.0,1.532914278373256
2,1,condensed,463,1.8547342683894434,1.3283050385033879
2,1,condensed,379,0.0,1.4455989859712954
2,1,condensed,366,1.0116009116784799,1.106554981160931
2,1,condensed,44,0.0,1.5580101549523975
2,1,condensed,163,1.0818051703517284,1.2890333285039262
2,1,condensed,111,0.0,0.8471499656023719
2,1,condensed,443,0.0,1.2387055211103493
2,1,condensed,153,0.9001613499442714,1.0655794280548532
2,1,condensed,219,3.492256112609122,1.2510937567752725
2,1,condensed,213,3.3446270301737613,1.5761383121678068
2,1,condensed,270,0.41871033485818504,1.2086067511738106
2,1,condensed,12,0.0,1.8127785983154765
2,1,condensed,56,0.0,1.3958917192100275
2,1,condensed,133,0.0,1.235860156468688
2,1,condensed,242,2.4096441652874536,0.9457968441098729
2,1,condensed,305,0.0,1.2709535445184093
2,1,condensed,345,1.9213246735826988,1.3481978263052232
2,1,condensed,402,0.0,1.528657858062244
2,1,condensed,439,0.28517894223366247,1.3279021978094654
2,1,condensed,364,1.8946168546677629,1.9445518361490497
2,1,condensed,288,0.0,1.6867253357396308
2,1,condensed,326,0.0,1.7840353506140185
2,1,condensed,225,3.902982260775997,1.8013240931611434
2,1,condensed,372,0.0,1.0934989380058635
2,1,condensed,90,0.0,1.6871390248772278
2,1,condensed,418,1.235471471385307,1.4589927324000467
2,1,condensed,182,1.998773638612381,1.1040252746753738
2,1,condensed,323,1.1568811967920856,1.298627200177324
2,1,condensed,464,1.144222799920162,1.328322984414201
2,1,condensed,299,0.0,1.3605158030554436
2,1,condensed,387,0.0,1.1811128620132412
2,1,condensed,493,3.7914360424390283,1.2839394641733082
2,1,condensed,114,0.0,1.3724163611690359
2,1,condensed,76,0.0,1.4250877467209935
2,1,condensed,419,1.3987168811184478,1.5405620708847765
2,1,condensed,444,2.3942522815198695,0.9414910716445682
2,1,condensed,508,0.0,1.0053334964044256
2,1,condensed,78,0.0,1.385073341658472
2,1,condensed,312,0.0,1.6952565670882604
2,1,condensed,204,2.7073833121145063,1.4122889396192322
2,1,condensed,217,3.4442568711226023,1.2876056690007347
2,1,condensed,48,0.0,0.8839650080743161
2,1,condensed,109,0.0,1.4342006456324237
2,1,condensed,358,0.0,1.2321510490782073
2,1,condensed,235,5.285637313390662,1.4037891739395634
2,1,condensed,14,0.0,1.8423280196131784
2,1,condensed,342,0.0,1.3867507384972828
2,1,condensed,262,1.6582280766035324,1.0775550516063395
2,1,condensed,257,0.5187937934151676,1.175424008884412
2,1,condensed,417,0.0,1.4722380127783925
2,1,condensed,176,1.724550719534605,1.3035315427142375
2,1,condensed,438,2.005525858729668,1.4220505014798825
2,1,condensed,173,1.4036429994545037,1.4562054440452383
2,1,condensed,355,2.643333886382519,1.7185586763272762
2,1,condensed,67,0.0,1.3956907469156266
2,1,condensed,462,1.5496879080283263,1.2398559760484025
2,1,condensed,275,1.8531680973566984,1.4349684973868935
2,1,condensed,170,1.2725655957915476,1.3363772866242702
2,1,condensed,159,0.9895411936137477,1.209999234412185
2,1,condensed,376,0.0,0.9334605397147407
2,1,condensed,50,0.0,1.3383459336898262
2,1,condensed,398,0.0,1.0799463442675297
2,1,condensed,373,0.0,1.237504114210291
2,1,condensed,483,0.0,1.661979204672064
2,1,condensed,8,0.0,1.3383510932849247
2,1,condensed,190,2.231089091288976,1.16628730113354
2,1,condensed,384,2.578700529074361,1.0879992121400852
2,1,condensed,410,0.0,1.2182377371707922
2,1,condensed,298,0.0,1.1794397033917223
2,1,condensed,365,3.0459499897146083,1.839241906922581
2,1,condensed,198,2.50470927708418,1.2344196552745619
2,1,condensed,60,0.0,1.4699037094700618
2,1,condensed,361,1.597365331199831,1.366067422274233
2,1,condensed,289,0.0,1.6867264555586965
2,1,condensed,108,0.0,1.644245331833535
2,1,condensed,389,0.0,1.7117334122040353
2,1,condensed,453,0.0,1.2636276297588123
2,1,condensed,228,4.175924549214524,1.5970102908204458
2,1,condensed,341,0.0,1.4929059840869738
2,1,condensed,89,0.0,1.1021987633024457
2,1,condensed,282,0.0,1.4959884360959264
2,1,condensed,237,5.365415110080531,1.348097729254197
2,1,condensed,216,3.4170707308184456,1.2645657014586202
2,1,condensed,279,2.3767644911682972,1.4959300520823924
2,1,condensed,93,0.0,1.5435856915696022
2,1,condensed,506,0.0,1.4512437221508865
2,1,condensed,477,2.1234584270966104,1.1523108775601691
2,1,condensed,20,0.0,1.4433220282554542
2,1,condensed,155,0.9400072584914712,1.0526964228538638
2,1,condensed,271,2.329227023940467,1.2879434425474696
2,1,condensed,377,5.168379509433644,1.1989306952233982
2,1,condensed,32,0.0,1.114104968937374
2,1,condensed,175,1.7101878155342434,1.1511991639366486
2,1,condensed,18,0.0,1.2361860458681109
2,1,condensed,303,0.0,1.3961128158360063
2,1,condensed,413,0.0,1.2807933524640678
2,1,condensed,183,2.057962510002712,1.5232949018214692
2,1,condensed,140,0.3852624007906449,1.4903931806510835
2,1,condensed,424,1.7850704810772584,1.5339654503301992
2,1,condensed,393,0.0,1.187818314052177
2,1,condensed,202,2.642622395779755,1.215543570055276
2,1,condensed,65,0.0,1.1261206595414823
2,1,condensed,16,0.0,0.977933662442762
2,1,condensed,124,0.0,1.2797822078437093
2,1,condensed,272,1.4085449700547104,1.1971084427597232
2,1,condensed,59,0.0,1.342386294311781
2,1,condensed,512,2.0068708488450007,1.751281898478526
2,1,condensed,498,3.726656818447966,1.8499509183739884
2,1,condensed,54,0.0,1.6170118440962857
2,1,condensed,42,0.0,1.1651454802117067
2,1,condensed,148,0.7275486072772779,1.403759347112743
2,1,condensed,196,2.4790562361098245,1.3035315427142375
2,1,condensed,511,0.0,1.9548838659095926
2,1,condensed,64,0.0,1.1782817246928192
2,1,condensed,234,5.049086480470509,1.8326639289270985
2,1,condensed,300,0.0,1.768646379283698
2,1,condensed,391,3.4397768636296306,2.0696160457163675
2,1,condensed,215,3.389799336709786,1.0096252426618555
2,1,condensed,507,0.0,1.2848222570776928
2,1,condensed,451,2.3711778844596574,1.4876950962203248
2,1,condensed,40,0.0,1.3792008674988094
2,1,condensed,458,1.463255402256019,0.9056410571532576
2,1,condensed,320,3.5655812377694427,1.3515241683207975
2,1,condensed,246,0.08617769624105241,1.9794609476286333
2,1,condensed,174,1.5040773967762742,1.2709769753051519
2,1,condensed,13,0.0,1.9091111549339088
2,1,condensed,68,0.0,1.656073683463507
2,1,condensed,105,0.0,1.5027621223977363
2,1,condensed,132,0.0,1.1757259037151953
2,1,condensed,72,0.0,1.4105735103570598
2,1,condensed,138,0.30748469974796055,1.4247328437119051
2,1,condensed,121,0.0,1.3687577351921296
2,1,condensed,46,0.0,1.151184707849461
2,1,condensed,58,0.0,1.2754829153456804
2,1,condensed,184,2.0744289998562917,1.7867302784814147
2,1,condensed,53,0.0,1.298413535289861
2,1,condensed,181,1.8625285401162623,2.3738024190900573
2,1,condensed,33,0.0,1.3283037552440016
2,1,condensed,195,2.3997118037247684,1.460885413989785
2,1,condensed,405,0.0,1.358523917652594
2,1,condensed,26,0.0,1.209999234412185
2,1,condensed,415,6.616439947564594,1.654471069484573
2,1,condensed,191,2.2700619012884857,2.0234622801815423
2,1,condensed,161,1.0647107369924282,1.9925802420452488
2,1,condensed,374,2.9601050959108397,0.6066007633283178
2,1,condensed,431,1.9960599327407849,1.412266075968468
2,1,condensed,158,0.9707789171582246,1.305718520302258
2,1,condensed,456,0.0,1.214169661225791
2,1,condensed,168,1.2612978709452054,1.0944445682201314
2,1,condensed,194,2.3988039507345884,1.1345706428977753
2,1,condensed,399,0.0,1.5222014621717515
2,1,condensed,200,2.528125768907977,1.3410092542896266
2,1,condensed,172,1.3190856114264407,1.8653311747934123
2,1,condensed,269,1.6863989535702288,0.9826176817722106
2,1,condensed,375,3.6975913947159578,1.2088687005737027
2,1,condensed,258,0.0,1.1846191648622841
2,1,condensed,37,0.0,1.4606967020321664
2,1,condensed,301,1.5085119938441398,1.6534014944110298
2,1,condensed,291,2.1972245773362196,1.8124700488422594
2,1,condensed,144,0.5709795465857378,1.4668097880887832
2,1,condensed,509,1.1537315878891892,1.2015390220012543
2,1,condensed,220,3.4986265269937014,1.7945088963954452
2,1,condensed,412,0.9669838461896731,1.9300218404719351
2,1,condensed,85,0.0,0.9418390124877836
2,1,condensed,188,2.128231705849268,0.9600022113352722
2,1,condensed,137,0.0,1.587403548202405
2,1,condensed,104,0.0,1.3418834113211768
2,1,condensed,209,3.1949928844048685,1.2450078784796221
2,1,condensed,422,1.9878743481543455,1.5227850234505882
2,1,condensed,481,0.0,1.1384533364753024
2,1,condensed,226,3.9193957597575593,1.6211352112121322
2,1,condensed,265,0.5822156198526637,1.1560725982459905
2,1,condensed,70,0.0,1.2798675558926416
2,2,null,470,0.0,1.1239177851330335
2,2,null,304,0.0,1.1239177851330335
2,2,null,287,0.0,1.1239177851330335
2,2,null,2,0.0,1.1239177851330335
2,2,null,466,1.430311246536665,1.1239177851330335
2,2,null,266,0.1570037488096647,1.1239177851330335
2,2,null,233,4.669646205172456,1.1239177851330335
2,2,null,411,1.7263316639055997,1.1239177851330335
2,2,null,189,2.2235418856535927,1.1239177851330335
2,2,null,436,0.43178241642553783,1.1239177851330335
2,2,null,171,1.3056264580524357,1.1239177851330335
2,2,null,332,2.503073953743449,1.1239177851330335
2,2,null,25,0.0,1.1239177851330335
2,2,null,446,0.0,1.1239177851330335
2,2,null,386,3.2422016501716975,1.1239177851330335
2,2,null,339,0.9042181506398858,1.1239177851330335
2,2,null,310,0.0,1.1239177851330335
2,2,null,285,0.0,1.1239177851330335
2,2,null,51,0.0,1.1239177851330335
2,2,null,503,1.0818051703517284,1.1239177851330335
2,2,null,357,0.0,1.1239177851330335
2,2,null,368,2.613006652415316,1.1239177851330335
2,2,null,343,1.1568811967920856,1.1239177851330335
2,2,null,165,1.144222799920162,1.1239177851330335
2,2,null,147,0.6729444732424258,1.1239177851330335
2,2,null,283,0.7419373447293773,1.1239177851330335
2,2,null,382,1.925707441737794,1.1239177851330335
2,2,null,84,0.0,1.1239177851330335
2,2,null,353,1.000631880307906,1.1239177851330335
2,2,null,378,0.0,1.1239177851330335
2,2,null,331,2.8118094353930627,1.1239177851330335
2,2,null,465,2.0592388343623163,1.1239177851330335
2,2,null,284,3.228430037673012,1.1239177851330335
2,2,null,322,0.6981347220709843,1.1239177851330335
2,2,null,494,2.2607208888953467,1.1239177851330335
2,2,null,349,0.9707789171582246,1.1239177851330335
2,2,null,150,0.7839015438284094,1.1239177851330335
2,2,null,141,0.4382549309311553,1.1239177851330335
2,2,null,263,0.9400072584914712,1.1239177851330335
2,2,null,178,1.7715567619105355,1.1239177851330335
2,2,null,193,2.3427668826268775,1.1239177851330335
2,2,null,314,0.9477893989335261,1.1239177851330335
2,2,null,496,1.3270750014599193,1.1239177851330335
2,2,null,45,0.0,1.1239177851330335
2,2,null,408,2.174751721484161,1.1239177851330335
2,2,null,98,0.0,1.1239177851330335
2,2,null,10,0.0,1.1239177851330335
2,2,null,487,2.856470206220483,1.1239177851330335
2,2,null,239,0.0,1.1239177851330335
2,2,null,83,0.0,1.1239177851330335
2,2,null,482,0.8285518175661483,1.1239177851330335
2,2,null,448,0.0,1.1239177851330335
2,2,null,401,1.7833912195575383,1.1239177851330335
2,2,null,381,2.8524391037275145,1.1239177851330335
2,2,null,128,0.0,1.1239177851330335
2,2,null,157,0.9669838461896731,1.1239177851330335
2,2,null,308,0.0,1.1239177851330335
2,2,null,135,0.0,1.1239177851330335
2,2,null,488,3.8649313978942956,1.1239177851330335
2,2,null,38,0.0,1.1239177851330335
2,2,null,151,0.8586616190375188,1.1239177851330335
2,2,null,472,1.0784095813505903,1.1239177851330335
2,2,null,97,0.0,1.1239177851330335
2,2,null,180,1.8453002361560848,1.1239177851330335
2,2,null,1,0.0,1.1239177851330335
2,2,null,214,3.389799336709786,1.1239177851330335
2,2,null,24,0.0,1.1239177851330335
2,2,null,222,3.6336309798834576,1.1239177851330335
2,2,null,100,0.0,1.1239177851330335
2,2,null,280,2.329227023940467,1.1239177851330335
2,2,null,313,0.0,1.1239177851330335
2,2,null,430,0.0,1.1239177851330335
2,2,null,497,2.7523860149222616,1.1239177851330335
2,2,null,7,0.0,1.1239177851330335
2,2,null,414,0.0,1.1239177851330335
2,2,null,69,0.0,1.1239177851330335
2,2,null,468,2.0294631718735947,1.1239177851330335
2,2,null,116,0.0,1.1239177851330335
2,2,null,334,0.0,1.1239177851330335
2,2,null,514,2.498151876538021,1.1239177851330335
2,2,null,149,0.7514160886839212,1.1239177851330335
2,2,null,55,0.0,1.1239177851330335
2,2,null,480,1.3217558399823195,1.1239177851330335
2,2,null,61,0.0,1.1239177851330335
2,2,null,223,3.6381123370602833,1.1239177851330335
2,2,null,447,0.0,1.1239177851330335
2,2,null,429,1.4350845252893227,1.1239177851330335
2,2,null,356,0.8153648132841944,1.1239177851330335
2,2,null,407,0.0,1.1239177851330335
2,2,null,236,5.307970623576175,1.1239177851330335
2,2,null,186,2.1029138978649784,1.1239177851330335
2,2,null,350,1.5496879080283263,1.1239177851330335
2,2,null,41,0.0,1.1239177851330335
2,2,null,278,3.136797713832594,1.1239177851330335
2,2,null,344,1.9600947840472698,1.1239177851330335
2,2,null,293,4.471067201464611,1.1239177851330335
2,2,null,245,0.5653138090500605,1.1239177851330335
2,2,null,264,2.020222182019865,1.1239177851330335
2,2,null,39,0.0,1.1239177851330335
2,2,null,426,0.0,1.1239177851330335
2,2,null,486,1.0986122886681098,1.1239177851330335
2,2,null,370,2.4898941912990393,1.1239177851330335
2,2,null,315,0.0,1.1239177851330335
2,2,null,218,3.487986511734546,1.1239177851330335
2,2,null,327,0.0,1.1239177851330335
2,2,null,211,3.295836866004329,1.1239177851330335
2,2,null,390,2.3942522815198695,1.1239177851330335
2,2,null,351,2.1174596088673567,1.1239177851330335
2,2,null,369,0.0,1.1239177851330335
2,2,null,500,0.0,1.1239177851330335
2,2,null,203,2.6878474937846906,1.1239177851330335
2,2,null,460,0.0,1.1239177851330335
2,2,null,82,0.0,1.1239177851330335
2,2,null,252,0.1906203596086497,1.1239177851330335
2,2,null,317,1.5644405465033644,1.1239177851330335
2,2,null,400,2.214846178686039,1.1239177851330335
2,2,null,273,2.300583090323373,1.1239177851330335
2,2,null,142,0.47623417899637155,1.1239177851330335
2,2,null,440,0.0,1.1239177851330335
2,2,null,471,3.675794214565281,1.1239177851330335
2,2,null,47,0.0,1.1239177851330335
2,2,null,484,3.311637304949512,1.1239177851330335
2,2,null,261,1.4586150226995167,1.1239177851330335
2,2,null,337,4.04375277610604,1.1239177851330335
2,2,null,95,0.0,1.1239177851330335
2,2,null,302,0.0,1.1239177851330335
2,2,null,102,0.0,1.1239177851330335
2,2,null,416,2.081938421878423,1.1239177851330335
2,2,null,127,0.0,1.1239177851330335
2,2,null,360,0.7371640659767196,1.1239177851330335
2,2,null,110,0.0,1.1239177851330335
2,2,null,478,1.1662709371419244,1.1239177851330335
2,2,null,125,0.0,1.1239177851330335
2,2,null,99,0.0,1.1239177851330335
2,2,null,27,0.0,1.1239177851330335
2,2,null,3,0.0,1.1239177851330335
2,2,null,434,0.0,1.1239177851330335
2,2,null,420,5.229824370102736,1.1239177851330335
2,2,null,87,0.0,1.1239177851330335
2,2,null,329,1.4655675420143985,1.1239177851330335
2,2,null,427,1.208960345836975,1.1239177851330335
2,2,null,394,0.0,1.1239177851330335
2,2,null,136,0.0,1.1239177851330335
2,2,null,250,0.5187937934151676,1.1239177851330335
2,2,null,36,0.0,1.1239177851330335
2,2,null,433,2.7936160894318567,1.1239177851330335
2,2,null,425,0.0,1.1239177851330335
2,2,null,479,5.633109621361155,1.1239177851330335
2,2,null,292,1.2919836816486494,1.1239177851330335
2,2,null,432,0.0,1.1239177851330335
2,2,null,268,0.0,1.1239177851330335
2,2,null,346,3.3738261848660236,1.1239177851330335
2,2,null,318,0.0,1.1239177851330335
2,2,null,143,0.5364933705145685,1.1239177851330335
2,2,null,145,0.6418538861723947,1.1239177851330335
2,2,null,459,1.0784095813505903,1.1239177851330335
2,2,null,454,0.0,1.1239177851330335
2,2,null,336,0.0,1.1239177851330335
2,2,null,187,2.1162555148025524,1.1239177851330335
2,2,null,166,1.1908875647772805,1.1239177851330335
2,2,null,179,1.8293763327993617,1.1239177851330335
2,2,null,499,2.469793011977952,1.1239177851330335
2,2,null,152,0.887891257352457,1.1239177851330335
2,2,null,96,0.0,1.1239177851330335
2,2,null,79,0.0,1.1239177851330335
2,2,null,403,0.0,1.1239177851330335
2,2,null,321,2.105352923464337,1.1239177851330335
2,2,null,324,1.6900958154515549,1.1239177851330335
2,2,null,73,0.0,1.1239177851330335
2,2,null,328,0.0,1.1239177851330335
2,2,null,229,4.280824129164719,1.1239177851330335
2,2,null,5,0.0,1.1239177851330335
2,2,null,367,0.0,1.1239177851330335
2,2,null,491,0.0,1.1239177851330335
2,2,null,113,0.0,1.1239177851330335
2,2,null,131,0.0,1.1239177851330335
2,2,null,248,0.0,1.1239177851330335
2,2,null,30,0.0,1.1239177851330335
2,2,null,388,3.392492941032009,1.1239177851330335
2,2,null,106,0.0,1.1239177851330335
2,2,null,49,0.0,1.1239177851330335
2,2,null,192,2.2731562823032334,1.1239177851330335
2,2,null,185,2.0844290831908747,1.1239177851330335
2,2,null,492,0.0,1.1239177851330335
2,2,null,457,4.427836170705175,1.1239177851330335
2,2,null,516,0.0,1.1239177851330335
2,2,null,404,1.951608170169951,1.1239177851330335
2,2,null,126,0.0,1.1239177851330335
2,2,null,267,0.0,1.1239177851330335
2,2,null,295,0.0,1.1239177851330335
2,2,null,335,0.0,1.1239177851330335
2,2,null,338,2.1377104498038118,1.1239177851330335
2,2,null,442,1.4701758451005926,1.1239177851330335
2,2,null,515,0.0,1.1239177851330335
2,2,null,230,4.494126887194767,1.1239177851330335
2,2,null,91,0.0,1.1239177851330335
2,2,null,505,1.916922612182061,1.1239177851330335
2,2,null,352,1.1085626195212777,1.1239177851330335
2,2,null,249,1.244154593958768,1.1239177851330335
2,2,null,66,0.0,1.1239177851330335
2,2,null,409,0.0,1.1239177851330335
2,2,null,362,0.41871033485818504,1.1239177851330335
2,2,null,23,0.0,1.1239177851330335
2,2,null,253,0.9242589015233319,1.1239177851330335
2,2,null,452,0.0,1.1239177851330335
2,2,null,17,0.0,1.1239177851330335
2,2,null,406,1.599387576580599,1.1239177851330335
2,2,null,260,2.2874714551839976,1.1239177851330335
2,2,null,276,2.93651291389402,1.1239177851330335
2,2,null,347,0.0,1.1239177851330335
2,2,null,277,2.462149662665384,1.1239177851330335
2,2,null,15,0.0,1.1239177851330335
2,2,null,450,2.005525858729668,1.1239177851330335
2,2,null,441,0.8020015854720274,1.1239177851330335
2,2,null,243,0.0,1.1239177851330335
2,2,null,380,2.166765369851511,1.1239177851330335
2,2,null,129,0.0,1.1239177851330335
2,2,null,199,2.511223958105374,1.1239177851330335
2,2,null,21,0.0,1.1239177851330335
2,2,null,212,3.3006401266708405,1.1239177851330335
2,2,null,501,0.0,1.1239177851330335
2,2,null,238,6.995619625423205,1.1239177851330335
2,2,null,139,0.3576744442718159,1.1239177851330335
2,2,null,445,0.0,1.1239177851330335
2,2,null,130,0.0,1.1239177851330335
2,2,null,162,1.0784095813505903,1.1239177851330335
2,2,null,35,0.0,1.1239177851330335
2,2,null,311,2.727199019940971,1.1239177851330335
2,2,null,254,2.428336298299606,1.1239177851330335
2,2,null,86,0.0,1.1239177851330335
2,2,null,146,0.6678293725756554,1.1239177851330335
2,2,null,232,4.648133885420207,1.1239177851330335
2,2,null,469,4.129228964075603,1.1239177851330335
2,2,null,502,0.0,1.1239177851330335
2,2,null,297,0.0,1.1239177851330335
2,2,null,489,0.0,1.1239177851330335
2,2,null,294,2.0241930674493576,1.1239177851330335
2,2,null,319,1.6882490928583902,1.1239177851330335
2,2,null,88,0.0,1.1239177851330335
2,2,null,103,0.0,1.1239177851330335
2,2,null,490,0.0,1.1239177851330335
2,2,null,296,0.6418538861723947,1.1239177851330335
2,2,null,495,0.0,1.1239177851330335
2,2,null,6,0.0,1.1239177851330335
2,2,null,160,1.0116009116784799,1.1239177851330335
2,2,null,423,0.5423242908253617,1.1239177851330335
2,2,null,197,2.4898941912990393,1.1239177851330335
2,2,null,112,0.0,1.1239177851330335
2,2,null,11,0.0,1.1239177851330335
2,2,null,117,0.0,1.1239177851330335
2,2,null,31,0.0,1.1239177851330335
2,2,null,461,0.0,1.1239177851330335
2,2,null,307,1.8213182714695995,1.1239177851330335
2,2,null,251,0.2151113796169455,1.1239177851330335
2,2,null,309,0.0,1.1239177851330335
2,2,null,224,3.6560979645895566,1.1239177851330335
2,2,null,206,2.800325477211381,1.1239177851330335
2,2,null,120,0.0,1.1239177851330335
2,2,knn,470,0.0,0.6593973208288804
2,2,knn,304,0.0,1.4384795901765324
2,2,knn,287,0.0,0.9664695895793308
2,2,knn,2,0.0,1.1548525910690395
2,2,knn,466,1.430311246536665,1.0047969084004909
2,2,knn,266,0.1570037488096647,0.9853410084222661
2,2,knn,233,4.669646205172456,0.892046518149098
2,2,knn,411,1.7263316639055997,1.238517480030691
2,2,knn,189,2.2235418856535927,1.42892876265929
2,2,knn,436,0.43178241642553783,1.5929971330572172
2,2,knn,171,1.3056264580524357,1.855441835163907
2,2,knn,332,2.503073953743449,1.2845105256204896
2,2,knn,25,0.0,0.7680947788851435
2,2,knn,446,0.0,1.0697828926440922
2,2,knn,386,3.2422016501716975,1.0457802186727554
2,2,knn,339,0.9042181506398858,1.1284522437285844
2,2,knn,310,0.0,0.4372221648541574
2,2,knn,285,0.0,1.3153600970142185
2,2,knn,51,0.0,0.496286571869985
2,2,knn,503,1.0818051703517284,1.5782168939644545
2,2,knn,357,0.0,0.8442420378510931
2,2,knn,368,2.613006652415316,1.444137962427297
2,2,knn,343,1.1568811967920856,1.650356585276682
2,2,knn,165,1.144222799920162,1.5143480201510073
2,2,knn,147,0.6729444732424258,0.6039464858456289
2,2,knn,283,0.7419373447293773,0.796021321793938
2,2,knn,382,1.925707441737794,1.7993652066165944
2,2,knn,84,0.0,0.8928937946643722
2,2,knn,353,1.000631880307906,0.9233763774463721
2,2,knn,378,0.0,0.9253264941100316
2,2,knn,331,2.8118094353930627,1.1734874333558065
2,2,knn,465,2.0592388343623163,0.7616429406618423
2,2,knn,284,3.228430037673012,0.9334093677240847
2,2,knn,322,0.6981347220709843,1.3837789472749313
2,2,knn,494,2.2607208888953467,2.0564891240189533
2,2,knn,349,0.9707789171582246,0.96344939415654
2,2,knn,150,0.7839015438284094,1.0208188918211507
2,2,knn,141,0.4382549309311553,0.8871537682633478
2,2,knn,263,0.9400072584914712,0.6566474041791537
2,2,knn,178,1.7715567619105355,0.9490505533561284
2,2,knn,193,2.3427668826268775,1.726269658731537
2,2,knn,314,0.9477893989335261,1.1251361922448664
2,2,knn,496,1.3270750014599193,1.820669821500684
2,2,knn,45,0.0,1.4589904643398197
2,2,knn,408,2.174751721484161,1.5604242937850186
2,2,knn,98,0.0,1.007568636589964
2,2,knn,10,0.0,1.3560294849893906
2,2,knn,487,2.856470206220483,1.3281218565642763
2,2,knn,239,0.0,1.5528131471703266
2,2,knn,83,0.0,1.1800382913901595
2,2,knn,482,0.8285518175661483,1.1720081526378092
2,2,knn,448,0.0,1.256659122615919
2,2,knn,401,1.7833912195575383,1.0335416397030994
2,2,knn,381,2.8524391037275145,1.3343331850712463
2,2,knn,128,0.0,0.7313139705532229
2,2,knn,157,0.9669838461896731,0.8626295137212348
2,2,knn,308,0.0,1.301465912341418
2,2,knn,135,0.0,0.9965084674544589
2,2,knn,488,3.8649313978942956,0.9426048605969202
2,2,knn,38,0.0,0.75767992082914
2,2,knn,151,0.8586616190375188,1.2410861017965122
2,2,knn,472,1.0784095813505903,1.263815872325399
2,2,knn,97,0.0,0.5536186338868033
2,2,knn,180,1.8453002361560848,0.9271862481878471
2,2,knn,1,0.0,1.0083892918723927
2,2,knn,214,3.389799336709786,0.8919357925730281
2,2,knn,24,0.0,1.4670267736031377
2,2,knn,222,3.6336309798834576,0.798002215253403
2,2,knn,100,0.0,1.2915525718429537
2,2,knn,280,2.329227023940467,1.4023094016900977
2,2,knn,313,0.0,1.4264906810911824
2,2,knn,430,0.0,1.2135515855532266
2,2,knn,497,2.7523860149222616,1.6478193703062098
2,2,knn,7,0.0,0.9195159215246931
2,2,knn,414,0.0,1.2784413114604856
2,2,knn,69,0.0,0.7470068336866836
2,2,knn,468,2.0294631718735947,0.8706261931878161
2,2,knn,116,0.0,0.6367995786842766
2,2,knn,334,0.0,0.8445624412239928
2,2,knn,514,2.498151876538021,1.018853925693549
2,2,knn,149,0.7514160886839212,1.5859163678264616
2,2,knn,55,0.0,0.6905263430394765
2,2,knn,480,1.3217558399823195,1.5866824799983565
2,2,knn,61,0.0,0.6396046795075564
2,2,knn,223,3.6381123370602833,0.8695514344365596
2,2,knn,447,0.0,0.6961583599611595
2,2,knn,429,1.4350845252893227,1.3932389817548168
2,2,knn,356,0.8153648132841944,1.1336995891664958
2,2,knn,407,0.0,1.0930733210344148
2,2,knn,236,5.307970623576175,1.158100808952965
2,2,knn,186,2.1029138978649784,0.9438607204082079
2,2,knn,350,1.5496879080283263,0.8578663697926695
2,2,knn,41,0.0,1.0734440382384542
2,2,knn,278,3.136797713832594,1.603470224433383
2,2,knn,344,1.9600947840472698,0.7669457509130299
2,2,knn,293,4.471067201464611,1.8099429179131319
2,2,knn,245,0.5653138090500605,1.3109108501753832
2,2,knn,264,2.020222182019865,1.2249029735929766
2,2,knn,39,0.0,1.0515672539349772
2,2,knn,426,0.0,1.5656881644793879
2,2,knn,486,1.0986122886681098,1.002471219862654
2,2,knn,370,2.4898941912990393,1.2149110672807895
2,2,knn,315,0.0,1.3488592101229224
2,2,knn,218,3.487986511734546,1.475540091978559
2,2,knn,327,0.0,1.2721243111911487
2,2,knn,211,3.295836866004329,1.0111344991125115
2,2,knn,390,2.3942522815198695,1.4537240573354688
2,2,knn,351,2.1174596088673567,0.7438635486681572
2,2,knn,369,0.0,1.1346430274345123
2,2,knn,500,0.0,1.1392504476281509
2,2,knn,203,2.6878474937846906,1.6431231526578371
2,2,knn,460,0.0,1.457902727724782
2,2,knn,82,0.0,0.8205368006506375
2,2,knn,252,0.1906203596086497,1.2619692111595362
2,2,knn,317,1.5644405465033644,1.3306005754798047
2,2,knn,400,2.214846178686039,0.961290791212023
2,2,knn,273,2.300583090323373,1.2271232270430585
2,2,knn,142,0.47623417899637155,1.4544754410739285
2,2,knn,440,0.0,1.4043438694094288
2,2,knn,471,3.675794214565281,0.6862322691447788
2,2,knn,47,0.0,1.2923409267793202
2,2,knn,484,3.311637304949512,1.6995051089626623
2,2,knn,261,1.4586150226995167,1.0143470358870141
2,2,knn,337,4.04375277610604,0.5870612445316872
2,2,knn,95,0.0,1.014083836576616
2,2,knn,302,0.0,0.5608669018822391
2,2,knn,102,0.0,0.9402591941167135
2,2,knn,416,2.081938421878423,0.6167662767576367
2,2,knn,127,0.0,1.716068800176944
2,2,knn,360,0.7371640659767196,1.4817283447679728
2,2,knn,110,0.0,0.6943014912518292
2,2,knn,478,1.1662709371419244,0.7986252038053245
2,2,knn,125,0.0,1.2337190020200002
2,2,knn,99,0.0,1.2915525718429537
2,2,knn,27,0.0,1.0653355521560415
2,2,knn,3,0.0,1.2619898314654674
2,2,knn,434,0.0,1.8577846167783996
2,2,knn,420,5.229824370102736,1.8651402305973288
2,2,knn,87,0.0,1.3215222400862612
2,2,knn,329,1.4655675420143985,0.7967303094036899
2,2,knn,427,1.208960345836975,1.8260794983931956
2,2,knn,394,0.0,1.6319527690695306
2,2,knn,136,0.0,1.01203338901415
2,2,knn,250,0.5187937934151676,1.4107126278041768
2,2,knn,36,0.0,0.7832418472672501
2,2,knn,433,2.7936160894318567,1.5300962810425032
2,2,knn,425,0.0,1.6965391493848787
2,2,knn,479,5.633109621361155,0.9669887816050674
2,2,knn,292,1.2919836816486494,1.0877998675448226
2,2,knn,432,0.0,1.8786042232126285
2,2,knn,268,0.0,1.419488563799889
2,2,knn,346,3.3738261848660236,1.5218457464124946
2,2,knn,318,0.0,1.2584217338086017
2,2,knn,143,0.5364933705145685,0.3620231494184559
2,2,knn,145,0.6418538861723947,1.2602807616811196
2,2,knn,459,1.0784095813505903,1.3517172593199251
2,2,knn,454,0.0,1.2986917283490866
2,2,knn,336,0.0,0.8001053537543196
2,2,knn,187,2.1162555148025524,1.3345246409341076
2,2,knn,166,1.1908875647772805,1.4482515238787887
2,2,knn,179,1.8293763327993617,1.0694475998841613
2,2,knn,499,2.469793011977952,1.1537224688942183
2,2,knn,152,0.887891257352457,0.6359250002225153
2,2,knn,96,0.0,0.9953204076521954
2,2,knn,79,0.0,0.675846716063587
2,2,knn,403,0.0,1.5501493563210413
2,2,knn,321,2.105352923464337,1.4371441226209967
2,2,knn,324,1.6900958154515549,1.5586808067216897
2,2,knn,73,0.0,0.8547328099173854
2,2,knn,328,0.0,1.2996571662987406
2,2,knn,229,4.280824129164719,2.0648424221033186
2,2,knn,5,0.0,1.4724810472194452
2,2,knn,367,0.0,1.4501682979947732
2,2,knn,491,0.0,1.5001266578345485
2,2,knn,113,0.0,1.2248401299517662
2,2,knn,131,0.0,1.0504678311278248
2,2,knn,248,0.0,1.8865235907665485
2,2,knn,30,0.0,1.149288569575686
2,2,knn,388,3.392492941032009,0.9203127436503545
2,2,knn,106,0.0,0.8034352385854712
2,2,knn,49,0.0,0.8417363681302329
2,2,knn,192,2.2731562823032334,1.3782826463165454
2,2,knn,185,2.0844290831908747,1.077379376353248
2,2,knn,492,0.0,1.1748169159428032
2,2,knn,457,4.427836170705175,1.5201381018122073
2,2,knn,516,0.0,0.7852830482718713
2,2,knn,404,1.951608170169951,0.865662177327849
2,2,knn,126,0.0,1.288637614666466
2,2,knn,267,0.0,1.257434861600703
2,2,knn,295,0.0,1.02798993019569
2,2,knn,335,0.0,0.7623113828334203
2,2,knn,338,2.1377104498038118,1.22477828878766
2,2,knn,442,1.4701758451005926,1.6198036845889447
2,2,knn,515,0.0,1.8196346487357584
2,2,knn,230,4.494126887194767,1.0709577459722877
2,2,knn,91,0.0,0.8289757214837872
2,2,knn,505,1.916922612182061,1.2456794535832239
2,2,knn,352,1.1085626195212777,0.8987354252743308
2,2,knn,249,1.244154593958768,1.2760460432813072
2,2,knn,66,0.0,0.835109754961294
2,2,knn,409,0.0,1.040699327116059
2,2,knn,362,0.41871033485818504,1.2518123367323233
2,2,knn,23,0.0,1.3784278858577772
2,2,knn,253,0.9242589015233319,0.8109778336597107
2,2,knn,452,0.0,0.9199682455147783
2,2,knn,17,0.0,1.3533684904111645
2,2,knn,406,1.599387576580599,1.2922978148710973
2,2,knn,260,2.2874714551839976,1.6882857785028405
2,2,knn,276,2.93651291389402,1.603470224433383
2,2,knn,347,0.0,0.8578663697926695
2,2,knn,277,2.462149662665384,1.5190514220666724
2,2,knn,15,0.0,1.515389238803474
2,2,knn,450,2.005525858729668,1.12866266879687
2,2,knn,441,0.8020015854720274,1.5973923742220737
2,2,knn,243,0.0,1.1327947088142525
2,2,knn,380,2.166765369851511,0.9485135902281747
2,2,knn,129,0.0,1.2793225144572558
2,2,knn,199,2.511223958105374,0.8151116764988716
2,2,knn,21,0.0,1.0301784961574965
2,2,knn,212,3.3006401266708405,1.4695209154751132
2,2,knn,501,0.0,0.9948555409502651
2,2,knn,238,6.995619625423205,1.3601793791400725
2,2,knn,139,0.3576744442718159,1.5409906454398372
2,2,knn,445,0.0,1.1123330469555535
2,2,knn,130,0.0,1.1440580596400283
2,2,knn,162,1.0784095813505903,0.6780478363472632
2,2,knn,35,0.0,0.6476675446312307
2,2,knn,311,2.727199019940971,0.4323258338284668
2,2,knn,254,2.428336298299606,0.627481400020302
2,2,knn,86,0.0,1.2272069482320744
2,2,knn,146,0.6678293725756554,0.9103630421917344
2,2,knn,232,4.648133885420207,0.866321137858626
2,2,knn,469,4.129228964075603,0.7420837220822752
2,2,knn,502,0.0,0.6760528497760409
2,2,knn,297,0.0,1.9774761943225265
2,2,knn,489,0.0,1.0523728354173807
2,2,knn,294,2.0241930674493576,1.7309311939819119
2,2,knn,319,1.6882490928583902,1.1250662252726722
2,2,knn,88,0.0,1.0929384085088767
2,2,knn,103,0.0,1.6190530375570094
2,2,knn,490,0.0,1.6591553944887303
2,2,knn,296,0.6418538861723947,0.9232701776226622
2,2,knn,495,0.0,1.3757868126962831
2,2,knn,6,0.0,1.3311691552106883
2,2,knn,160,1.0116009116784799,1.0768963200457748
2,2,knn,423,0.5423242908253617,0.8299683264992221
2,2,knn,197,2.4898941912990393,1.3966491738434397
2,2,knn,112,0.0,0.9738243750405976
2,2,knn,11,0.0,1.3605765550979219
2,2,knn,117,0.0,0.7108966835284876
2,2,knn,31,0.0,0.9825411270215867
2,2,knn,461,0.0,1.3815579027033025
2,2,knn,307,1.8213182714695995,0.9953695806330295
2,2,knn,251,0.2151113796169455,1.2527064359752158
2,2,knn,309,0.0,1.418104071619689
2,2,knn,224,3.6560979645895566,1.0344907292200665
2,2,knn,206,2.800325477211381,1.011938656690031
2,2,knn,120,0.0,0.9031350218053205
2,2,edited,470,0.0,0.45123011087456627
2,2,edited,304,0.0,1.4341210871274856
2,2,edited,287,0.0,0.6818596022249231
2,2,edited,2,0.0,0.8913780497554518
2,2,edited,466,1.430311246536665,0.9292871062110118
2,2,edited,266,0.1570037488096647,0.8582273256120786
2,2,edited,233,4.669646205172456,0.7355974793312339
2,2,edited,411,1.7263316639055997,1.1139779801548986
2,2,edited,189,2.2235418856535927,1.2483053973363705
2,2,edited,436,0.43178241642553783,1.1342412507126707
2,2,edited,171,1.3056264580524357,1.3210922375621073
2,2,edited,332,2.503073953743449,1.0643648771874956
2,2,edited,25,0.0,0.8587252301526104
2,2,edited,446,0.0,0.9428308171236296
2,2,edited,386,3.2422016501716975,0.8159672056794034
2,2,edited,339,0.9042181506398858,1.1238727679249176
2,2,edited,310,0.0,0.312573261214892
2,2,edited,285,0.0,1.2786692366656391
2,2,edited,51,0.0,0.303320540033609
2,2,edited,503,1.0818051703517284,1.2430477381280731
2,2,edited,357,0.0,0.5016840567768402
2,2,edited,368,2.613006652415316,1.1002354741548284
2,2,edited,343,1.1568811967920856,1.1185837913433823
2,2,edited,165,1.144222799920162,1.4341212750656362
2,2,edited,147,0.6729444732424258,0.4855658268890764
2,2,edited,283,0.7419373447293773,0.6510222203511866
2,2,edited,382,1.925707441737794,0.8362552688917615
2,2,edited,84,0.0,0.5459251695471523
2,2,edited,353,1.000631880307906,0.759096338288898
2,2,edited,378,0.0,0.8260127586810637
2,2,edited,331,2.8118094353930627,0.7086296742297619
2,2,edited,465,2.0592388343623163,0.7269975897240227
2,2,edited,284,3.228430037673012,0.8107244426184923
2,2,edited,322,0.6981347220709843,1.1565407224998498
2,2,edited,494,2.2607208888953467,1.0075030601826387
2,2,edited,349,0.9707789171582246,0.7790281395092279
2,2,edited,150,0.7839015438284094,0.49420052588365665
2,2,edited,141,0.4382549309311553,0.7770610428144964
2,2,edited,263,0.9400072584914712,0.36075335810283066
2,2,edited,178,1.7715567619105355,0.7755716585306939
2,2,edited,193,2.3427668826268775,1.003844099433043
2,2,edited,314,0.9477893989335261,1.1960294269715046
2,2,edited,496,1.3270750014599193,1.1488098100073039
2,2,edited,45,0.0,1.0194884030807942
2,2,edited,408,2.174751721484161,0.6916901706152271
2,2,edited,98,0.0,0.6492877507256024
2,2,edited,10,0.0,1.1431971993126533
2,2,edited,487,2.856470206220483,1.0167123994886154
2,2,edited,239,0.0,1.3186032717002445
2,2,edited,83,0.0,0.6567879586929911
2,2,edited,482,0.8285518175661483,1.0617830932365298
2,2,edited,448,0.0,0.7607082167602172
2,2,edited,401,1.7833912195575383,0.6763796283534066
2,2,edited,381,2.8524391037275145,0.8033024334135126
2,2,edited,128,0.0,0.6907356369990393
2,2,edited,157,0.9669838461896731,0.42604911372915105
2,2,edited,308,0.0,1.209127804428031
2,2,edited,135,0.0,0.835471627264484
2,2,edited,488,3.8649313978942956,0.869098199192097
2,2,edited,38,0.0,0.6171544585622966
2,2,edited,151,0.8586616190375188,0.6498705257648587
2,2,edited,472,1.0784095813505903,1.033789093344534
2,2,edited,97,0.0,0.5049981429890882
2,2,edited,180,1.8453002361560848,0.6911263815096834
2,2,edited,1,0.0,0.8423059928194424
2,2,edited,214,3.389799336709786,0.2117480557776462
2,2,edited,24,0.0,0.7793374361570957
2,2,edited,222,3.6336309798834576,0.6658160715465384
2,2,edited,100,0.0,1.2773690922036158
2,2,edited,280,2.329227023940467,1.5513774414693768
2,2,edited,313,0.0,0.973079948391136
2,2,edited,430,0.0,0.776925591367889
2,2,edited,497,2.7523860149222616,1.0453100836722256
2,2,edited,7,0.0,1.2196784229651574
2,2,edited,414,0.0,1.1257450545763088
2,2,edited,69,0.0,0.37243148279981436
2,2,edited,468,2.0294631718735947,0.49736534743120864
2,2,edited,116,0.0,0.19631977928774752
2,2,edited,334,0.0,0.5201411503203933
2,2,edited,514,2.498151876538021,0.730308144454091
2,2,edited,149,0.7514160886839212,0.9961545750977284
2,2,edited,55,0.0,0.5572676654053896
2,2,edited,480,1.3217558399823195,0.8525293697853727
2,2,edited,61,0.0,0.2782556099091044
2,2,edited,223,3.6381123370602833,0.6026787389739429
2,2,edited,447,0.0,0.547817900624099
2,2,edited,429,1.4350845252893227,0.9555197619192876
2,2,edited,356,0.8153648132841944,0.6516014713270519
2,2,edited,407,0.0,0.928073187658479
2,2,edited,236,5.307970623576175,0.5975574563350081
2,2,edited,186,2.1029138978649784,0.7657171564096755
2,2,edited,350,1.5496879080283263,0.7443238916947513
2,2,edited,41,0.0,0.7577103213454238
2,2,edited,278,3.136797713832594,0.8112476168381384
2,2,edited,344,1.9600947840472698,0.43226268223080283
2,2,edited,293,4.471067201464611,0.7722095963243596
2,2,edited,245,0.5653138090500605,1.1551314106016197
2,2,edited,264,2.020222182019865,1.0005042118378265
2,2,edited,39,0.0,0.8162089603073941
2,2,edited,426,0.0,0.9054204104170677
2,2,edited,486,1.0986122886681098,0.7849410879627482
2,2,edited,370,2.4898941912990393,0.6479389214945696
2,2,edited,315,0.0,1.0316291719336257
2,2,edited,218,3.487986511734546,1.1603982112913764
2,2,edited,327,0.0,0.9065482705540067
2,2,edited,211,3.295836866004329,0.600426202506478
2,2,edited,390,2.3942522815198695,1.5513272052343259
2,2,edited,351,2.1174596088673567,0.3994413525533454
2,2,edited,369,0.0,0.5061437704712525
2,2,edited,500,0.0,0.9018596307544304
2,2,edited,203,2.6878474937846906,1.2045821215466457
2,2,edited,460,0.0,1.0211772080248103
2,2,edited,82,0.0,0.6255440821720167
2,2,edited,252,0.1906203596086497,1.0879798152917488
2,2,edited,317,1.5644405465033644,0.5626469814000361
2,2,edited,400,2.214846178686039,0.6605851295028587
2,2,edited,273,2.300583090323373,1.211669956670565
2,2,edited,142,0.47623417899637155,0.9930912895019681
2,2,edited,440,0.0,0.9049938902889364
2,2,edited,471,3.675794214565281,0.4031646886951178
2,2,edited,47,0.0,0.9432111866917906
2,2,edited,484,3.311637304949512,1.2894689575725449
2,2,edited,261,1.4586150226995167,0.33605942500610875
2,2,edited,337,4.04375277610604,0.439368348277357
2,2,edited,95,0.0,0.7211120646497295
2,2,edited,302,0.0,0.4078032852971304
2,2,edited,102,0.0,0.9411577587976627
2,2,edited,416,2.081938421878423,0.3830272998763509
2,2,edited,127,0.0,1.435379491925349
2,2,edited,360,0.7371640659767196,1.1740631809154896
2,2,edited,110,0.0,0.5409510869110865
2,2,edited,478,1.1662709371419244,0.6012635695821348
2,2,edited,125,0.0,0.3701587062967041
2,2,edited,99,0.0,1.2773690922036158
2,2,edited,27,0.0,0.7506220822809284
2,2,edited,3,0.0,1.4339807923466559
2,2,edited,434,0.0,1.4166890539204777
2,2,edited,420,5.229824370102736,1.1011928079537638
2,2,edited,87,0.0,0.8005053243751593
2,2,edited,329,1.4655675420143985,0.29655553724679323
2,2,edited,427,1.208960345836975,1.5234566069881972
2,2,edited,394,0.0,1.4343629330375913
2,2,edited,136,0.0,0.9499177941698134
2,2,edited,250,0.5187937934151676,0.9573237657392366
2,2,edited,36,0.0,0.36928875716270076
2,2,edited,433,2.7936160894318567,1.1527766747588424
2,2,edited,425,0.0,0.8271389079459616
2,2,edited,479,5.633109621361155,0.7410013228646837
2,2,edited,292,1.2919836816486494,0.91108955482389
2,2,edited,432,0.0,0.6107045963841532
2,2,edited,268,0.0,1.213091021098503
2,2,edited,346,3.3738261848660236,1.2382525161414315
2,2,edited,318,0.0,0.8356925694274755
2,2,edited,143,0.5364933705145685,0.3202204896888116
2,2,edited,145,0.6418538861723947,0.8542886689615943
2,2,edited,459,1.0784095813505903,0.6502960162297828
2,2,edited,454,0.0,1.2030864669470525
2,2,edited,336,0.0,0.6830336265572987
2,2,edited,187,2.1162555148025524,1.247885056675776
2,2,edited,166,1.1908875647772805,1.23782352440631
2,2,edited,179,1.8293763327993617,0.9729171584676622
2,2,edited,499,2.469793011977952,0.6537636416634712
2,2,edited,152,0.887891257352457,0.4763363957033616
2,2,edited,96,0.0,0.8163709191997958
2,2,edited,79,0.0,0.5746467981076645
2,2,edited,403,0.0,0.9178411084896867
2,2,edited,321,2.105352923464337,0.9668066300151824
2,2,edited,324,1.6900958154515549,0.988303362284019
2,2,edited,73,0.0,0.6507866346164886
2,2,edited,328,0.0,0.9857272507351095
2,2,edited,229,4.280824129164719,1.274779290257169
2,2,edited,5,0.0,1.0239211217987492
2,2,edited,367,0.0,1.1358549171970707
2,2,edited,491,0.0,1.1341525096067808
2,2,edited,113,0.0,0.7818666131090701
2,2,edited,131,0.0,0.820279780666523
2,2,edited,248,0.0,0.8304923404672198
2,2,edited,30,0.0,0.6327712895339778
2,2,edited,388,3.392492941032009,0.7495656418692626
2,2,edited,106,0.0,0.37244664549039497
2,2,edited,49,0.0,0.6658696488561746
2,2,edited,192,2.2731562823032334,0.8452204513252788
2,2,edited,185,2.0844290831908747,0.7812202394786517
2,2,edited,492,0.0,1.1390385391877182
2,2,edited,457,4.427836170705175,1.298002151462284
2,2,edited,516,0.0,0.6701783345477483
2,2,edited,404,1.951608170169951,0.6164188671035941
2,2,edited,126,0.0,1.1013946964344519
2,2,edited,267,0.0,0.7640532885174879
2,2,edited,295,0.0,0.9416344073262993
2,2,edited,335,0.0,0.40717360715553896
2,2,edited,338,2.1377104498038118,0.9607382247004054
2,2,edited,442,1.4701758451005926,1.2469423277405303
2,2,edited,515,0.0,1.7582214892420174
2,2,edited,230,4.494126887194767,0.940214888320506
2,2,edited,91,0.0,0.3942512668465787
2,2,edited,505,1.916922612182061,0.9803259835079545
2,2,edited,352,1.1085626195212777,0.8491448995352767
2,2,edited,249,1.244154593958768,1.3170403679448066
2,2,edited,66,0.0,0.5807922962229242
2,2,edited,409,0.0,1.0932110985251644
2,2,edited,362,0.41871033485818504,1.0637891283700593
2,2,edited,23,0.0,0.5166158764499091
2,2,edited,253,0.9242589015233319,0.7477848649541592
2,2,edited,452,0.0,0.8907410442037267
2,2,edited,17,0.0,0.9757793323988733
2,2,edited,406,1.599387576580599,1.0073570234223954
2,2,edited,260,2.2874714551839976,1.501889371939217
2,2,edited,276,2.93651291389402,0.8112476168381384
2,2,edited,347,0.0,0.7443238916947513
2,2,edited,277,2.462149662665384,0.8111330752086372
2,2,edited,15,0.0,0.8066618561298337
2,2,edited,450,2.005525858729668,1.0024144715405765
2,2,edited,441,0.8020015854720274,1.1342294627437979
2,2,edited,243,0.0,0.5121167873160182
2,2,edited,380,2.166765369851511,0.6466204744552685
2,2,edited,129,0.0,0.8613231118865379
2,2,edited,199,2.511223958105374,0.5192795380178601
2,2,edited,21,0.0,0.7584089649910055
2,2,edited,212,3.3006401266708405,1.1618257374209773
2,2,edited,501,0.0,0.8245693695503844
2,2,edited,238,6.995619625423205,0.9081559013741439
2,2,edited,139,0.3576744442718159,1.2382700235631847
2,2,edited,445,0.0,0.8322665785778018
2,2,edited,130,0.0,1.317995122141277
2,2,edited,162,1.0784095813505903,0.439095182099678
2,2,edited,35,0.0,0.5312345355351945
2,2,edited,311,2.727199019940971,0.22956949815715597
2,2,edited,254,2.428336298299606,0.4873681532599309
2,2,edited,86,0.0,0.8378290806639481
2,2,edited,146,0.6678293725756554,0.4974796568992342
2,2,edited,232,4.648133885420207,0.7495528892200953
2,2,edited,469,4.129228964075603,0.6420725080422128
2,2,edited,502,0.0,0.6263709456029136
2,2,edited,297,0.0,1.3787287528972005
2,2,edited,489,0.0,0.7945738134488853
2,2,edited,294,2.0241930674493576,1.4161257793773705
2,2,edited,319,1.6882490928583902,0.5414422468826784
2,2,edited,88,0.0,0.7398873981560826
2,2,edited,103,0.0,1.3232585786180235
2,2,edited,490,0.0,1.3797534482091927
2,2,edited,296,0.6418538861723947,0.4948642477890211
2,2,edited,495,0.0,0.8762083225643911
2,2,edited,6,0.0,1.119950414689366
2,2,edited,160,1.0116009116784799,0.5578236443739695
2,2,edited,423,0.5423242908253617,0.8190346480069625
2,2,edited,197,2.4898941912990393,0.8970633034867737
2,2,edited,112,0.0,0.5851337622950604
2,2,edited,11,0.0,1.0382582182591467
2,2,edited,117,0.0,0.11751339759812947
2,2,edited,31,0.0,0.3830856528440812
2,2,edited,461,0.0,0.8827594775510339
2,2,edited,307,1.8213182714695995,0.6272625611004458
2,2,edited,251,0.2151113796169455,0.8078638288870161
2,2,edited,309,0.0,1.0840262302127237
2,2,edited,224,3.6560979645895566,0.9596416125245185
2,2,edited,206,2.800325477211381,0.8318432321331708
2,2,edited,120,0.0,0.6166897177427203
2,2,condensed,470,0.0,0.8749759724150619
2,2,condensed,304,0.0,1.3799584803681426
2,2,condensed,287,0.0,1.284131267251384
2,2,condensed,2,0.0,1.4416771077810848
2,2,condensed,466,1.430311246536665,1.0609862218826893
2,2,condensed,266,0.1570037488096647,1.3838494712115434
2,2,condensed,233,4.669646205172456,1.2126114045413652
2,2,condensed,411,1.7263316639055997,1.2809742763383107
2,2,condensed,189,2.2235418856535927,1.4198812081967505
2,2,condensed,436,0.43178241642553783,1.5882216934094393
2,2,condensed,171,1.3056264580524357,1.8118583534554047
2,2,condensed,332,2.503073953743449,1.4717532758896583
2,2,condensed,25,0.0,1.0412051623441625
2,2,condensed,446,0.0,1.1889402954548471
2,2,condensed,386,3.2422016501716975,1.180729291579021
2,2,condensed,339,0.9042181506398858,1.3519828482380856
2,2,condensed,310,0.0,0.9650774315655309
2,2,condensed,285,0.0,1.4982676267445278
2,2,condensed,51,0.0,0.8497366458618629
2,2,condensed,503,1.0818051703517284,1.7361430889918414
2,2,condensed,357,0.0,1.1554573453365131
2,2,condensed,368,2.613006652415316,1.6331544606254054
2,2,condensed,343,1.1568811967920856,1.5999979789300487
2,2,condensed,165,1.144222799920162,1.4611854974480447
2,2,condensed,147,0.6729444732424258,0.8447150539020675
2,2,condensed,283,0.7419373447293773,0.9314037649542479
2,2,condensed,382,1.925707441737794,2.0838989318705488
2,2,condensed,84,0.0,1.2070116875295644
2,2,condensed,353,1.000631880307906,1.4356441726813691
2,2,condensed,378,0.0,0.9046002529865134
2,2,condensed,331,2.8118094353930627,1.1923155997404167
2,2,condensed,465,2.0592388343623163,0.7965499495885606
2,2,condensed,284,3.228430037673012,1.091883281150625
2,2,condensed,322,0.6981347220709843,1.806709720483609
2,2,condensed,494,2.2607208888953467,1.9914948035896167
2,2,condensed,349,0.9707789171582246,1.2679077057539154
2,2,condensed,150,0.7839015438284094,1.2332221711067126
2,2,condensed,141,0.4382549309311553,1.5696003427896954
2,2,condensed,263,0.9400072584914712,0.8270355484857519
2,2,condensed,178,1.7715567619105355,1.3043680297528546
2,2,condensed,193,2.3427668826268775,1.6362258304342747
2,2,condensed,314,0.9477893989335261,1.358170219614957
2,2,condensed,496,1.3270750014599193,1.9837026488902043
2,2,condensed,45,0.0,1.6610536175281774
2,2,condensed,408,2.174751721484161,1.7737589046161588
2,2,condensed,98,0.0,1.1987801335943074
2,2,condensed,10,0.0,1.4561997436358307
2,2,condensed,487,2.856470206220483,1.5672911189924463
2,2,condensed,239,0.0,1.8530804605432027
2,2,condensed,83,0.0,1.562098526343096
2,2,condensed,482,0.8285518175661483,1.4196381937284377
2,2,condensed,448,0.0,1.7240845589328966
2,2,condensed,401,1.7833912195575383,1.0645365095296138
2,2,condensed,381,2.8524391037275145,1.4645885058284738
2,2,condensed,128,0.0,1.2053120201661247
2,2,condensed,157,0.9669838461896731,1.173136902016953
2,2,condensed,308,0.0,1.5390419639781838
2,2,condensed,135,0.0,1.170739880864088
2,2,condensed,488,3.8649313978942956,0.9713546810638349
2,2,condensed,38,0.0,1.1814765560039309
2,2,condensed,151,0.8586616190375188,1.2828010451280425
2,2,condensed,472,1.0784095813505903,1.2510004427856891
2,2,condensed,97,0.0,0.9172068437630074
2,2,condensed,180,1.8453002361560848,1.211091869099258
2,2,condensed,1,0.0,1.38022768514468
2,2,condensed,214,3.389799336709786,1.4512880508814647
2,2,condensed,24,0.0,1.7256287768995613
2,2,condensed,222,3.6336309798834576,1.1652311203373396
2,2,condensed,100,0.0,1.1898706356917812
2,2,condensed,280,2.329227023940467,1.6047724802201282
2,2,condensed,313,0.0,1.3546359504790195
2,2,condensed,430,0.0,1.511957383624987
2,2,condensed,497,2.7523860149222616,1.5956352594387468
2,2,condensed,7,0.0,1.0890134403865204
2,2,condensed,414,0.0,1.2345561623961185
2,2,condensed,69,0.0,1.0027840700845938
2,2,condensed,468,2.0294631718735947,1.2059988280381393
2,2,condensed,116,0.0,0.8461010815043152
2,2,condensed,334,0.0,1.0257856520588926
2,2,condensed,514,2.498151876538021,1.168837112751007
2,2,condensed,149,0.7514160886839212,1.7344756472391814
2,2,condensed,55,0.0,0.8214474487459806
2,2,condensed,480,1.3217558399823195,1.5348606993641312
2,2,condensed,61,0.0,0.7364858855706824
2,2,condensed,223,3.6381123370602833,0.9829242550237813
2,2,condensed,447,0.0,0.8646951444640789
2,2,condensed,429,1.4350845252893227,1.4807881849415137
2,2,condensed,356,0.8153648132841944,1.518056191685617
2,2,condensed,407,0.0,1.242802615798512
2,2,condensed,236,5.307970623576175,1.4547178494897197
2,2,condensed,186,2.1029138978649784,1.0949217714616493
2,2,condensed,350,1.5496879080283263,1.1252769153594733
2,2,condensed,41,0.0,1.2236336186959318
2,2,condensed,278,3.136797713832594,2.0386397835626173
2,2,condensed,344,1.9600947840472698,0.8115025619266141
2,2,condensed,293,4.471067201464611,1.7631768365870968
2,2,condensed,245,0.5653138090500605,1.3536071510418202
2,2,condensed,264,2.020222182019865,1.4656148749791715
2,2,condensed,39,0.0,1.0896981022083154
2,2,condensed,426,0.0,1.8989256228015106
2,2,condensed,486,1.0986122886681098,1.3805783487571013
2,2,condensed,370,2.4898941912990393,1.418562589442336
2,2,condensed,315,0.0,1.4574015665733926
2,2,condensed,218,3.487986511734546,1.515076840545461
2,2,condensed,327,0.0,1.5481666137608294
2,2,condensed,211,3.295836866004329,1.1748426931889588
2,2,condensed,390,2.3942522815198695,1.3441020284691985
2,2,condensed,351,2.1174596088673567,1.1341700229746319
2,2,condensed,369,0.0,1.4202866162651235
2,2,condensed,500,0.0,1.7904755538324926
2,2,condensed,203,2.6878474937846906,1.8469050114249308
2,2,condensed,460,0.0,1.3168833649231826
2,2,condensed,82,0.0,1.2211225044895782
2,2,condensed,252,0.1906203596086497,1.4291831708704146
2,2,condensed,317,1.5644405465033644,1.3210457209494293
2,2,condensed,400,2.214846178686039,0.6943060870246279
2,2,condensed,273,2.300583090323373,1.4702873528792666
2,2,condensed,142,0.47623417899637155,1.5323377149820019
2,2,condensed,440,0.0,1.34767350295362
2,2,condensed,471,3.675794214565281,0.9377855105441028
2,2,condensed,47,0.0,1.479597197704736
2,2,condensed,484,3.311637304949512,1.771180542695621
2,2,condensed,261,1.4586150226995167,0.9374137451417451
2,2,condensed,337,4.04375277610604,0.8804770051784367
2,2,condensed,95,0.0,1.1985588753241228
2,2,condensed,302,0.0,0.6324010347996688
2,2,condensed,102,0.0,1.27130106326936
2,2,condensed,416,2.081938421878423,0.7205530133725403
2,2,condensed,127,0.0,1.7532824179921065
2,2,condensed,360,0.7371640659767196,1.8156294528960277
2,2,condensed,110,0.0,0.9806303733365885
2,2,condensed,478,1.1662709371419244,1.345143406528922
2,2,condensed,125,0.0,1.3570668321562347
2,2,condensed,99,0.0,1.1898706356917812
2,2,condensed,27,0.0,1.2742587131556935
2,2,condensed,3,0.0,1.1613358976921264
2,2,condensed,434,0.0,1.989012819230942
2,2,condensed,420,5.229824370102736,1.728707300470095
2,2,condensed,87,0.0,1.489677931358595
2,2,condensed,329,1.4655675420143985,1.2023941203720276
2,2,condensed,427,1.208960345836975,1.898251697419504
2,2,condensed,394,0.0,1.949459964137119
2,2,condensed,136,0.0,1.4965223383646213
2,2,condensed,250,0.5187937934151676,1.5954698081283665
2,2,condensed,36,0.0,0.9712054261496046
2,2,condensed,433,2.7936160894318567,1.4307758422207382
2,2,condensed,425,0.0,2.033614116368464
2,2,condensed,479,5.633109621361155,1.036014952031589
2,2,condensed,292,1.2919836816486494,1.2873762127744381
2,2,condensed,432,0.0,2.289387431810164
2,2,condensed,268,0.0,1.5649938525538594
2,2,condensed,346,3.3738261848660236,1.7182799134757556
2,2,condensed,318,0.0,1.5604099362450463
2,2,condensed,143,0.5364933705145685,0.6251962689889522
2,2,condensed,145,0.6418538861723947,1.4120788356732414
2,2,condensed,459,1.0784095813505903,1.4247783290068012
2,2,condensed,454,0.0,1.0841516271688139
2,2,condensed,336,0.0,1.2453743602061251
2,2,condensed,187,2.1162555148025524,1.4748473533226916
2,2,condensed,166,1.1908875647772805,1.6552180585749003
2,2,condensed,179,1.8293763327993617,1.134443953448915
2,2,condensed,499,2.469793011977952,1.5854664657134891
2,2,condensed,152,0.887891257352457,0.9472238778950699
2,2,condensed,96,0.0,1.3162446439480164
2,2,condensed,79,0.0,1.135993834251974
2,2,condensed,403,0.0,1.7306326712023812
2,2,condensed,321,2.105352923464337,1.4320068005797337
2,2,condensed,324,1.6900958154515549,1.5112518166637803
2,2,condensed,73,0.0,1.0052953942086273
2,2,condensed,328,0.0,1.541522342960557
2,2,condensed,229,4.280824129164719,2.090599625240142
2,2,condensed,5,0.0,1.5649387103976513
2,2,condensed,367,0.0,1.7646820812376018
2,2,condensed,491,0.0,1.5861409994931541
2,2,condensed,113,0.0,1.3385611295358488
2,2,condensed,131,0.0,1.3139142935055848
2,2,condensed,248,0.0,1.9272785425257606
2,2,condensed,30,0.0,1.272770280255253
2,2,condensed,388,3.392492941032009,1.1071687902261647
2,2,condensed,106,0.0,1.0919017554187864
2,2,condensed,49,0.0,1.0837405382579075
2,2,condensed,192,2.2731562823032334,1.9712049576307684
2,2,condensed,185,2.0844290831908747,1.3345109145333205
2,2,condensed,492,0.0,1.3753047625661328
2,2,condensed,457,4.427836170705175,1.3905048747822897
2,2,condensed,516,0.0,1.057976209373315
2,2,condensed,404,1.951608170169951,1.1118657757094361
2,2,condensed,126,0.0,1.490522454455579
2,2,condensed,267,0.0,1.5970568093768402
2,2,condensed,295,0.0,1.285091094666973
2,2,condensed,335,0.0,1.0857081822816115
2,2,condensed,338,2.1377104498038118,1.4654769882190115
2,2,condensed,442,1.4701758451005926,1.7552511103476958
2,2,condensed,515,0.0,1.7880244209213403
2,2,condensed,230,4.494126887194767,1.2744045530216566
2,2,condensed,91,0.0,1.1211609895421406
2,2,condensed,505,1.916922612182061,1.403246241539451
2,2,condensed,352,1.1085626195212777,1.236561214876539
2,2,condensed,249,1.244154593958768,1.2447776230788745
2,2,condensed,66,0.0,1.4435040534481323
2,2,condensed,409,0.0,1.3757681518597553
2,2,condensed,362,0.41871033485818504,1.4326455767741506
2,2,condensed,23,0.0,1.1771086585003754
2,2,condensed,253,0.9242589015233319,1.2296523586890966
2,2,condensed,452,0.0,1.0707004239138682
2,2,condensed,17,0.0,1.5037690534554204
2,2,condensed,406,1.599387576580599,1.4289466290569892
2,2,condensed,260,2.2874714551839976,1.703564220156556
2,2,condensed,276,2.93651291389402,2.0386397835626173
2,2,condensed,347,0.0,1.1252769153594733
2,2,condensed,277,2.462149662665384,1.8199276138308502
2,2,condensed,15,0.0,1.563076729583498
2,2,condensed,450,2.005525858729668,1.4039276436029198
2,2,condensed,441,0.8020015854720274,1.5920552075649987
2,2,condensed,243,0.0,1.2008546115458016
2,2,condensed,380,2.166765369851511,1.1446876226271905
2,2,condensed,129,0.0,1.420686004981981
2,2,condensed,199,2.511223958105374,1.1845560810277016
2,2,condensed,21,0.0,1.321960001586687
2,2,condensed,212,3.3006401266708405,1.5851396163117797
2,2,condensed,501,0.0,1.35663455803751
2,2,condensed,238,6.995619625423205,1.389835192579739
2,2,condensed,139,0.3576744442718159,1.5585932324304526
2,2,condensed,445,0.0,1.4693880226075122
2,2,condensed,130,0.0,1.3306699040079495
2,2,condensed,162,1.0784095813505903,0.9929474558061631
2,2,condensed,35,0.0,0.7789490250464692
2,2,condensed,311,2.727199019940971,0.8306492725051031
2,2,condensed,254,2.428336298299606,0.8596779960514497
2,2,condensed,86,0.0,1.3347441964478401
2,2,condensed,146,0.6678293725756554,1.0191006236904991
2,2,condensed,232,4.648133885420207,1.186959528364824
2,2,condensed,469,4.129228964075603,0.918426179939254
2,2,condensed,502,0.0,1.0069184639884676
2,2,condensed,297,0.0,1.9035895357166777
2,2,condensed,489,0.0,1.1983418406212007
2,2,condensed,294,2.0241930674493576,1.674438814383796
2,2,condensed,319,1.6882490928583902,1.3615897444026277
2,2,condensed,88,0.0,1.3718454308916044
2,2,condensed,103,0.0,1.551926171109178
2,2,condensed,490,0.0,1.6721682094757657
2,2,condensed,296,0.6418538861723947,1.178588370900154
2,2,condensed,495,0.0,1.5062464994418467
2,2,condensed,6,0.0,1.419467144580687
2,2,condensed,160,1.0116009116784799,1.3609675931277472
2,2,condensed,423,0.5423242908253617,1.1758672771737733
2,2,condensed,197,2.4898941912990393,1.4690242137100806
2,2,condensed,112,0.0,1.0662143493664704
2,2,condensed,11,0.0,1.7381139245979882
2,2,condensed,117,0.0,1.101801204867281
2,2,condensed,31,0.0,0.8885148378407763
2,2,condensed,461,0.0,1.4905195384458765
2,2,condensed,307,1.8213182714695995,1.2192443998872333
2,2,condensed,251,0.2151113796169455,1.5456046282162348
2,2,condensed,309,0.0,1.3733583481877967
2,2,condensed,224,3.6560979645895566,1.0995645760551667
2,2,condensed,206,2.800325477211381,1.4700878508470976
2,2,condensed,120,0.0,1.2250459502219155
3,1,null,157,0.9669838461896731,1.0778760513296832
3,1,null,207,2.9014215940827497,1.0778760513296832
3,1,null,148,0.7275486072772779,1.0778760513296832
3,1,null,57,0.0,1.0778760513296832
3,1,null,39,0.0,1.0778760513296832
3,1,null,340,1.5953389880545987,1.0778760513296832
3,1,null,66,0.0,1.0778760513296832
3,1,null,220,3.4986265269937014,1.0778760513296832
3,1,null,342,0.0,1.0778760513296832
3,1,null,168,1.2612978709452054,1.0778760513296832
3,1,null,429,1.4350845252893227,1.0778760513296832
3,1,null,160,1.0116009116784799,1.0778760513296832
3,1,null,16,0.0,1.0778760513296832
3,1,null,135,0.0,1.0778760513296832
3,1,null,77,0.0,1.0778760513296832
3,1,null,332,2.503073953743449,1.0778760513296832
3,1,null,95,0.0,1.0778760513296832
3,1,null,255,0.0,1.0778760513296832
3,1,null,503,1.0818051703517284,1.0778760513296832
3,1,null,386,3.2422016501716975,1.0778760513296832
3,1,null,223,3.6381123370602833,1.0778760513296832
3,1,null,33,0.0,1.0778760513296832
3,1,null,219,3.492256112609122,1.0778760513296832
3,1,null,197,2.4898941912990393,1.0778760513296832
3,1,null,216,3.4170707308184456,1.0778760513296832
3,1,null,297,0.0,1.0778760513296832
3,1,null,182,1.998773638612381,1.0778760513296832
3,1,null,298,0.0,1.0778760513296832
3,1,null,213,3.3446270301737613,1.0778760513296832
3,1,null,399,0.0,1.0778760513296832
3,1,null,261,1.4586150226995167,1.0778760513296832
3,1,null,273,2.300583090323373,1.0778760513296832
3,1,null,344,1.9600947840472698,1.0778760513296832
3,1,null,19,0.0,1.0778760513296832
3,1,null,199,2.511223958105374,1.0778760513296832
3,1,null,243,0.0,1.0778760513296832
3,1,null,123,0.0,1.0778760513296832
3,1,null,383,3.7812307151781224,1.0778760513296832
3,1,null,110,0.0,1.0778760513296832
3,1,null,471,3.675794214565281,1.0778760513296832
3,1,null,292,1.2919836816486494,1.0778760513296832
3,1,null,240,0.0,1.0778760513296832
3,1,null,46,0.0,1.0778760513296832
3,1,null,501,0.0,1.0778760513296832
3,1,null,431,1.9960599327407849,1.0778760513296832
3,1,null,250,0.5187937934151676,1.0778760513296832
3,1,null,309,0.0,1.0778760513296832
3,1,null,391,3.4397768636296306,1.0778760513296832
3,1,null,512,2.0068708488450007,1.0778760513296832
3,1,null,381,2.8524391037275145,1.0778760513296832
3,1,null,285,0.0,1.0778760513296832
3,1,null,225,3.902982260775997,1.0778760513296832
3,1,null,124,0.0,1.0778760513296832
3,1,null,108,0.0,1.0778760513296832
3,1,null,233,4.669646205172456,1.0778760513296832
3,1,null,10,0.0,1.0778760513296832
3,1,null,238,6.995619625423205,1.0778760513296832
3,1,null,289,0.0,1.0778760513296832
3,1,null,265,0.5822156198526637,1.0778760513296832
3,1,null,52,0.0,1.0778760513296832
3,1,null,397,1.5325568680981427,1.0778760513296832
3,1,null,513,4.012592060349841,1.0778760513296832
3,1,null,258,0.0,1.0778760513296832
3,1,null,373,0.0,1.0778760513296832
3,1,null,463,1.8547342683894434,1.0778760513296832
3,1,null,179,1.8293763327993617,1.0778760513296832
3,1,null,195,2.3997118037247684,1.0778760513296832
3,1,null,357,0.0,1.0778760513296832
3,1,null,40,0.0,1.0778760513296832
3,1,null,241,0.0,1.0778760513296832
3,1,null,390,2.3942522815198695,1.0778760513296832
3,1,null,428,0.0,1.0778760513296832
3,1,null,361,1.597365331199831,1.0778760513296832
3,1,null,302,0.0,1.0778760513296832
3,1,null,350,1.5496879080283263,1.0778760513296832
3,1,null,384,2.578700529074361,1.0778760513296832
3,1,null,22,0.0,1.0778760513296832
3,1,null,365,3.0459499897146083,1.0778760513296832
3,1,null,85,0.0,1.0778760513296832
3,1,null,172,1.3190856114264407,1.0778760513296832
3,1,null,93,0.0,1.0778760513296832
3,1,null,290,0.0,1.0778760513296832
3,1,null,499,2.469793011977952,1.0778760513296832
3,1,null,385,2.833213344056216,1.0778760513296832
3,1,null,456,0.0,1.0778760513296832
3,1,null,133,0.0,1.0778760513296832
3,1,null,287,0.0,1.0778760513296832
3,1,null,445,0.0,1.0778760513296832
3,1,null,322,0.6981347220709843,1.0778760513296832
3,1,null,38,0.0,1.0778760513296832
3,1,null,277,2.462149662665384,1.0778760513296832
3,1,null,117,0.0,1.0778760513296832
3,1,null,55,0.0,1.0778760513296832
3,1,null,474,2.405141681319138,1.0778760513296832
3,1,null,107,0.0,1.0778760513296832
3,1,null,18,0.0,1.0778760513296832
3,1,null,25,0.0,1.0778760513296832
3,1,null,0,0.0,1.0778760513296832
3,1,null,96,0.0,1.0778760513296832
3,1,null,137,0.0,1.0778760513296832
3,1,null,378,0.0,1.0778760513296832
3,1,null,234,5.049086480470509,1.0778760513296832
3,1,null,494,2.2607208888953467,1.0778760513296832
3,1,null,440,0.0,1.0778760513296832
3,1,null,155,0.9400072584914712,1.0778760513296832
3,1,null,420,5.229824370102736,1.0778760513296832
3,1,null,314,0.9477893989335261,1.0778760513296832
3,1,null,421,0.0,1.0778760513296832
3,1,null,56,0.0,1.0778760513296832
3,1,null,493,3.7914360424390283,1.0778760513296832
3,1,null,101,0.0,1.0778760513296832
3,1,null,296,0.6418538861723947,1.0778760513296832
3,1,null,118,0.0,1.0778760513296832
3,1,null,417,0.0,1.0778760513296832
3,1,null,165,1.144222799920162,1.0778760513296832
3,1,null,377,5.168379509433644,1.0778760513296832
3,1,null,202,2.642622395779755,1.0778760513296832
3,1,null,321,2.105352923464337,1.0778760513296832
3,1,null,491,0.0,1.0778760513296832
3,1,null,173,1.4036429994545037,1.0778760513296832
3,1,null,178,1.7715567619105355,1.0778760513296832
3,1,null,232,4.648133885420207,1.0778760513296832
3,1,null,310,0.0,1.0778760513296832
3,1,null,442,1.4701758451005926,1.0778760513296832
3,1,null,394,0.0,1.0778760513296832
3,1,null,317,1.5644405465033644,1.0778760513296832
3,1,null,409,0.0,1.0778760513296832
3,1,null,112,0.0,1.0778760513296832
3,1,null,468,2.0294631718735947,1.0778760513296832
3,1,null,54,0.0,1.0778760513296832
3,1,null,103,0.0,1.0778760513296832
3,1,null,508,0.0,1.0778760513296832
3,1,null,400,2.214846178686039,1.0778760513296832
3,1,null,59,0.0,1.0778760513296832
3,1,null,413,0.0,1.0778760513296832
3,1,null,457,4.427836170705175,1.0778760513296832
3,1,null,511,0.0,1.0778760513296832
3,1,null,141,0.4382549309311553,1.0778760513296832
3,1,null,198,2.50470927708418,1.0778760513296832
3,1,null,497,2.7523860149222616,1.0778760513296832
3,1,null,226,3.9193957597575593,1.0778760513296832
3,1,null,462,1.5496879080283263,1.0778760513296832
3,1,null,193,2.3427668826268775,1.0778760513296832
3,1,null,104,0.0,1.0778760513296832
3,1,null,467,1.8794650496471605,1.0778760513296832
3,1,null,510,0.3576744442718159,1.0778760513296832
3,1,null,393,0.0,1.0778760513296832
3,1,null,11,0.0,1.0778760513296832
3,1,null,291,2.1972245773362196,1.0778760513296832
3,1,null,355,2.643333886382519,1.0778760513296832
3,1,null,3,0.0,1.0778760513296832
3,1,null,97,0.0,1.0778760513296832
3,1,null,315,0.0,1.0778760513296832
3,1,null,387,0.0,1.0778760513296832
3,1,null,158,0.9707789171582246,1.0778760513296832
3,1,null,153,0.9001613499442714,1.0778760513296832
3,1,null,164,1.1019400787607843,1.0778760513296832
3,1,null,466,1.430311246536665,1.0778760513296832
3,1,null,68,0.0,1.0778760513296832
3,1,null,437,0.0,1.0778760513296832
3,1,null,236,5.307970623576175,1.0778760513296832
3,1,null,15,0.0,1.0778760513296832
3,1,null,363,1.3686394258811698,1.0778760513296832
3,1,null,366,1.0116009116784799,1.0778760513296832
3,1,null,389,0.0,1.0778760513296832
3,1,null,204,2.7073833121145063,1.0778760513296832
3,1,null,439,0.28517894223366247,1.0778760513296832
3,1,null,61,0.0,1.0778760513296832
3,1,null,136,0.0,1.0778760513296832
3,1,null,121,0.0,1.0778760513296832
3,1,null,425,0.0,1.0778760513296832
3,1,null,64,0.0,1.0778760513296832
3,1,null,252,0.1906203596086497,1.0778760513296832
3,1,null,114,0.0,1.0778760513296832
3,1,null,128,0.0,1.0778760513296832
3,1,null,348,0.0,1.0778760513296832
3,1,null,203,2.6878474937846906,1.0778760513296832
3,1,null,303,0.0,1.0778760513296832
3,1,null,29,0.0,1.0778760513296832
3,1,null,351,2.1174596088673567,1.0778760513296832
3,1,null,418,1.235471471385307,1.0778760513296832
3,1,null,42,0.0,1.0778760513296832
3,1,null,115,0.0,1.0778760513296832
3,1,null,481,0.0,1.0778760513296832
3,1,null,2,0.0,1.0778760513296832
3,1,null,245,0.5653138090500605,1.0778760513296832
3,1,null,17,0.0,1.0778760513296832
3,1,null,305,0.0,1.0778760513296832
3,1,null,398,0.0,1.0778760513296832
3,1,null,375,3.6975913947159578,1.0778760513296832
3,1,null,433,2.7936160894318567,1.0778760513296832
3,1,null,156,0.9593502213346021,1.0778760513296832
3,1,null,251,0.2151113796169455,1.0778760513296832
3,1,null,6,0.0,1.0778760513296832
3,1,null,161,1.0647107369924282,1.0778760513296832
3,1,null,268,0.0,1.0778760513296832
3,1,null,443,0.0,1.0778760513296832
3,1,null,419,1.3987168811184478,1.0778760513296832
3,1,null,307,1.8213182714695995,1.0778760513296832
3,1,null,506,0.0,1.0778760513296832
3,1,null,447,0.0,1.0778760513296832
3,1,null,329,1.4655675420143985,1.0778760513296832
3,1,null,507,0.0,1.0778760513296832
3,1,null,364,1.8946168546677629,1.0778760513296832
3,1,null,89,0.0,1.0778760513296832
3,1,null,472,1.0784095813505903,1.0778760513296832
3,1,null,149,0.7514160886839212,1.0778760513296832
3,1,null,126,0.0,1.0778760513296832
3,1,null,176,1.724550719534605,1.0778760513296832
3,1,null,229,4.280824129164719,1.0778760513296832
3,1,null,353,1.000631880307906,1.0778760513296832
3,1,null,382,1.925707441737794,1.0778760513296832
3,1,null,347,0.0,1.0778760513296832
3,1,null,338,2.1377104498038118,1.0778760513296832
3,1,null,369,0.0,1.0778760513296832
3,1,null,327,0.0,1.0778760513296832
3,1,null,505,1.916922612182061,1.0778760513296832
3,1,null,28,0.0,1.0778760513296832
3,1,null,13,0.0,1.0778760513296832
3,1,null,311,2.727199019940971,1.0778760513296832
3,1,null,461,0.0,1.0778760513296832
3,1,null,183,2.057962510002712,1.0778760513296832
3,1,null,331,2.8118094353930627,1.0778760513296832
3,1,null,371,0.0,1.0778760513296832
3,1,null,99,0.0,1.0778760513296832
3,1,null,87,0.0,1.0778760513296832
3,1,null,362,0.41871033485818504,1.0778760513296832
3,1,null,469,4.129228964075603,1.0778760513296832
3,1,null,403,0.0,1.0778760513296832
3,1,null,228,4.175924549214524,1.0778760513296832
3,1,null,206,2.800325477211381,1.0778760513296832
3,1,null,256,2.199444334074532,1.0778760513296832
3,1,null,281,3.2492110246642736,1.0778760513296832
3,1,null,379,0.0,1.0778760513296832
3,1,null,328,0.0,1.0778760513296832
3,1,null,262,1.6582280766035324,1.0778760513296832
3,1,null,270,0.41871033485818504,1.0778760513296832
3,1,null,396,1.534714366238164,1.0778760513296832
3,1,null,211,3.295836866004329,1.0778760513296832
3,1,null,132,0.0,1.0778760513296832
3,1,null,388,3.392492941032009,1.0778760513296832
3,1,null,88,0.0,1.0778760513296832
3,1,null,368,2.613006652415316,1.0778760513296832
3,1,null,62,0.0,1.0778760513296832
3,1,null,426,0.0,1.0778760513296832
3,1,null,177,1.7387102481382397,1.0778760513296832
3,1,null,480,1.3217558399823195,1.0778760513296832
3,1,null,210,3.2280337626529665,1.0778760513296832
3,1,null,479,5.633109621361155,1.0778760513296832
3,1,null,71,0.0,1.0778760513296832
3,1,null,308,0.0,1.0778760513296832
3,1,null,120,0.0,1.0778760513296832
3,1,null,509,1.1537315878891892,1.0778760513296832
3,1,null,405,0.0,1.0778760513296832
3,1,null,253,0.9242589015233319,1.0778760513296832
3,1,null,264,2.020222182019865,1.0778760513296832
3,1,null,151,0.8586616190375188,1.0778760513296832
3,1,null,451,2.3711778844596574,1.0778760513296832
3,1,null,73,0.0,1.0778760513296832
3,1,knn,157,0.9669838461896731,0.633307944985469
3,1,knn,207,2.9014215940827497,0.7708975262633816
3,1,knn,148,0.7275486072772779,1.3281046711531
3,1,knn,57,0.0,0.42390892373939415
3,1,knn,39,0.0,1.0815162640671512
3,1,knn,340,1.5953389880545987,1.2150706507600018
3,1,knn,66,0.0,0.6786505607700337
3,1,knn,220,3.4986265269937014,1.0323647109502865
3,1,knn,342,0.0,0.7791640152362469
3,1,knn,168,1.2612978709452054,1.069238935557297
3,1,knn,429,1.4350845252893227,1.0996436511136
3,1,knn,160,1.0116009116784799,0.8625948553662411
3,1,knn,16,0.0,0.7928125571847524
3,1,knn,135,0.0,1.472832226085552
3,1,knn,77,0.0,1.0167742514413927
3,1,knn,332,2.503073953743449,0.8699515497861431
3,1,knn,95,0.0,0.6314314333578179
3,1,knn,255,0.0,0.8195343705290651
3,1,knn,503,1.0818051703517284,1.274225271879621
3,1,knn,386,3.2422016501716975,0.8231553924502499
3,1,knn,223,3.6381123370602833,1.0230137038516243
3,1,knn,33,0.0,0.578103470901407
3,1,knn,219,3.492256112609122,0.9979181180588453
3,1,knn,197,2.4898941912990393,1.2092053844807942
3,1,knn,216,3.4170707308184456,0.7093734129018681
3,1,knn,297,0.0,1.3069611841131126
3,1,knn,182,1.998773638612381,1.1995830320044785
3,1,knn,298,0.0,1.548305502367045
3,1,knn,213,3.3446270301737613,1.2333302564596216
3,1,knn,399,0.0,1.324525262986669
3,1,knn,261,1.4586150226995167,0.989327380211589
3,1,knn,273,2.300583090323373,1.5023666458752178
3,1,knn,344,1.9600947840472698,0.6535327972392065
3,1,knn,19,0.0,1.4595166973803713
3,1,knn,199,2.511223958105374,0.6362320226496405
3,1,knn,243,0.0,1.0322552999295096
3,1,knn,123,0.0,0.8089357313514467
3,1,knn,383,3.7812307151781224,0.8380791876766668
3,1,knn,110,0.0,1.0631549288325484
3,1,knn,471,3.675794214565281,0.6900734463176784
3,1,knn,292,1.2919836816486494,0.9750723350604082
3,1,knn,240,0.0,1.0815933441160526
3,1,knn,46,0.0,0.7219283464726978
3,1,knn,501,0.0,1.1272658169065404
3,1,knn,431,1.9960599327407849,0.8602540838115293
3,1,knn,250,0.5187937934151676,1.3220458011718783
3,1,knn,309,0.0,1.2793218507911208
3,1,knn,391,3.4397768636296306,1.0890375149815044
3,1,knn,512,2.0068708488450007,0.6719522048074567
3,1,knn,381,2.8524391037275145,0.6903626669373553
3,1,knn,285,0.0,1.1852161704456945
3,1,knn,225,3.902982260775997,0.7090478440367725
3,1,knn,124,0.0,1.2457808688104164
3,1,knn,108,0.0,0.6038106572753934
3,1,knn,233,4.669646205172456,0.8251375332978164
3,1,knn,10,0.0,1.1726889535767642
3,1,knn,238,6.995619625423205,0.8705721194048447
3,1,knn,289,0.0,0.6779418569856293
3,1,knn,265,0.5822156198526637,1.1930636587398817
3,1,knn,52,0.0,0.666230863347813
3,1,knn,397,1.5325568680981427,1.2441123717314466
3,1,knn,513,4.012592060349841,0.9122269037520169
3,1,knn,258,0.0,1.1002159873924526
3,1,knn,373,0.0,1.0056602317312093
3,1,knn,463,1.8547342683894434,1.3524141694250087
3,1,knn,179,1.8293763327993617,0.9342749310650065
3,1,knn,195,2.3997118037247684,1.355742712005965
3,1,knn,357,0.0,0.8931106989777289
3,1,knn,40,0.0,0.4127410804958921
3,1,knn,241,0.0,0.6642756225773336
3,1,knn,390,2.3942522815198695,1.4489989402553956
3,1,knn,428,0.0,1.2793550287539202
3,1,knn,361,1.597365331199831,0.7934367208377637
3,1,knn,302,0.0,1.008444447575796
3,1,knn,350,1.5496879080283263,0.8499240456378186
3,1,knn,384,2.578700529074361,0.8234431218841741
3,1,knn,22,0.0,1.3753721733677204
3,1,knn,365,3.0459499897146083,0.8416564675755981
3,1,knn,85,0.0,0.9623505761197708
3,1,knn,172,1.3190856114264407,0.9856339897493211
3,1,knn,93,0.0,1.3135134110338007
3,1,knn,290,0.0,1.0540521268227467
3,1,knn,499,2.469793011977952,1.4296663521477289
3,1,knn,385,2.833213344056216,1.1795761718161573
3,1,knn,456,0.0,1.1372757962505582
3,1,knn,133,0.0,1.4198180464752446
3,1,knn,287,0.0,0.7697176335129433
3,1,knn,445,0.0,1.1185760059086014
3,1,knn,322,0.6981347220709843,0.8098439600096429
3,1,knn,38,0.0,0.5390184115842228
3,1,knn,277,2.462149662665384,1.4090613194634434
3,1,knn,117,0.0,0.7413132104511749
3,1,knn,55,0.0,1.0322542789732498
3,1,knn,474,2.405141681319138,1.064067635830452
3,1,knn,107,0.0,0.8068329217856766
3,1,knn,18,0.0,1.070833252259941
3,1,knn,25,0.0,1.0116525421756266
3,1,knn,0,0.0,1.363397648911619
3,1,knn,96,0.0,0.9748163173876169
3,1,knn,137,0.0,0.775761000889163
3,1,knn,378,0.0,1.3061487440835653
3,1,knn,234,5.049086480470509,0.8325201422198439
3,1,knn,494,2.2607208888953467,1.4839139374288377
3,1,knn,440,0.0,0.9732286172184882
3,1,knn,155,0.9400072584914712,0.9756793293680577
3,1,knn,420,5.229824370102736,1.6073538387453266
3,1,knn,314,0.9477893989335261,0.9041152005335578
3,1,knn,421,0.0,1.5984962870739596
3,1,knn,56,0.0,0.7728693349791109
3,1,knn,493,3.7914360424390283,1.3785846773598482
3,1,knn,101,0.0,0.9047264095478313
3,1,knn,296,0.6418538861723947,0.7853018219639758
3,1,knn,118,0.0,0.998960898673866
3,1,knn,417,0.0,0.8440755137036335
3,1,knn,165,1.144222799920162,1.3842165869801253
3,1,knn,377,5.168379509433644,1.1158854110393357
3,1,knn,202,2.642622395779755,1.085872354715684
3,1,knn,321,2.105352923464337,1.0833578603479663
3,1,knn,491,0.0,1.3669572871892774
3,1,knn,173,1.4036429994545037,0.9936277941753924
3,1,knn,178,1.7715567619105355,1.1544786430164353
3,1,knn,232,4.648133885420207,0.9553527980905074
3,1,knn,310,0.0,0.8184380834092095
3,1,knn,442,1.4701758451005926,1.1761832561384655
3,1,knn,394,0.0,1.0239159069534403
3,1,knn,317,1.5644405465033644,0.7049465180851132
3,1,knn,409,0.0,1.0620677428115515
3,1,knn,112,0.0,0.9017955883077553
3,1,knn,468,2.0294631718735947,0.8921378779157177
3,1,knn,54,0.0,0.42622670198768864
3,1,knn,103,0.0,1.2806745642155621
3,1,knn,508,0.0,1.1011157672650542
3,1,knn,400,2.214846178686039,1.324525262986669
3,1,knn,59,0.0,1.0860423617332302
3,1,knn,413,0.0,1.2497116766133602
3,1,knn,457,4.427836170705175,1.2159135592582178
3,1,knn,511,0.0,0.3742296499763967
3,1,knn,141,0.4382549309311553,0.7069108090476245
3,1,knn,198,2.50470927708418,0.8353325757776494
3,1,knn,497,2.7523860149222616,1.7165880233988335
3,1,knn,226,3.9193957597575593,1.0299939624929366
3,1,knn,462,1.5496879080283263,1.2468806746028138
3,1,knn,193,2.3427668826268775,1.2792790025294696
3,1,knn,104,0.0,1.0955762795961246
3,1,knn,467,1.8794650496471605,0.9455396815178514
3,1,knn,510,0.3576744442718159,0.6659284582570011
3,1,knn,393,0.0,1.0410385527474844
3,1,knn,11,0.0,1.1593746070489246
3,1,knn,291,2.1972245773362196,0.9051443933036591
3,1,knn,355,2.643333886382519,0.839103990212526
3,1,knn,3,0.0,1.1054769339757018
3,1,knn,97,0.0,1.1573157196798052
3,1,knn,315,0.0,1.351591464855064
3,1,knn,387,0.0,1.1162163604308295
3,1,knn,158,0.9707789171582246,1.2064375678648473
3,1,knn,153,0.9001613499442714,1.2120353280022933
3,1,knn,164,1.1019400787607843,0.8194472079014633
3,1,knn,466,1.430311246536665,1.3414229656904495
3,1,knn,68,0.0,0.6655898765867578
3,1,knn,437,0.0,0.6786919290545582
3,1,knn,236,5.307970623576175,0.9459709143568554
3,1,knn,15,0.0,1.323548162907847
3,1,knn,363,1.3686394258811698,0.9965867452349677
3,1,knn,366,1.0116009116784799,0.7715264125512171
3,1,knn,389,0.0,1.0733350152770393
3,1,knn,204,2.7073833121145063,1.1238570263815373
3,1,knn,439,0.28517894223366247,1.0990999811636855
3,1,knn,61,0.0,1.2681472851051454
3,1,knn,136,0.0,0.8636202070064865
3,1,knn,121,0.0,0.9996681931624182
3,1,knn,425,0.0,1.124549229690396
3,1,knn,64,0.0,1.0002246196541067
3,1,knn,252,0.1906203596086497,1.0916450088797154
3,1,knn,114,0.0,1.206995129889527
3,1,knn,128,0.0,0.9951446925787044
3,1,knn,348,0.0,0.7890481111426197
3,1,knn,203,2.6878474937846906,0.8670153160926004
3,1,knn,303,0.0,1.008444447575796
3,1,knn,29,0.0,0.8180133485366186
3,1,knn,351,2.1174596088673567,0.9854230980221781
3,1,knn,418,1.235471471385307,1.2148134429974378
3,1,knn,42,0.0,1.345614975229742
3,1,knn,115,0.0,0.7885638972699539
3,1,knn,481,0.0,0.909947120955824
3,1,knn,2,0.0,0.6256806201459283
3,1,knn,245,0.5653138090500605,1.5949913880424258
3,1,knn,17,0.0,0.7372406756289268
3,1,knn,305,0.0,1.1181853889502902
3,1,knn,398,0.0,1.1169095367328123
3,1,knn,375,3.6975913947159578,0.5731526647029194
3,1,knn,433,2.7936160894318567,1.0149469354560325
3,1,knn,156,0.9593502213346021,1.4327360397181494
3,1,knn,251,0.2151113796169455,1.2374427374048755
3,1,knn,6,0.0,1.0625607177897893
3,1,knn,161,1.0647107369924282,1.0832540174797263
3,1,knn,268,0.0,1.0963372863711904
3,1,knn,443,0.0,0.9204435892045273
3,1,knn,419,1.3987168811184478,1.6364201860686969
3,1,knn,307,1.8213182714695995,0.880636586748593
3,1,knn,506,0.0,0.6703490409759795
3,1,knn,447,0.0,1.4265304743336535
3,1,knn,329,1.4655675420143985,0.8025107966669304
3,1,knn,507,0.0,1.48151575726074
3,1,knn,364,1.8946168546677629,0.7869603571133043
3,1,knn,89,0.0,0.7928177267629468
3,1,knn,472,1.0784095813505903,1.0978185926961561
3,1,knn,149,0.7514160886839212,1.3342073195135833
3,1,knn,126,0.0,1.2806532643314312
3,1,knn,176,1.724550719534605,1.3842893637242697
3,1,knn,229,4.280824129164719,1.3217808980726165
3,1,knn,353,1.000631880307906,0.6734846006329119
3,1,knn,382,1.925707441737794,1.339317917248346
3,1,knn,347,0.0,0.8499240456378186
3,1,knn,338,2.1377104498038118,0.6517712154132181
3,1,knn,369,0.0,0.7309917166454633
3,1,knn,327,0.0,0.5944931112911691
3,1,knn,505,1.916922612182061,0.8937599174247182
3,1,knn,28,0.0,0.9101240585575635
3,1,knn,13,0.0,0.6907544498536038
3,1,knn,311,2.727199019940971,0.6123862910694868
3,1,knn,461,0.0,0.9527563689823865
3,1,knn,183,2.057962510002712,0.6251296836526344
3,1,knn,331,2.8118094353930627,0.9291836606120354
3,1,knn,371,0.0,0.8049849540591789
3,1,knn,99,0.0,0.9021355970823447
3,1,knn,87,0.0,0.8200967882626862
3,1,knn,362,0.41871033485818504,0.8185568955329763
3,1,knn,469,4.129228964075603,1.3360351553202388
3,1,knn,403,0.0,1.1478176602045647
3,1,knn,228,4.175924549214524,1.5850313802783154
3,1,knn,206,2.800325477211381,1.1252910416297934
3,1,knn,256,2.199444334074532,0.6802946121071529
3,1,knn,281,3.2492110246642736,1.4314970954792692
3,1,knn,379,0.0,0.8960029590933517
3,1,knn,328,0.0,0.6460154821704202
3,1,knn,262,1.6582280766035324,0.9625192835398045
3,1,knn,270,0.41871033485818504,0.9198006605823482
3,1,knn,396,1.534714366238164,0.7005947632578812
3,1,knn,211,3.295836866004329,1.0159609824891402
3,1,knn,132,0.0,0.9722098079712276
3,1,knn,388,3.392492941032009,1.392757053094023
3,1,knn,88,0.0,0.922376166690519
3,1,knn,368,2.613006652415316,0.9529178212412059
3,1,knn,62,0.0,0.8124255422016449
3,1,knn,426,0.0,0.5862781752702876
3,1,knn,177,1.7387102481382397,1.1474218905361786
3,1,knn,480,1.3217558399823195,1.322198800127413
3,1,knn,210,3.2280337626529665,0.5486772044537764
3,1,knn,479,5.633109621361155,0.9206003962175052
3,1,knn,71,0.0,1.1338256799753028
3,1,knn,308,0.0,1.2399072972991219
3,1,knn,120,0.0,0.7767361383397412
3,1,knn,509,1.1537315878891892,0.5939229575598628
3,1,knn,405,0.0,1.388123355021349
3,1,knn,253,0.9242589015233319,0.7497494425687745
3,1,knn,264,2.020222182019865,1.0194087611280949
3,1,knn,151,0.8586616190375188,1.0913650402605706
3,1,knn,451,2.3711778844596574,1.1432367545955557
3,1,knn,73,0.0,0.7540299977709206
3,1,edited,157,0.9669838461896731,0.41296635262551085
3,1,edited,207,2.9014215940827497,0.6841425645987157
3,1,edited,148,0.7275486072772779,0.8322869097279414
3,1,edited,57,0.0,0.4412527157893464
3,1,edited,39,0.0,0.9807622620436031
3,1,edited,340,1.5953389880545987,1.1882965681137059
3,1,edited,66,0.0,0.6920488913296279
3,1,edited,220,3.4986265269937014,0.6913999124700418
3,1,edited,342,0.0,0.6860862151171991
3,1,edited,168,1.2612978709452054,1.292535370250438
3,1,edited,429,1.4350845252893227,0.8082390081185084
3,1,edited,160,1.0116009116784799,1.038668545559777
3,1,edited,16,0.0,1.1896137192634102
3,1,edited,135,0.0,0.8589582890732939
3,1,edited,77,0.0,0.8213690091299543
3,1,edited,332,2.503073953743449,0.8354858837120039
3,1,edited,95,0.0,0.7644987121814754
3,1,edited,255,0.0,0.9279374663826062
3,1,edited,503,1.0818051703517284,1.2908609720384803
3,1,edited,386,3.2422016501716975,0.7055411473757074
3,1,edited,223,3.6381123370602833,0.707359601668128
3,1,edited,33,0.0,0.5168533490447349
3,1,edited,219,3.492256112609122,0.9741841608880689
3,1,edited,197,2.4898941912990393,0.9358557855012447
3,1,edited,216,3.4170707308184456,0.683358310007334
3,1,edited,297,0.0,0.8560713465402545
3,1,edited,182,1.998773638612381,1.1041874313574993
3,1,edited,298,0.0,0.6156113860075016
3,1,edited,213,3.3446270301737613,1.252257698037248
3,1,edited,399,0.0,0.4942311946392348
3,1,edited,261,1.4586150226995167,0.666875775917456
3,1,edited,273,2.300583090323373,1.5111156145077005
3,1,edited,344,1.9600947840472698,0.4186561936150905
3,1,edited,19,0.0,1.292190482799
3,1,edited,199,2.511223958105374,0.5592273506561375
3,1,edited,243,0.0,0.6473230495408892
3,1,edited,123,0.0,0.8038040780800447
3,1,edited,383,3.7812307151781224,0.7716157119021978
3,1,edited,110,0.0,1.2519500134422161
3,1,edited,471,3.675794214565281,1.016938596638566
3,1,edited,292,1.2919836816486494,1.0231392956528322
3,1,edited,240,0.0,0.9808604319243083
3,1,edited,46,0.0,0.552601280827964
3,1,edited,501,0.0,0.5936557958841485
3,1,edited,431,1.9960599327407849,0.5062502215908207
3,1,edited,250,0.5187937934151676,0.6193100284564368
3,1,edited,309,0.0,1.2440781723494636
3,1,edited,391,3.4397768636296306,0.765305119875242
3,1,edited,512,2.0068708488450007,0.6395140984856428
3,1,edited,381,2.8524391037275145,0.5468505536402565
3,1,edited,285,0.0,0.963828257047686
3,1,edited,225,3.902982260775997,0.44547214130246277
3,1,edited,124,0.0,0.8446079801679895
3,1,edited,108,0.0,0.7850001560432895
3,1,edited,233,4.669646205172456,0.5563390078163398
3,1,edited,10,0.0,0.4241138928987187
3,1,edited,238,6.995619625423205,0.5402654903151595
3,1,edited,289,0.0,0.6795355359845254
3,1,edited,265,0.5822156198526637,0.6199484673315685
3,1,edited,52,0.0,0.4323804415628299
3,1,edited,397,1.5325568680981427,0.785754536443312
3,1,edited,513,4.012592060349841,0.6141440863015459
3,1,edited,258,0.0,1.077247957781669
3,1,edited,373,0.0,0.883030204781339
3,1,edited,463,1.8547342683894434,1.221582207735071
3,1,edited,179,1.8293763327993617,0.3985966239224822
3,1,edited,195,2.3997118037247684,1.1727992706170751
3,1,edited,357,0.0,0.6888402267322442
3,1,edited,40,0.0,0.45894934856353586
3,1,edited,241,0.0,0.8325673516561383
3,1,edited,390,2.3942522815198695,1.2216789799491983
3,1,edited,428,0.0,0.8601770250143369
3,1,edited,361,1.597365331199831,0.6071495417637038
3,1,edited,302,0.0,1.2186340351843774
3,1,edited,350,1.5496879080283263,0.6828090345340112
3,1,edited,384,2.578700529074361,0.8825440465608829
3,1,edited,22,0.0,0.9242700601933106
3,1,edited,365,3.0459499897146083,0.6767817020476629
3,1,edited,85,0.0,0.9035366716556197
3,1,edited,172,1.3190856114264407,0.32713948305836593
3,1,edited,93,0.0,0.5848335222313602
3,1,edited,290,0.0,0.8944613659901649
3,1,edited,499,2.469793011977952,0.6288451721101733
3,1,edited,385,2.833213344056216,1.164191477776041
3,1,edited,456,0.0,0.9253607080748077
3,1,edited,133,0.0,0.7074575048927372
3,1,edited,287,0.0,0.6012919102218484
3,1,edited,445,0.0,0.8132286589724858
3,1,edited,322,0.6981347220709843,0.5223480023724866
3,1,edited,38,0.0,0.46214364977606637
3,1,edited,277,2.462149662665384,1.8412718256293858
3,1,edited,117,0.0,1.0103397425812397
3,1,edited,55,0.0,1.1938424213351997
3,1,edited,474,2.405141681319138,1.1739011940383395
3,1,edited,107,0.0,0.9606040415721666
3,1,edited,18,0.0,0.9742397358649536
3,1,edited,25,0.0,0.5514894713136339
3,1,edited,0,0.0,1.8933117569166742
3,1,edited,96,0.0,1.0034804690537
3,1,edited,137,0.0,0.6612665217790381
3,1,edited,378,0.0,1.6976923134159567
3,1,edited,234,5.049086480470509,0.6255230090433482
3,1,edited,494,2.2607208888953467,0.7722636173315524
3,1,edited,440,0.0,0.7435548504574283
3,1,edited,155,0.9400072584914712,0.6301458005217747
3,1,edited,420,5.229824370102736,0.7228327173943467
3,1,edited,314,0.9477893989335261,0.8177729049979414
3,1,edited,421,0.0,1.3434744282252844
3,1,edited,56,0.0,0.45767079646609876
3,1,edited,493,3.7914360424390283,1.2615142408678894
3,1,edited,101,0.0,0.5528042323782631
3,1,edited,296,0.6418538861723947,0.7208358147390042
3,1,edited,118,0.0,1.1370531259332721
3,1,edited,417,0.0,1.2540589501123642
3,1,edited,165,1.144222799920162,1.221522965402677
3,1,edited,377,5.168379509433644,0.7492014165347763
3,1,edited,202,2.642622395779755,0.8370146729771217
3,1,edited,321,2.105352923464337,0.9965557778744306
3,1,edited,491,0.0,1.039838080653986
3,1,edited,173,1.4036429994545037,0.8751466953486702
3,1,edited,178,1.7715567619105355,1.1241842494798358
3,1,edited,232,4.648133885420207,0.8241810607262997
3,1,edited,310,0.0,0.4472708501274947
3,1,edited,442,1.4701758451005926,1.2004014491144712
3,1,edited,394,0.0,0.8370994969315024
3,1,edited,317,1.5644405465033644,0.1732818236067613
3,1,edited,409,0.0,0.8259814141836384
3,1,edited,112,0.0,0.9869714548934624
3,1,edited,468,2.0294631718735947,0.9743318723762193
3,1,edited,54,0.0,0.43246838616161326
3,1,edited,103,0.0,0.829853819977334
3,1,edited,508,0.0,0.5897057238821751
3,1,edited,400,2.214846178686039,0.4942311946392348
3,1,edited,59,0.0,1.0162004799973803
3,1,edited,413,0.0,0.846848035090252
3,1,edited,457,4.427836170705175,0.9667814543777918
3,1,edited,511,0.0,0.4950978635613912
3,1,edited,141,0.4382549309311553,0.7316666335129044
3,1,edited,198,2.50470927708418,0.6731287673025508
3,1,edited,497,2.7523860149222616,1.404666491178292
3,1,edited,226,3.9193957597575593,0.5620189694090593
3,1,edited,462,1.5496879080283263,0.5955821865820586
3,1,edited,193,2.3427668826268775,0.8418343047717143
3,1,edited,104,0.0,0.975355857063648
3,1,edited,467,1.8794650496471605,1.1729756608787298
3,1,edited,510,0.3576744442718159,0.3133007674020994
3,1,edited,393,0.0,1.50077358555809
3,1,edited,11,0.0,0.4035751332112793
3,1,edited,291,2.1972245773362196,0.7130310511241458
3,1,edited,355,2.643333886382519,0.42717165539805557
3,1,edited,3,0.0,0.843003314080067
3,1,edited,97,0.0,0.9039517953404741
3,1,edited,315,0.0,1.2156131728995676
3,1,edited,387,0.0,1.3129930679209187
3,1,edited,158,0.9707789171582246,1.005672887934289
3,1,edited,153,0.9001613499442714,0.700746706651127
3,1,edited,164,1.1019400787607843,0.6964262914802563
3,1,edited,466,1.430311246536665,1.574062479552019
3,1,edited,68,0.0,0.5711045386719837
3,1,edited,437,0.0,0.35348064325596007
3,1,edited,236,5.307970623576175,0.6189444205829673
3,1,edited,15,0.0,0.5886744127762927
3,1,edited,363,1.3686394258811698,0.7185379414071134
3,1,edited,366,1.0116009116784799,0.42688485623645456
3,1,edited,389,0.0,0.871185707509646
3,1,edited,204,2.7073833121145063,1.203401330373153
3,1,edited,439,0.28517894223366247,0.8985175744218218
3,1,edited,61,0.0,1.5437528275866756
3,1,edited,136,0.0,0.9429006640093409
3,1,edited,121,0.0,0.7543996897626272
3,1,edited,425,0.0,0.5814014396054852
3,1,edited,64,0.0,0.4336824811426792
3,1,edited,252,0.1906203596086497,0.7778600775407607
3,1,edited,114,0.0,1.4959501240308715
3,1,edited,128,0.0,0.8205944841105214
3,1,edited,348,0.0,0.62489316380278
3,1,edited,203,2.6878474937846906,0.7600025464845506
3,1,edited,303,0.0,1.2186340351843774
3,1,edited,29,0.0,0.7405370927263566
3,1,edited,351,2.1174596088673567,0.41789188135371247
3,1,edited,418,1.235471471385307,0.613532237915315
3,1,edited,42,0.0,0.7856194709947386
3,1,edited,115,0.0,1.5519415470400388
3,1,edited,481,0.0,0.9983338395954805
3,1,edited,2,0.0,0.6063939677906278
3,1,edited,245,0.5653138090500605,0.9653063509631733
3,1,edited,17,0.0,0.5988331219240869
3,1,edited,305,0.0,1.2563518884107105
3,1,edited,398,0.0,0.5708682141574859
3,1,edited,375,3.6975913947159578,0.44866913496646665
3,1,edited,433,2.7936160894318567,0.5579832533241883
3,1,edited,156,0.9593502213346021,1.6264599982289665
3,1,edited,251,0.2151113796169455,0.5589534677967852
3,1,edited,6,0.0,0.4267535684608838
3,1,edited,161,1.0647107369924282,0.8555818101131579
3,1,edited,268,0.0,1.0099549528905958
3,1,edited,443,0.0,0.656715189306127
3,1,edited,419,1.3987168811184478,1.2490447581862671
3,1,edited,307,1.8213182714695995,0.8480235391963306
3,1,edited,506,0.0,0.23403509170265854
3,1,edited,447,0.0,1.8515072865006483
3,1,edited,329,1.4655675420143985,0.3066820961835666
3,1,edited,507,0.0,1.2794199189923658
3,1,edited,364,1.8946168546677629,0.5997109667299418
3,1,edited,89,0.0,0.9894787780894875
3,1,edited,472,1.0784095813505903,0.7248138837431739
3,1,edited,149,0.7514160886839212,0.4250419412007315
3,1,edited,126,0.0,1.199961662137195
3,1,edited,176,1.724550719534605,1.2214848988392175
3,1,edited,229,4.280824129164719,0.6625832935039168
3,1,edited,353,1.000631880307906,0.6413596159571919
3,1,edited,382,1.925707441737794,0.6037275759325075
3,1,edited,347,0.0,0.6828090345340112
3,1,edited,338,2.1377104498038118,0.44445846870802147
3,1,edited,369,0.0,0.5326691441595622
3,1,edited,327,0.0,0.5997974056328081
3,1,edited,505,1.916922612182061,0.8627583223165232
3,1,edited,28,0.0,0.9079579712576212
3,1,edited,13,0.0,0.6253843411736614
3,1,edited,311,2.727199019940971,0.582024793131922
3,1,edited,461,0.0,0.6288456983919621
3,1,edited,183,2.057962510002712,0.38842423245619895
3,1,edited,331,2.8118094353930627,0.46792531301631834
3,1,edited,371,0.0,0.6969142394342616
3,1,edited,99,0.0,0.3482553662758217
3,1,edited,87,0.0,0.5724216941085756
3,1,edited,362,0.41871033485818504,0.5815228067135877
3,1,edited,469,4.129228964075603,1.6827742203871834
3,1,edited,403,0.0,0.6687540936063016
3,1,edited,228,4.175924549214524,1.219315684586241
3,1,edited,206,2.800325477211381,1.0002934979441176
3,1,edited,256,2.199444334074532,0.541906685619119
3,1,edited,281,3.2492110246642736,1.9416028218175483
3,1,edited,379,0.0,0.5706556031498653
3,1,edited,328,0.0,0.5998138884494786
3,1,edited,262,1.6582280766035324,0.9841511730334508
3,1,edited,270,0.41871033485818504,0.5614461442856687
3,1,edited,396,1.534714366238164,0.5063586859670225
3,1,edited,211,3.295836866004329,0.6639216424573271
3,1,edited,132,0.0,1.4158050672133529
3,1,edited,388,3.392492941032009,0.8523144391843255
3,1,edited,88,0.0,0.4509567759923691
3,1,edited,368,2.613006652415316,0.5146271122486268
3,1,edited,62,0.0,0.3936821760124061
3,1,edited,426,0.0,0.6882306697788166
3,1,edited,177,1.7387102481382397,1.1610136635032269
3,1,edited,480,1.3217558399823195,0.5337821775245496
3,1,edited,210,3.2280337626529665,0.43639147326131433
3,1,edited,479,5.633109621361155,0.5157361043910081
3,1,edited,71,0.0,0.5759398651906265
3,1,edited,308,0.0,1.0220905439292483
3,1,edited,120,0.0,0.7698479255877033
3,1,edited,509,1.1537315878891892,0.3275784205309999
3,1,edited,405,0.0,1.1715109498597478
3,1,edited,253,0.9242589015233319,0.7007040097424885
3,1,edited,264,2.020222182019865,0.9185034293091674
3,1,edited,151,0.8586616190375188,0.470538857143586
3,1,edited,451,2.3711778844596574,0.8532244852892222
3,1,edited,73,0.0,0.6106246707505292
3,1,condensed,157,0.9669838461896731,0.7823273836830547
3,1,condensed,207,2.9014215940827497,1.0206342213160946
3,1,condensed,148,0.7275486072772779,1.5070320813060845
3,1,condensed,57,0.0,0.5555634421956499
3,1,condensed,39,0.0,1.2254186562176164
3,1,condensed,340,1.5953389880545987,1.3782794018289042
3,1,condensed,66,0.0,0.8663414144741101
3,1,condensed,220,3.4986265269937014,1.1239225424907142
3,1,condensed,342,0.0,0.9625229558354842
3,1,condensed,168,1.2612978709452054,1.2762857076478407
3,1,condensed,429,1.4350845252893227,1.2307166237489793
3,1,condensed,160,1.0116009116784799,1.1606578004107966
3,1,condensed,16,0.0,1.0639872162299453
3,1,condensed,135,0.0,1.3902749473563425
3,1,condensed,77,0.0,1.2559422714344983
3,1,condensed,332,2.503073953743449,0.9520964809794369
3,1,condensed,95,0.0,0.7818913324933492
3,1,condensed,255,0.0,0.8897179939248236
3,1,condensed,503,1.0818051703517284,1.4402519377144354
3,1,condensed,386,3.2422016501716975,1.0168467140641646
3,1,condensed,223,3.6381123370602833,1.1965881759388908
3,1,condensed,33,0.0,0.7141481723241223
3,1,condensed,219,3.492256112609122,0.955766050805554
3,1,condensed,197,2.4898941912990393,1.0309995163539878
3,1,condensed,216,3.4170707308184456,0.9658669174247025
3,1,condensed,297,0.0,1.33945757648848
3,1,condensed,182,1.998773638612381,1.2826453363917028
3,1,condensed,298,0.0,1.6932396869951063
3,1,condensed,213,3.3446270301737613,1.3677677736487803
3,1,condensed,399,0.0,1.4728976575264743
3,1,condensed,261,1.4586150226995167,1.2221583070725004
3,1,condensed,273,2.300583090323373,1.5850622500621787
3,1,condensed,344,1.9600947840472698,0.872528265518757
3,1,condensed,19,0.0,1.6035977186015884
3,1,condensed,199,2.511223958105374,0.8312283035192396
3,1,condensed,243,0.0,1.58685507598206
3,1,condensed,123,0.0,1.0750656620857764
3,1,condensed,383,3.7812307151781224,0.9173776468927611
3,1,condensed,110,0.0,1.2789358738081205
3,1,condensed,471,3.675794214565281,0.9350045025530895
3,1,condensed,292,1.2919836816486494,1.1611402950140934
3,1,condensed,240,0.0,1.3876969695399406
3,1,condensed,46,0.0,0.7784419077043087
3,1,condensed,501,0.0,1.3935016923468655
3,1,condensed,431,1.9960599327407849,1.0626636147713302
3,1,condensed,250,0.5187937934151676,1.5016941610370989
3,1,condensed,309,0.0,1.4343092256737786
3,1,condensed,391,3.4397768636296306,1.1939514308062238
3,1,condensed,512,2.0068708488450007,0.830021060051723
3,1,condensed,381,2.8524391037275145,0.8755069868307733
3,1,condensed,285,0.0,1.4160932700336921
3,1,condensed,225,3.902982260775997,0.8758987151567146
3,1,condensed,124,0.0,1.538902741729669
3,1,condensed,108,0.0,0.8803690833636266
3,1,condensed,233,4.669646205172456,0.942516159189591
3,1,condensed,10,0.0,1.3599266736652234
3,1,condensed,238,6.995619625423205,1.01721577037176
3,1,condensed,289,0.0,0.7232385083868376
3,1,condensed,265,0.5822156198526637,1.355800492822076
3,1,condensed,52,0.0,0.8229718592174353
3,1,condensed,397,1.5325568680981427,1.40331993305939
3,1,condensed,513,4.012592060349841,1.0358016929399414
3,1,condensed,258,0.0,1.2890326706403183
3,1,condensed,373,0.0,1.2422309106742666
3,1,condensed,463,1.8547342683894434,1.5628009597842196
3,1,condensed,179,1.8293763327993617,1.077305767415631
3,1,condensed,195,2.3997118037247684,1.4271344393398377
3,1,condensed,357,0.0,1.1032323952084933
3,1,condensed,40,0.0,0.6753290747769067
3,1,condensed,241,0.0,1.057906420445175
3,1,condensed,390,2.3942522815198695,1.5628667617484593
3,1,condensed,428,0.0,1.446635066350815
3,1,condensed,361,1.597365331199831,0.8609884527960046
3,1,condensed,302,0.0,0.9759552366344838
3,1,condensed,350,1.5496879080283263,1.0499041230725072
3,1,condensed,384,2.578700529074361,1.0172134185380513
3,1,condensed,22,0.0,1.5652260736459649
3,1,condensed,365,3.0459499897146083,1.0599862705377288
3,1,condensed,85,0.0,1.083406795870379
3,1,condensed,172,1.3190856114264407,1.2175029822335994
3,1,condensed,93,0.0,1.4712329614304935
3,1,condensed,290,0.0,1.1794450390638358
3,1,condensed,499,2.469793011977952,1.7674046504364738
3,1,condensed,385,2.833213344056216,1.33446836598742
3,1,condensed,456,0.0,1.2823342374844537
3,1,condensed,133,0.0,1.5138228242997205
3,1,condensed,287,0.0,0.9508225006764863
3,1,condensed,445,0.0,1.2581130939119505
3,1,condensed,322,0.6981347220709843,1.0003953831172447
3,1,condensed,38,0.0,0.6658339639015297
3,1,condensed,277,2.462149662665384,1.541218560807192
3,1,condensed,117,0.0,0.930826909067248
3,1,condensed,55,0.0,0.9801230207230177
3,1,condensed,474,2.405141681319138,1.171590532209897
3,1,condensed,107,0.0,0.926305598859929
3,1,condensed,18,0.0,1.1233363802701453
3,1,condensed,25,0.0,1.2497754680122524
3,1,condensed,0,0.0,1.5457037223786658
3,1,condensed,96,0.0,1.4035589675755198
3,1,condensed,137,0.0,0.835623648334059
3,1,condensed,378,0.0,1.5725319026717783
3,1,condensed,234,5.049086480470509,0.9058295675924184
3,1,condensed,494,2.2607208888953467,1.4881870633826952
3,1,condensed,440,0.0,1.2022328629364014
3,1,condensed,155,0.9400072584914712,1.1303972908143989
3,1,condensed,420,5.229824370102736,1.9109450713453717
3,1,condensed,314,0.9477893989335261,1.2321027955301853
3,1,condensed,421,0.0,1.7333779888875802
3,1,condensed,56,0.0,1.00993810030236
3,1,condensed,493,3.7914360424390283,1.498094346706293
3,1,condensed,101,0.0,1.1826948911151391
3,1,condensed,296,0.6418538861723947,1.3204331230960593
3,1,condensed,118,0.0,1.0346019262646873
3,1,condensed,417,0.0,1.3811363106198853
3,1,condensed,165,1.144222799920162,1.5628787255587109
3,1,condensed,377,5.168379509433644,1.3784211251204177
3,1,condensed,202,2.642622395779755,1.5175632526889353
3,1,condensed,321,2.105352923464337,1.148505562439695
3,1,condensed,491,0.0,1.6397690009615107
3,1,condensed,173,1.4036429994545037,1.1601760121263525
3,1,condensed,178,1.7715567619105355,1.3782798874122664
3,1,condensed,232,4.648133885420207,1.180272338249955
3,1,condensed,310,0.0,1.0109920979956448
3,1,condensed,442,1.4701758451005926,1.4483493956563276
3,1,condensed,394,0.0,1.5176568750406467
3,1,condensed,317,1.5644405465033644,0.971354764928443
3,1,condensed,409,0.0,1.311937528634646
3,1,condensed,112,0.0,1.1400702761390211
3,1,condensed,468,2.0294631718735947,0.9557998706517351
3,1,condensed,54,0.0,0.916882633613994
3,1,condensed,103,0.0,1.5609335925216492
3,1,condensed,508,0.0,1.3602291349298439
3,1,condensed,400,2.214846178686039,1.4728976575264743
3,1,condensed,59,0.0,1.1029999221813167
3,1,condensed,413,0.0,1.1631147940998483
3,1,condensed,457,4.427836170705175,1.1280512633207735
3,1,condensed,511,0.0,0.3854683533307064
3,1,condensed,141,0.4382549309311553,0.8736185606209157
3,1,condensed,198,2.50470927708418,0.9572562916315288
3,1,condensed,497,2.7523860149222616,1.9550791546454334
3,1,condensed,226,3.9193957597575593,1.2656122192805916
3,1,condensed,462,1.5496879080283263,1.5401656931136494
3,1,condensed,193,2.3427668826268775,1.580270226471818
3,1,condensed,104,0.0,1.5431005957774426
3,1,condensed,467,1.8794650496471605,1.0993710627956461
3,1,condensed,510,0.3576744442718159,0.8226673456107639
3,1,condensed,393,0.0,1.0866945178058676
3,1,condensed,11,0.0,1.2951177455253653
3,1,condensed,291,2.1972245773362196,1.0435706702448133
3,1,condensed,355,2.643333886382519,1.036526696704493
3,1,condensed,3,0.0,1.3514762459230076
3,1,condensed,97,0.0,1.5508416181064257
3,1,condensed,315,0.0,1.546967369719244
3,1,condensed,387,0.0,1.3339475882794927
3,1,condensed,158,0.9707789171582246,1.1033913922968124
3,1,condensed,153,0.9001613499442714,1.466656489917588
3,1,condensed,164,1.1019400787607843,0.9354444290134686
3,1,condensed,466,1.430311246536665,1.4355539449652381
3,1,condensed,68,0.0,0.9350436391956436
3,1,condensed,437,0.0,0.8828805588605065
3,1,condensed,236,5.307970623576175,1.147520691435166
3,1,condensed,15,0.0,1.634857748870334
3,1,condensed,363,1.3686394258811698,1.2311248822937868
3,1,condensed,366,1.0116009116784799,0.8985332151685774
3,1,condensed,389,0.0,1.1578381905701047
3,1,condensed,204,2.7073833121145063,1.3736068708706837
3,1,condensed,439,0.28517894223366247,1.2385915792615003
3,1,condensed,61,0.0,1.367135683638432
3,1,condensed,136,0.0,0.944179453355318
3,1,condensed,121,0.0,1.112317153877657
3,1,condensed,425,0.0,1.3338849767456262
3,1,condensed,64,0.0,1.2356141019382196
3,1,condensed,252,0.1906203596086497,1.1369753734735537
3,1,condensed,114,0.0,1.3352472447048727
3,1,condensed,128,0.0,1.2553901012675381
3,1,condensed,348,0.0,0.8826235895074183
3,1,condensed,203,2.6878474937846906,1.038781784953019
3,1,condensed,303,0.0,0.9759552366344838
3,1,condensed,29,0.0,1.0104625868287207
3,1,condensed,351,2.1174596088673567,1.1167697679669686
3,1,condensed,418,1.235471471385307,1.395750176376048
3,1,condensed,42,0.0,1.4791481417633097
3,1,condensed,115,0.0,0.9894161426219881
3,1,condensed,481,0.0,1.118951145432286
3,1,condensed,2,0.0,0.847815740686755
3,1,condensed,245,0.5653138090500605,1.3326097836701816
3,1,condensed,17,0.0,0.8338530583308276
3,1,condensed,305,0.0,1.2064133569821407
3,1,condensed,398,0.0,1.3586241441788864
3,1,condensed,375,3.6975913947159578,0.9420611639368487
3,1,condensed,433,2.7936160894318567,1.2537239067229162
3,1,condensed,156,0.9593502213346021,1.592121779887142
3,1,condensed,251,0.2151113796169455,1.2094841173604045
3,1,condensed,6,0.0,1.1161047979265402
3,1,condensed,161,1.0647107369924282,1.1259296524167803
3,1,condensed,268,0.0,1.3492367372965886
3,1,condensed,443,0.0,1.137031062485642
3,1,condensed,419,1.3987168811184478,1.6859822202672379
3,1,condensed,307,1.8213182714695995,1.0878304412601338
3,1,condensed,506,0.0,0.9698079154360437
3,1,condensed,447,0.0,1.5629856821499715
3,1,condensed,329,1.4655675420143985,0.9594036785388195
3,1,condensed,507,0.0,1.5125753960642023
3,1,condensed,364,1.8946168546677629,0.9948432980376996
3,1,condensed,89,0.0,1.0847632425047997
3,1,condensed,472,1.0784095813505903,1.3561345458762477
3,1,condensed,149,0.7514160886839212,1.6480604243115413
3,1,condensed,126,0.0,1.5139254963622393
3,1,condensed,176,1.724550719534605,1.5629290414588233
3,1,condensed,229,4.280824129164719,1.4814618122140748
3,1,condensed,353,1.000631880307906,0.8319620880793761
3,1,condensed,382,1.925707441737794,1.316927951903005
3,1,condensed,347,0.0,1.0499041230725072
3,1,condensed,338,2.1377104498038118,0.6538552556894184
3,1,condensed,369,0.0,0.9029533889387115
3,1,condensed,327,0.0,0.9721724268681059
3,1,condensed,505,1.916922612182061,1.1040152701348918
3,1,condensed,28,0.0,1.0226118447002965
3,1,condensed,13,0.0,0.8533395004011122
3,1,condensed,311,2.727199019940971,0.7564380364405462
3,1,condensed,461,0.0,1.102424058046814
3,1,condensed,183,2.057962510002712,0.772218140604882
3,1,condensed,331,2.8118094353930627,1.1477753917129156
3,1,condensed,371,0.0,1.0145561349904557
3,1,condensed,99,0.0,1.1144222674506366
3,1,condensed,87,0.0,1.013042815846133
3,1,condensed,362,0.41871033485818504,1.011131399188531
3,1,condensed,469,4.129228964075603,1.6516538800462117
3,1,condensed,403,0.0,1.26654235317167
3,1,condensed,228,4.175924549214524,1.7133856607949816
3,1,condensed,206,2.800325477211381,1.256333154286238
3,1,condensed,256,2.199444334074532,0.6957461318619163
3,1,condensed,281,3.2492110246642736,1.6297843468132
3,1,condensed,379,0.0,1.2952338359265032
3,1,condensed,328,0.0,0.798033559294179
3,1,condensed,262,1.6582280766035324,1.0664082767927519
3,1,condensed,270,0.41871033485818504,1.136241006657902
3,1,condensed,396,1.534714366238164,0.8654420495514789
3,1,condensed,211,3.295836866004329,1.254947212284246
3,1,condensed,132,0.0,1.4338006747998335
3,1,condensed,388,3.392492941032009,0.8548189043033488
3,1,condensed,88,0.0,1.0683187783365797
3,1,condensed,368,2.613006652415316,1.1771397902739928
3,1,condensed,62,0.0,1.003627614595768
3,1,condensed,426,0.0,0.6496733377077194
3,1,condensed,177,1.7387102481382397,1.2947327029867648
3,1,condensed,480,1.3217558399823195,1.558740041871182
3,1,condensed,210,3.2280337626529665,0.6777982890092042
3,1,condensed,479,5.633109621361155,1.1828591913558706
3,1,condensed,71,0.0,1.342433543407271
3,1,condensed,308,0.0,1.4090434249472072
3,1,condensed,120,0.0,0.836949313469845
3,1,condensed,509,1.1537315878891892,0.8202559659949373
3,1,condensed,405,0.0,1.6016647707435752
3,1,condensed,253,0.9242589015233319,0.9261598401248506
3,1,condensed,264,2.020222182019865,0.9756247777415279
3,1,condensed,151,0.8586616190375188,1.1968573173833679
3,1,condensed,451,2.3711778844596574,1.3450380004641118
3,1,condensed,73,0.0,0.8837292828800819
3,2,null,349,0.9707789171582246,1.1440474880888767
3,2,null,424,1.7850704810772584,1.1440474880888767
3,2,null,294,2.0241930674493576,1.1440474880888767
3,2,null,67,0.0,1.1440474880888767
3,2,null,31,0.0,1.1440474880888767
3,2,null,86,0.0,1.1440474880888767
3,2,null,275,1.8531680973566984,1.1440474880888767
3,2,null,269,1.6863989535702288,1.1440474880888767
3,2,null,1,0.0,1.1440474880888767
3,2,null,438,2.005525858729668,1.1440474880888767
3,2,null,146,0.6678293725756554,1.1440474880888767
3,2,null,215,3.389799336709786,1.1440474880888767
3,2,null,24,0.0,1.1440474880888767
3,2,null,448,0.0,1.1440474880888767
3,2,null,230,4.494126887194767,1.1440474880888767
3,2,null,274,2.5006159434931803,1.1440474880888767
3,2,null,20,0.0,1.1440474880888767
3,2,null,84,0.0,1.1440474880888767
3,2,null,184,2.0744289998562917,1.1440474880888767
3,2,null,180,1.8453002361560848,1.1440474880888767
3,2,null,78,0.0,1.1440474880888767
3,2,null,300,0.0,1.1440474880888767
3,2,null,304,0.0,1.1440474880888767
3,2,null,222,3.6336309798834576,1.1440474880888767
3,2,null,487,2.856470206220483,1.1440474880888767
3,2,null,189,2.2235418856535927,1.1440474880888767
3,2,null,79,0.0,1.1440474880888767
3,2,null,515,0.0,1.1440474880888767
3,2,null,209,3.1949928844048685,1.1440474880888767
3,2,null,152,0.887891257352457,1.1440474880888767
3,2,null,26,0.0,1.1440474880888767
3,2,null,354,1.9416152247724325,1.1440474880888767
3,2,null,163,1.0818051703517284,1.1440474880888767
3,2,null,260,2.2874714551839976,1.1440474880888767
3,2,null,109,0.0,1.1440474880888767
3,2,null,139,0.3576744442718159,1.1440474880888767
3,2,null,427,1.208960345836975,1.1440474880888767
3,2,null,4,0.0,1.1440474880888767
3,2,null,380,2.166765369851511,1.1440474880888767
3,2,null,51,0.0,1.1440474880888767
3,2,null,324,1.6900958154515549,1.1440474880888767
3,2,null,127,0.0,1.1440474880888767
3,2,null,116,0.0,1.1440474880888767
3,2,null,80,0.0,1.1440474880888767
3,2,null,81,0.0,1.1440474880888767
3,2,null,392,4.27332721775054,1.1440474880888767
3,2,null,190,2.231089091288976,1.1440474880888767
3,2,null,58,0.0,1.1440474880888767
3,2,null,280,2.329227023940467,1.1440474880888767
3,2,null,356,0.8153648132841944,1.1440474880888767
3,2,null,492,0.0,1.1440474880888767
3,2,null,82,0.0,1.1440474880888767
3,2,null,282,0.0,1.1440474880888767
3,2,null,412,0.9669838461896731,1.1440474880888767
3,2,null,476,1.0152306797290584,1.1440474880888767
3,2,null,376,0.0,1.1440474880888767
3,2,null,166,1.1908875647772805,1.1440474880888767
3,2,null,113,0.0,1.1440474880888767
3,2,null,465,2.0592388343623163,1.1440474880888767
3,2,null,336,0.0,1.1440474880888767
3,2,null,320,3.5655812377694427,1.1440474880888767
3,2,null,436,0.43178241642553783,1.1440474880888767
3,2,null,48,0.0,1.1440474880888767
3,2,null,138,0.30748469974796055,1.1440474880888767
3,2,null,306,0.34358970439007686,1.1440474880888767
3,2,null,516,0.0,1.1440474880888767
3,2,null,415,6.616439947564594,1.1440474880888767
3,2,null,435,0.0,1.1440474880888767
3,2,null,449,0.0,1.1440474880888767
3,2,null,316,0.0,1.1440474880888767
3,2,null,50,0.0,1.1440474880888767
3,2,null,246,0.08617769624105241,1.1440474880888767
3,2,null,318,0.0,1.1440474880888767
3,2,null,171,1.3056264580524357,1.1440474880888767
3,2,null,167,1.2556160374777743,1.1440474880888767
3,2,null,414,0.0,1.1440474880888767
3,2,null,150,0.7839015438284094,1.1440474880888767
3,2,null,313,0.0,1.1440474880888767
3,2,null,470,0.0,1.1440474880888767
3,2,null,45,0.0,1.1440474880888767
3,2,null,343,1.1568811967920856,1.1440474880888767
3,2,null,140,0.3852624007906449,1.1440474880888767
3,2,null,134,0.0,1.1440474880888767
3,2,null,83,0.0,1.1440474880888767
3,2,null,284,3.228430037673012,1.1440474880888767
3,2,null,401,1.7833912195575383,1.1440474880888767
3,2,null,35,0.0,1.1440474880888767
3,2,null,276,2.93651291389402,1.1440474880888767
3,2,null,432,0.0,1.1440474880888767
3,2,null,122,0.0,1.1440474880888767
3,2,null,125,0.0,1.1440474880888767
3,2,null,293,4.471067201464611,1.1440474880888767
3,2,null,70,0.0,1.1440474880888767
3,2,null,278,3.136797713832594,1.1440474880888767
3,2,null,5,0.0,1.1440474880888767
3,2,null,196,2.4790562361098245,1.1440474880888767
3,2,null,514,2.498151876538021,1.1440474880888767
3,2,null,60,0.0,1.1440474880888767
3,2,null,446,0.0,1.1440474880888767
3,2,null,473,4.267176792994939,1.1440474880888767
3,2,null,498,3.726656818447966,1.1440474880888767
3,2,null,192,2.2731562823032334,1.1440474880888767
3,2,null,319,1.6882490928583902,1.1440474880888767
3,2,null,159,0.9895411936137477,1.1440474880888767
3,2,null,227,4.08260930600368,1.1440474880888767
3,2,null,299,0.0,1.1440474880888767
3,2,null,30,0.0,1.1440474880888767
3,2,null,188,2.128231705849268,1.1440474880888767
3,2,null,323,1.1568811967920856,1.1440474880888767
3,2,null,143,0.5364933705145685,1.1440474880888767
3,2,null,191,2.2700619012884857,1.1440474880888767
3,2,null,434,0.0,1.1440474880888767
3,2,null,450,2.005525858729668,1.1440474880888767
3,2,null,170,1.2725655957915476,1.1440474880888767
3,2,null,464,1.144222799920162,1.1440474880888767
3,2,null,374,2.9601050959108397,1.1440474880888767
3,2,null,452,0.0,1.1440474880888767
3,2,null,339,0.9042181506398858,1.1440474880888767
3,2,null,333,1.1410330045520618,1.1440474880888767
3,2,null,325,0.0,1.1440474880888767
3,2,null,94,0.0,1.1440474880888767
3,2,null,21,0.0,1.1440474880888767
3,2,null,129,0.0,1.1440474880888767
3,2,null,410,0.0,1.1440474880888767
3,2,null,406,1.599387576580599,1.1440474880888767
3,2,null,483,0.0,1.1440474880888767
3,2,null,430,0.0,1.1440474880888767
3,2,null,9,0.0,1.1440474880888767
3,2,null,214,3.389799336709786,1.1440474880888767
3,2,null,454,0.0,1.1440474880888767
3,2,null,12,0.0,1.1440474880888767
3,2,null,169,1.2669476034873244,1.1440474880888767
3,2,null,130,0.0,1.1440474880888767
3,2,null,359,2.21046980408624,1.1440474880888767
3,2,null,482,0.8285518175661483,1.1440474880888767
3,2,null,41,0.0,1.1440474880888767
3,2,null,154,0.9001613499442714,1.1440474880888767
3,2,null,495,0.0,1.1440474880888767
3,2,null,208,3.007166651179654,1.1440474880888767
3,2,null,63,0.0,1.1440474880888767
3,2,null,500,0.0,1.1440474880888767
3,2,null,488,3.8649313978942956,1.1440474880888767
3,2,null,312,0.0,1.1440474880888767
3,2,null,402,0.0,1.1440474880888767
3,2,null,337,4.04375277610604,1.1440474880888767
3,2,null,23,0.0,1.1440474880888767
3,2,null,69,0.0,1.1440474880888767
3,2,null,478,1.1662709371419244,1.1440474880888767
3,2,null,477,2.1234584270966104,1.1440474880888767
3,2,null,221,3.607669398688393,1.1440474880888767
3,2,null,370,2.4898941912990393,1.1440474880888767
3,2,null,181,1.8625285401162623,1.1440474880888767
3,2,null,119,0.0,1.1440474880888767
3,2,null,334,0.0,1.1440474880888767
3,2,null,326,0.0,1.1440474880888767
3,2,null,75,0.0,1.1440474880888767
3,2,null,485,1.1216775615991057,1.1440474880888767
3,2,null,404,1.951608170169951,1.1440474880888767
3,2,null,460,0.0,1.1440474880888767
3,2,null,239,0.0,1.1440474880888767
3,2,null,224,3.6560979645895566,1.1440474880888767
3,2,null,212,3.3006401266708405,1.1440474880888767
3,2,null,105,0.0,1.1440474880888767
3,2,null,489,0.0,1.1440474880888767
3,2,null,7,0.0,1.1440474880888767
3,2,null,504,3.923753928303845,1.1440474880888767
3,2,null,272,1.4085449700547104,1.1440474880888767
3,2,null,341,0.0,1.1440474880888767
3,2,null,235,5.285637313390662,1.1440474880888767
3,2,null,330,2.0255131996542803,1.1440474880888767
3,2,null,444,2.3942522815198695,1.1440474880888767
3,2,null,372,0.0,1.1440474880888767
3,2,null,249,1.244154593958768,1.1440474880888767
3,2,null,131,0.0,1.1440474880888767
3,2,null,201,2.5726122302071057,1.1440474880888767
3,2,null,416,2.081938421878423,1.1440474880888767
3,2,null,200,2.528125768907977,1.1440474880888767
3,2,null,254,2.428336298299606,1.1440474880888767
3,2,null,352,1.1085626195212777,1.1440474880888767
3,2,null,395,3.966132331075178,1.1440474880888767
3,2,null,14,0.0,1.1440474880888767
3,2,null,346,3.3738261848660236,1.1440474880888767
3,2,null,502,0.0,1.1440474880888767
3,2,null,98,0.0,1.1440474880888767
3,2,null,267,0.0,1.1440474880888767
3,2,null,74,0.0,1.1440474880888767
3,2,null,231,4.566221435849517,1.1440474880888767
3,2,null,32,0.0,1.1440474880888767
3,2,null,259,0.8671004876833833,1.1440474880888767
3,2,null,90,0.0,1.1440474880888767
3,2,null,47,0.0,1.1440474880888767
3,2,null,142,0.47623417899637155,1.1440474880888767
3,2,null,174,1.5040773967762742,1.1440474880888767
3,2,null,237,5.365415110080531,1.1440474880888767
3,2,null,72,0.0,1.1440474880888767
3,2,null,283,0.7419373447293773,1.1440474880888767
3,2,null,490,0.0,1.1440474880888767
3,2,null,49,0.0,1.1440474880888767
3,2,null,407,0.0,1.1440474880888767
3,2,null,295,0.0,1.1440474880888767
3,2,null,484,3.311637304949512,1.1440474880888767
3,2,null,91,0.0,1.1440474880888767
3,2,null,205,2.745345985845907,1.1440474880888767
3,2,null,65,0.0,1.1440474880888767
3,2,null,423,0.5423242908253617,1.1440474880888767
3,2,null,486,1.0986122886681098,1.1440474880888767
3,2,null,422,1.9878743481543455,1.1440474880888767
3,2,null,263,0.9400072584914712,1.1440474880888767
3,2,null,186,2.1029138978649784,1.1440474880888767
3,2,null,217,3.4442568711226023,1.1440474880888767
3,2,null,162,1.0784095813505903,1.1440474880888767
3,2,null,367,0.0,1.1440474880888767
3,2,null,453,0.0,1.1440474880888767
3,2,null,496,1.3270750014599193,1.1440474880888767
3,2,null,111,0.0,1.1440474880888767
3,2,null,411,1.7263316639055997,1.1440474880888767
3,2,null,458,1.463255402256019,1.1440474880888767
3,2,null,144,0.5709795465857378,1.1440474880888767
3,2,null,358,0.0,1.1440474880888767
3,2,null,244,1.3532545070416904,1.1440474880888767
3,2,null,175,1.7101878155342434,1.1440474880888767
3,2,null,8,0.0,1.1440474880888767
3,2,null,92,0.0,1.1440474880888767
3,2,null,53,0.0,1.1440474880888767
3,2,null,301,1.5085119938441398,1.1440474880888767
3,2,null,279,2.3767644911682972,1.1440474880888767
3,2,null,247,0.5596157879354227,1.1440474880888767
3,2,null,106,0.0,1.1440474880888767
3,2,null,194,2.3988039507345884,1.1440474880888767
3,2,null,102,0.0,1.1440474880888767
3,2,null,257,0.5187937934151676,1.1440474880888767
3,2,null,288,0.0,1.1440474880888767
3,2,null,248,0.0,1.1440474880888767
3,2,null,44,0.0,1.1440474880888767
3,2,null,360,0.7371640659767196,1.1440474880888767
3,2,null,286,0.0,1.1440474880888767
3,2,null,441,0.8020015854720274,1.1440474880888767
3,2,null,271,2.329227023940467,1.1440474880888767
3,2,null,185,2.0844290831908747,1.1440474880888767
3,2,null,147,0.6729444732424258,1.1440474880888767
3,2,null,266,0.1570037488096647,1.1440474880888767
3,2,null,408,2.174751721484161,1.1440474880888767
3,2,null,459,1.0784095813505903,1.1440474880888767
3,2,null,335,0.0,1.1440474880888767
3,2,null,76,0.0,1.1440474880888767
3,2,null,36,0.0,1.1440474880888767
3,2,null,27,0.0,1.1440474880888767
3,2,null,345,1.9213246735826988,1.1440474880888767
3,2,null,455,0.0,1.1440474880888767
3,2,null,43,0.0,1.1440474880888767
3,2,null,475,1.4327007339340463,1.1440474880888767
3,2,null,34,0.0,1.1440474880888767
3,2,null,218,3.487986511734546,1.1440474880888767
3,2,null,145,0.6418538861723947,1.1440474880888767
3,2,null,242,2.4096441652874536,1.1440474880888767
3,2,null,187,2.1162555148025524,1.1440474880888767
3,2,null,100,0.0,1.1440474880888767
3,2,null,37,0.0,1.1440474880888767
3,2,knn,349,0.9707789171582246,0.9654485995758733
3,2,knn,424,1.7850704810772584,1.7138421808242186
3,2,knn,294,2.0241930674493576,1.7714590188666381
3,2,knn,67,0.0,0.8197769523559477
3,2,knn,31,0.0,1.305399012974615
3,2,knn,86,0.0,0.9969085328007806
3,2,knn,275,1.8531680973566984,0.8619312534336956
3,2,knn,269,1.6863989535702288,1.0459358377150438
3,2,knn,1,0.0,1.4733987667700974
3,2,knn,438,2.005525858729668,1.4114779384220864
3,2,knn,146,0.6678293725756554,0.7544927701068804
3,2,knn,215,3.389799336709786,0.6745380690412457
3,2,knn,24,0.0,1.1075590977458507
3,2,knn,448,0.0,0.8648990989496355
3,2,knn,230,4.494126887194767,1.270866050778099
3,2,knn,274,2.5006159434931803,1.41446953936365
3,2,knn,20,0.0,1.008768147600001
3,2,knn,84,0.0,0.9968983533415916
3,2,knn,184,2.0744289998562917,1.4282977413506186
3,2,knn,180,1.8453002361560848,0.9300292465651171
3,2,knn,78,0.0,0.8877355134657547
3,2,knn,300,0.0,1.4781222331017054
3,2,knn,304,0.0,0.9300783161725892
3,2,knn,222,3.6336309798834576,0.6984768587722461
3,2,knn,487,2.856470206220483,1.3201913358153508
3,2,knn,189,2.2235418856535927,1.1564767943112957
3,2,knn,79,0.0,0.8721858131372586
3,2,knn,515,0.0,1.2895651881348247
3,2,knn,209,3.1949928844048685,0.8948022720710997
3,2,knn,152,0.887891257352457,0.8273870841976769
3,2,knn,26,0.0,1.299596874790683
3,2,knn,354,1.9416152247724325,1.2683528163772282
3,2,knn,163,1.0818051703517284,1.6509823373141352
3,2,knn,260,2.2874714551839976,1.2553186613407963
3,2,knn,109,0.0,0.9804051856554257
3,2,knn,139,0.3576744442718159,1.114203137738283
3,2,knn,427,1.208960345836975,1.5996733921053137
3,2,knn,4,0.0,1.0131458217340341
3,2,knn,380,2.166765369851511,1.1168353587904518
3,2,knn,51,0.0,1.1954550263292592
3,2,knn,324,1.6900958154515549,1.7570602249172087
3,2,knn,127,0.0,1.522833881408817
3,2,knn,116,0.0,0.8494422392266153
3,2,knn,80,0.0,0.8113092623766206
3,2,knn,81,0.0,0.9631755559625352
3,2,knn,392,4.27332721775054,1.316906542627062
3,2,knn,190,2.231089091288976,0.8459209412160134
3,2,knn,58,0.0,0.5917070871614132
3,2,knn,280,2.329227023940467,0.9918374658301371
3,2,knn,356,0.8153648132841944,1.4920421325219584
3,2,knn,492,0.0,0.7528414797719133
3,2,knn,82,0.0,0.8359722456951116
3,2,knn,282,0.0,0.790110249213317
3,2,knn,412,0.9669838461896731,1.676494376290176
3,2,knn,476,1.0152306797290584,0.8710726328764131
3,2,knn,376,0.0,1.3376618966666864
3,2,knn,166,1.1908875647772805,1.4044147514395657
3,2,knn,113,0.0,1.2691827463648544
3,2,knn,465,2.0592388343623163,0.9818603674561954
3,2,knn,336,0.0,1.1767861801100832
3,2,knn,320,3.5655812377694427,1.0740297385088426
3,2,knn,436,0.43178241642553783,1.7089722097018816
3,2,knn,48,0.0,0.8108711993319662
3,2,knn,138,0.30748469974796055,1.621603361223142
3,2,knn,306,0.34358970439007686,1.5912142280563837
3,2,knn,516,0.0,1.0248692518294602
3,2,knn,415,6.616439947564594,1.537539316398079
3,2,knn,435,0.0,0.8260150457366343
3,2,knn,449,0.0,1.4842408857076912
3,2,knn,316,0.0,1.6608537068520133
3,2,knn,50,0.0,1.1279930380642893
3,2,knn,246,0.08617769624105241,1.3647318642352448
3,2,knn,318,0.0,1.7608341272564663
3,2,knn,171,1.3056264580524357,1.8636967342539212
3,2,knn,167,1.2556160374777743,1.120964003715752
3,2,knn,414,0.0,1.242004698752265
3,2,knn,150,0.7839015438284094,1.6696429346852968
3,2,knn,313,0.0,1.8967711519123311
3,2,knn,470,0.0,0.8900663790838986
3,2,knn,45,0.0,1.406062374483986
3,2,knn,343,1.1568811967920856,1.8242615828969189
3,2,knn,140,0.3852624007906449,1.037743368735163
3,2,knn,134,0.0,0.6480103720620635
3,2,knn,83,0.0,1.1918058839139538
3,2,knn,284,3.228430037673012,1.0128326484608914
3,2,knn,401,1.7833912195575383,1.1058680935773615
3,2,knn,35,0.0,1.3756899550702024
3,2,knn,276,2.93651291389402,0.8716703246727926
3,2,knn,432,0.0,1.3087145526566724
3,2,knn,122,0.0,1.1660294954847052
3,2,knn,125,0.0,1.5920332021436423
3,2,knn,293,4.471067201464611,1.3761805199205064
3,2,knn,70,0.0,0.5688193323801166
3,2,knn,278,3.136797713832594,0.8716703246727926
3,2,knn,5,0.0,1.5380046184993943
3,2,knn,196,2.4790562361098245,1.1256321616962588
3,2,knn,514,2.498151876538021,1.745975650628794
3,2,knn,60,0.0,0.646208819877349
3,2,knn,446,0.0,1.2183309697994484
3,2,knn,473,4.267176792994939,1.6032127458072307
3,2,knn,498,3.726656818447966,1.2218548800460596
3,2,knn,192,2.2731562823032334,0.663014262575713
3,2,knn,319,1.6882490928583902,1.3977498334492169
3,2,knn,159,0.9895411936137477,1.299596874790683
3,2,knn,227,4.08260930600368,1.6484171726928143
3,2,knn,299,0.0,0.8775985663284749
3,2,knn,30,0.0,1.008501636557612
3,2,knn,188,2.128231705849268,0.8385474332498355
3,2,knn,323,1.1568811967920856,1.2417667936702104
3,2,knn,143,0.5364933705145685,0.7218768725358345
3,2,knn,191,2.2700619012884857,1.5021410877136272
3,2,knn,434,0.0,1.4131550732418694
3,2,knn,450,2.005525858729668,0.7799338423720685
3,2,knn,170,1.2725655957915476,1.175106157969308
3,2,knn,464,1.144222799920162,0.9308040598382337
3,2,knn,374,2.9601050959108397,1.0127164152758166
3,2,knn,452,0.0,1.2231077028243118
3,2,knn,339,0.9042181506398858,0.9768167995024645
3,2,knn,333,1.1410330045520618,1.2265138470199315
3,2,knn,325,0.0,1.384383637357533
3,2,knn,94,0.0,1.4472641715346155
3,2,knn,21,0.0,1.362782036415091
3,2,knn,129,0.0,0.9956333197509103
3,2,knn,410,0.0,0.9446728268601555
3,2,knn,406,1.599387576580599,1.062918977847978
3,2,knn,483,0.0,1.4402740077808436
3,2,knn,430,0.0,1.182731397039776
3,2,knn,9,0.0,1.7721246465547427
3,2,knn,214,3.389799336709786,0.6745380690412457
3,2,knn,454,0.0,1.3022702544599656
3,2,knn,12,0.0,1.3823391394979043
3,2,knn,169,1.2669476034873244,1.3142066275435873
3,2,knn,130,0.0,0.7307188974405865
3,2,knn,359,2.21046980408624,0.9035831830341522
3,2,knn,482,0.8285518175661483,1.0521747653233415
3,2,knn,41,0.0,1.2081437117135139
3,2,knn,154,0.9001613499442714,1.5451295490475865
3,2,knn,495,0.0,1.2007493684922894
3,2,knn,208,3.007166651179654,1.4509202817779079
3,2,knn,63,0.0,0.8303766386804152
3,2,knn,500,0.0,1.196515050574524
3,2,knn,488,3.8649313978942956,0.8882858393981511
3,2,knn,312,0.0,1.022639967617622
3,2,knn,402,0.0,1.5071119844979775
3,2,knn,337,4.04375277610604,1.0567384594718396
3,2,knn,23,0.0,1.5135830893792506
3,2,knn,69,0.0,0.6490181971161872
3,2,knn,478,1.1662709371419244,1.1829787923173112
3,2,knn,477,2.1234584270966104,1.1566435313448908
3,2,knn,221,3.607669398688393,0.9194442648617127
3,2,knn,370,2.4898941912990393,1.0006993582679071
3,2,knn,181,1.8625285401162623,1.9227071213707791
3,2,knn,119,0.0,1.2138892493979847
3,2,knn,334,0.0,1.1795198037578105
3,2,knn,326,0.0,1.494904653065927
3,2,knn,75,0.0,1.2053257574958773
3,2,knn,485,1.1216775615991057,0.9603528322925683
3,2,knn,404,1.951608170169951,0.8528412944021264
3,2,knn,460,0.0,1.1880200136689893
3,2,knn,239,0.0,0.8041455234631606
3,2,knn,224,3.6560979645895566,1.4019315214707386
3,2,knn,212,3.3006401266708405,1.124013002789543
3,2,knn,105,0.0,0.9626467528374197
3,2,knn,489,0.0,0.7796790775294234
3,2,knn,7,0.0,1.2815872292599568
3,2,knn,504,3.923753928303845,0.8615454528469717
3,2,knn,272,1.4085449700547104,1.182887385967639
3,2,knn,341,0.0,1.8648437236863873
3,2,knn,235,5.285637313390662,1.6242567719103758
3,2,knn,330,2.0255131996542803,0.9129247633972155
3,2,knn,444,2.3942522815198695,0.9051578296196282
3,2,knn,372,0.0,0.82574969041001
3,2,knn,249,1.244154593958768,1.0779917648971113
3,2,knn,131,0.0,0.6408584853764261
3,2,knn,201,2.5726122302071057,0.8179934919627022
3,2,knn,416,2.081938421878423,1.0198194972020747
3,2,knn,200,2.528125768907977,1.063860291793398
3,2,knn,254,2.428336298299606,1.2087751784874963
3,2,knn,352,1.1085626195212777,1.6053453229533994
3,2,knn,395,3.966132331075178,0.7652919405188475
3,2,knn,14,0.0,1.6676688287372154
3,2,knn,346,3.3738261848660236,1.1365795267739307
3,2,knn,502,0.0,0.9072098209914201
3,2,knn,98,0.0,1.2256108829730086
3,2,knn,267,0.0,0.9937123480021435
3,2,knn,74,0.0,1.1552177829350538
3,2,knn,231,4.566221435849517,1.6474641437326616
3,2,knn,32,0.0,0.9573245654452229
3,2,knn,259,0.8671004876833833,0.997563939983134
3,2,knn,90,0.0,1.6804648877172077
3,2,knn,47,0.0,1.4880527802821144
3,2,knn,142,0.47623417899637155,1.3817405137873935
3,2,knn,174,1.5040773967762742,1.0320416548183422
3,2,knn,237,5.365415110080531,1.0736221154010386
3,2,knn,72,0.0,0.8899816438310008
3,2,knn,283,0.7419373447293773,0.7484363922970272
3,2,knn,490,0.0,1.0360495389586917
3,2,knn,49,0.0,0.7167095260184173
3,2,knn,407,0.0,0.8162804380532426
3,2,knn,295,0.0,1.2166483130005372
3,2,knn,484,3.311637304949512,1.4507235138614196
3,2,knn,91,0.0,0.7371311172144884
3,2,knn,205,2.745345985845907,1.6674895967004695
3,2,knn,65,0.0,0.9101937519932052
3,2,knn,423,0.5423242908253617,1.0237546768533219
3,2,knn,486,1.0986122886681098,0.9273506554010974
3,2,knn,422,1.9878743481543455,1.7897104269454367
3,2,knn,263,0.9400072584914712,1.2756151141248824
3,2,knn,186,2.1029138978649784,0.9100559840859681
3,2,knn,217,3.4442568711226023,1.1604484626688711
3,2,knn,162,1.0784095813505903,0.8979091799553013
3,2,knn,367,0.0,1.2407926498824613
3,2,knn,453,0.0,1.4620824575118732
3,2,knn,496,1.3270750014599193,1.3083818854881872
3,2,knn,111,0.0,0.7088444632111316
3,2,knn,411,1.7263316639055997,1.0872207324405982
3,2,knn,458,1.463255402256019,1.2293154235504646
3,2,knn,144,0.5709795465857378,0.992534199136501
3,2,knn,358,0.0,1.0850528993061468
3,2,knn,244,1.3532545070416904,0.9621186182407685
3,2,knn,175,1.7101878155342434,1.2635318527501913
3,2,knn,8,0.0,1.664261404373403
3,2,knn,92,0.0,1.4129802958201094
3,2,knn,53,0.0,0.9091299553402895
3,2,knn,301,1.5085119938441398,1.3610609471278552
3,2,knn,279,2.3767644911682972,0.8716703246727926
3,2,knn,247,0.5596157879354227,0.8992984419028508
3,2,knn,106,0.0,0.7491723631192518
3,2,knn,194,2.3988039507345884,0.663014262575713
3,2,knn,102,0.0,0.7798864390430172
3,2,knn,257,0.5187937934151676,1.1030104433951171
3,2,knn,288,0.0,1.3309578687276067
3,2,knn,248,0.0,1.6840429494129547
3,2,knn,44,0.0,0.9129489928771707
3,2,knn,360,0.7371640659767196,1.3895851737682288
3,2,knn,286,0.0,0.9046747631435841
3,2,knn,441,0.8020015854720274,1.6211225361086201
3,2,knn,271,2.329227023940467,1.5724761875363948
3,2,knn,185,2.0844290831908747,0.9342335028785123
3,2,knn,147,0.6729444732424258,1.4294725378298296
3,2,knn,266,0.1570037488096647,0.7308661748528388
3,2,knn,408,2.174751721484161,1.4353699605244237
3,2,knn,459,1.0784095813505903,0.886660303034519
3,2,knn,335,0.0,0.9575921339568176
3,2,knn,76,0.0,1.2035127299885844
3,2,knn,36,0.0,1.540559717314573
3,2,knn,27,0.0,1.2033817714101156
3,2,knn,345,1.9213246735826988,0.9995645152333409
3,2,knn,455,0.0,0.778434796555996
3,2,knn,43,0.0,1.0698452726452086
3,2,knn,475,1.4327007339340463,0.8226788123831498
3,2,knn,34,0.0,1.1612372710737744
3,2,knn,218,3.487986511734546,1.478960088366803
3,2,knn,145,0.6418538861723947,1.4508294332796934
3,2,knn,242,2.4096441652874536,1.2237294597218493
3,2,knn,187,2.1162555148025524,1.0319168182898686
3,2,knn,100,0.0,1.170875517778872
3,2,knn,37,0.0,1.1253454207214382
3,2,edited,349,0.9707789171582246,1.1075669946432118
3,2,edited,424,1.7850704810772584,0.8951983411007752
3,2,edited,294,2.0241930674493576,1.3738860709732046
3,2,edited,67,0.0,0.4807612820447962
3,2,edited,31,0.0,0.8058719521535664
3,2,edited,86,0.0,0.38479626581841225
3,2,edited,275,1.8531680973566984,0.9205869954617948
3,2,edited,269,1.6863989535702288,0.8620292932347945
3,2,edited,1,0.0,0.836374869075884
3,2,edited,438,2.005525858729668,0.8638368129814297
3,2,edited,146,0.6678293725756554,0.09795646862408944
3,2,edited,215,3.389799336709786,0.0
3,2,edited,24,0.0,0.3913321508854308
3,2,edited,448,0.0,0.9479815396038637
3,2,edited,230,4.494126887194767,0.6711487385133544
3,2,edited,274,2.5006159434931803,1.2589927328763322
3,2,edited,20,0.0,0.9436783366988786
3,2,edited,84,0.0,0.6450661800940798
3,2,edited,184,2.0744289998562917,0.6461166658111557
3,2,edited,180,1.8453002361560848,0.4878715108436066
3,2,edited,78,0.0,0.7627918508556855
3,2,edited,300,0.0,0.23685342863099737
3,2,edited,304,0.0,0.7320847301749538
3,2,edited,222,3.6336309798834576,0.25755797936078584
3,2,edited,487,2.856470206220483,0.3024620907255306
3,2,edited,189,2.2235418856535927,0.3768352809677348
3,2,edited,79,0.0,0.5006501054535254
3,2,edited,515,0.0,0.8176242140589703
3,2,edited,209,3.1949928844048685,0.7492406863261065
3,2,edited,152,0.887891257352457,0.7744820783668589
3,2,edited,26,0.0,1.0407113859334862
3,2,edited,354,1.9416152247724325,0.8493185935739086
3,2,edited,163,1.0818051703517284,1.3679240311682006
3,2,edited,260,2.2874714551839976,0.5691373536239905
3,2,edited,109,0.0,1.1015681335454315
3,2,edited,139,0.3576744442718159,1.251483948954952
3,2,edited,427,1.208960345836975,0.6669836234325648
3,2,edited,4,0.0,0.404715770752992
3,2,edited,380,2.166765369851511,0.7295984754405054
3,2,edited,51,0.0,0.7685214419046517
3,2,edited,324,1.6900958154515549,1.6293875676561178
3,2,edited,127,0.0,1.4648126445038947
3,2,edited,116,0.0,0.16401191688346617
3,2,edited,80,0.0,0.25244258084120114
3,2,edited,81,0.0,0.7623951769101021
3,2,edited,392,4.27332721775054,0.6046850958819417
3,2,edited,190,2.231089091288976,0.0427753602376654
3,2,edited,58,0.0,0.1640663815506277
3,2,edited,280,2.329227023940467,0.9205704671998576
3,2,edited,356,0.8153648132841944,0.8589028957598922
3,2,edited,492,0.0,0.203714991657791
3,2,edited,82,0.0,0.29487236675755846
3,2,edited,282,0.0,0.3768138091579011
3,2,edited,412,0.9669838461896731,0.5902484229883941
3,2,edited,476,1.0152306797290584,0.48313342937503656
3,2,edited,376,0.0,0.8296184682375477
3,2,edited,166,1.1908875647772805,1.159460737601074
3,2,edited,113,0.0,1.1132204758857567
3,2,edited,465,2.0592388343623163,0.5001096910586442
3,2,edited,336,0.0,0.8726782890044181
3,2,edited,320,3.5655812377694427,0.7897467909261128
3,2,edited,436,0.43178241642553783,0.9105189435740202
3,2,edited,48,0.0,0.14082950353906376
3,2,edited,138,0.30748469974796055,1.0358519552480066
3,2,edited,306,0.34358970439007686,1.1537466930579294
3,2,edited,516,0.0,0.33382580534747114
3,2,edited,415,6.616439947564594,0.48906033763261797
3,2,edited,435,0.0,0.9318422826572451
3,2,edited,449,0.0,0.8358943934879429
3,2,edited,316,0.0,0.7984041641839875
3,2,edited,50,0.0,0.6977174958929254
3,2,edited,246,0.08617769624105241,0.6006267451508325
3,2,edited,318,0.0,1.1657935820160283
3,2,edited,171,1.3056264580524357,1.4576240486524876
3,2,edited,167,1.2556160374777743,0.4189146253182344
3,2,edited,414,0.0,0.7606308119914426
3,2,edited,150,0.7839015438284094,1.0368387828834875
3,2,edited,313,0.0,1.0458189644803242
3,2,edited,470,0.0,0.0
3,2,edited,45,0.0,0.5463059195336133
3,2,edited,343,1.1568811967920856,1.4482532540784767
3,2,edited,140,0.3852624007906449,1.2075673671245026
3,2,edited,134,0.0,0.14079629011061498
3,2,edited,83,0.0,0.8256433888313616
3,2,edited,284,3.228430037673012,0.6166519301059936
3,2,edited,401,1.7833912195575383,1.1429610157151973
3,2,edited,35,0.0,1.2119662297607838
3,2,edited,276,2.93651291389402,0.3815515740625275
3,2,edited,432,0.0,0.5219020588037943
3,2,edited,122,0.0,0.7668097898637538
3,2,edited,125,0.0,0.6939988121028539
3,2,edited,293,4.471067201464611,0.6438988146752544
3,2,edited,70,0.0,0.0
3,2,edited,278,3.136797713832594,0.3815515740625275
3,2,edited,5,0.0,0.7886334932237189
3,2,edited,196,2.4790562361098245,0.6743309999491276
3,2,edited,514,2.498151876538021,1.0544095100096356
3,2,edited,60,0.0,0.06443449681930304
3,2,edited,446,0.0,1.1948464097810108
3,2,edited,473,4.267176792994939,0.599757021101199
3,2,edited,498,3.726656818447966,0.2686617306059969
3,2,edited,192,2.2731562823032334,0.40462537904216683
3,2,edited,319,1.6882490928583902,0.9337234098916501
3,2,edited,159,0.9895411936137477,1.0407113859334862
3,2,edited,227,4.08260930600368,0.935001130008049
3,2,edited,299,0.0,0.5285456938351668
3,2,edited,30,0.0,0.6181391475839224
3,2,edited,188,2.128231705849268,0.22697720126706905
3,2,edited,323,1.1568811967920856,1.1985713111382337
3,2,edited,143,0.5364933705145685,0.2717278200763299
3,2,edited,191,2.2700619012884857,0.8443880329704253
3,2,edited,434,0.0,1.0174031785302533
3,2,edited,450,2.005525858729668,0.3711171986480187
3,2,edited,170,1.2725655957915476,0.9511854178263621
3,2,edited,464,1.144222799920162,0.4581792576358409
3,2,edited,374,2.9601050959108397,1.1381086207239282
3,2,edited,452,0.0,1.0542678814691706
3,2,edited,339,0.9042181506398858,1.138447012197108
3,2,edited,333,1.1410330045520618,1.1383790213309706
3,2,edited,325,0.0,0.9879713164929088
3,2,edited,94,0.0,1.0038864769367106
3,2,edited,21,0.0,1.048783608193145
3,2,edited,129,0.0,0.8797846302268825
3,2,edited,410,0.0,0.37657354850767444
3,2,edited,406,1.599387576580599,1.0556426863573178
3,2,edited,483,0.0,0.5921019548124115
3,2,edited,430,0.0,1.0872582713256553
3,2,edited,9,0.0,1.4301260867662124
3,2,edited,214,3.389799336709786,0.0
3,2,edited,454,0.0,1.0610907443208721
3,2,edited,12,0.0,1.1228595971522406
3,2,edited,169,1.2669476034873244,1.0704044337275076
3,2,edited,130,0.0,0.297946650773603
3,2,edited,359,2.21046980408624,1.157892890758838
3,2,edited,482,0.8285518175661483,0.45979689343437513
3,2,edited,41,0.0,1.0032077255140295
3,2,edited,154,0.9001613499442714,0.9120565131508119
3,2,edited,495,0.0,0.24537057921485814
3,2,edited,208,3.007166651179654,0.9124217745557525
3,2,edited,63,0.0,0.5411984425187885
3,2,edited,500,0.0,0.9507724789003342
3,2,edited,488,3.8649313978942956,0.49883036074940773
3,2,edited,312,0.0,1.112623802088035
3,2,edited,402,0.0,1.0491334487040938
3,2,edited,337,4.04375277610604,0.7672238875439694
3,2,edited,23,0.0,1.1036622852702624
3,2,edited,69,0.0,0.0
3,2,edited,478,1.1662709371419244,0.7478137162792723
3,2,edited,477,2.1234584270966104,0.5725780039993956
3,2,edited,221,3.607669398688393,0.9013725867569967
3,2,edited,370,2.4898941912990393,0.6862747847577108
3,2,edited,181,1.8625285401162623,1.3630075376222832
3,2,edited,119,0.0,1.1895595503250318
3,2,edited,334,0.0,0.6665527364379232
3,2,edited,326,0.0,0.7330291848849307
3,2,edited,75,0.0,0.9231220159747237
3,2,edited,485,1.1216775615991057,0.21577173290804372
3,2,edited,404,1.951608170169951,1.0847790283564767
3,2,edited,460,0.0,0.8024585241161957
3,2,edited,239,0.0,0.5005548431479914
3,2,edited,224,3.6560979645895566,1.0687516343693506
3,2,edited,212,3.3006401266708405,0.8495260437340927
3,2,edited,105,0.0,0.3338764441670068
3,2,edited,489,0.0,0.8304195570477905
3,2,edited,7,0.0,1.1510445709579125
3,2,edited,504,3.923753928303845,0.21181958410346197
3,2,edited,272,1.4085449700547104,0.5375169418706565
3,2,edited,341,0.0,1.3680806431728323
3,2,edited,235,5.285637313390662,1.3373656144622634
3,2,edited,330,2.0255131996542803,0.6364695851228257
3,2,edited,444,2.3942522815198695,0.914729258698039
3,2,edited,372,0.0,1.318155119111762
3,2,edited,249,1.244154593958768,0.9759802577055537
3,2,edited,131,0.0,0.1408117895762024
3,2,edited,201,2.5726122302071057,0.37668612847792066
3,2,edited,416,2.081938421878423,0.4808076980573155
3,2,edited,200,2.528125768907977,1.158895376032981
3,2,edited,254,2.428336298299606,1.2173893998158265
3,2,edited,352,1.1085626195212777,1.305090303866927
3,2,edited,395,3.966132331075178,0.37679209353646975
3,2,edited,14,0.0,0.8041029955945455
3,2,edited,346,3.3738261848660236,1.2514534685714163
3,2,edited,502,0.0,0.21041044523233385
3,2,edited,98,0.0,0.7286774493740168
3,2,edited,267,0.0,0.2839858775440466
3,2,edited,74,0.0,0.3170726468671107
3,2,edited,231,4.566221435849517,0.9662859773552929
3,2,edited,32,0.0,0.6408907309615266
3,2,edited,259,0.8671004876833833,0.5536245121310777
3,2,edited,90,0.0,1.0266643383699317
3,2,edited,47,0.0,1.0408400240707205
3,2,edited,142,0.47623417899637155,0.7208414506570595
3,2,edited,174,1.5040773967762742,1.0737015745151903
3,2,edited,237,5.365415110080531,0.6602805847644064
3,2,edited,72,0.0,0.0
3,2,edited,283,0.7419373447293773,0.21702029648973833
3,2,edited,490,0.0,0.30245695514861876
3,2,edited,49,0.0,0.25755297625013807
3,2,edited,407,0.0,0.17431211678182848
3,2,edited,295,0.0,0.7044399741217435
3,2,edited,484,3.311637304949512,0.5245854457032025
3,2,edited,91,0.0,0.17907203073277073
3,2,edited,205,2.745345985845907,0.9687231631128856
3,2,edited,65,0.0,0.7933357558233902
3,2,edited,423,0.5423242908253617,0.6729933090751924
3,2,edited,486,1.0986122886681098,0.5359169227089244
3,2,edited,422,1.9878743481543455,0.8559527386178812
3,2,edited,263,0.9400072584914712,0.9923725909660134
3,2,edited,186,2.1029138978649784,0.09797259670740367
3,2,edited,217,3.4442568711226023,0.4696997899790258
3,2,edited,162,1.0784095813505903,0.3806083156448433
3,2,edited,367,0.0,0.8753114965767057
3,2,edited,453,0.0,0.9975843286163413
3,2,edited,496,1.3270750014599193,0.32865010270013406
3,2,edited,111,0.0,0.0
3,2,edited,411,1.7263316639055997,0.7405070127286713
3,2,edited,458,1.463255402256019,0.9510650539357871
3,2,edited,144,0.5709795465857378,0.7187881624484449
3,2,edited,358,0.0,0.888161546404405
3,2,edited,244,1.3532545070416904,0.5109891664645728
3,2,edited,175,1.7101878155342434,0.9220255237408299
3,2,edited,8,0.0,1.32079510997275
3,2,edited,92,0.0,0.9600318969760597
3,2,edited,53,0.0,0.7489921643077826
3,2,edited,301,1.5085119938441398,0.49162671078500897
3,2,edited,279,2.3767644911682972,0.3815515740625275
3,2,edited,247,0.5596157879354227,0.9273021576807086
3,2,edited,106,0.0,0.12886106286729693
3,2,edited,194,2.3988039507345884,0.40462537904216683
3,2,edited,102,0.0,0.550971661967568
3,2,edited,257,0.5187937934151676,1.0366265505423524
3,2,edited,288,0.0,0.519600646749388
3,2,edited,248,0.0,0.6714215762821303
3,2,edited,44,0.0,0.8610794340407096
3,2,edited,360,0.7371640659767196,1.2684662340541284
3,2,edited,286,0.0,0.526959003075885
3,2,edited,441,0.8020015854720274,0.8244125808118081
3,2,edited,271,2.329227023940467,1.1031008122084311
3,2,edited,185,2.0844290831908747,1.168566491516812
3,2,edited,147,0.6729444732424258,0.6596594500912132
3,2,edited,266,0.1570037488096647,0.2707619031110112
3,2,edited,408,2.174751721484161,0.7794526665854005
3,2,edited,459,1.0784095813505903,0.6862683973009812
3,2,edited,335,0.0,0.9398648165410891
3,2,edited,76,0.0,0.6401080558050177
3,2,edited,36,0.0,0.7685667314565613
3,2,edited,27,0.0,0.9154204537733407
3,2,edited,345,1.9213246735826988,0.625504996673822
3,2,edited,455,0.0,0.5905910842440018
3,2,edited,43,0.0,1.0174911225497814
3,2,edited,475,1.4327007339340463,0.3245640784791734
3,2,edited,34,0.0,0.7469291753585169
3,2,edited,218,3.487986511734546,1.0409566301417799
3,2,edited,145,0.6418538861723947,0.6009968854950772
3,2,edited,242,2.4096441652874536,0.45202486418169624
3,2,edited,187,2.1162555148025524,1.1214925850767996
3,2,edited,100,0.0,0.7364281912121493
3,2,edited,37,0.0,1.0258013192884374
3,2,condensed,349,0.9707789171582246,1.221230822141378
3,2,condensed,424,1.7850704810772584,1.8784249992059203
3,2,condensed,294,2.0241930674493576,1.5881380820714652
3,2,condensed,67,0.0,1.173547552439388
3,2,condensed,31,0.0,1.4949861027790012
3,2,condensed,86,0.0,1.314228607264495
3,2,condensed,275,1.8531680973566984,1.2136413899684622
3,2,condensed,269,1.6863989535702288,1.0920749854188105
3,2,condensed,1,0.0,1.5230899829516558
3,2,condensed,438,2.005525858729668,1.2268035600084695
3,2,condensed,146,0.6678293725756554,1.2360538299089696
3,2,condensed,215,3.389799336709786,1.1477735841987804
3,2,condensed,24,0.0,1.4509341393078634
3,2,condensed,448,0.0,1.3275354674858986
3,2,condensed,230,4.494126887194767,1.566782872509927
3,2,condensed,274,2.5006159434931803,1.42621413493782
3,2,condensed,20,0.0,1.7285273036199416
3,2,condensed,84,0.0,1.2471152008539967
3,2,condensed,184,2.0744289998562917,2.086616677037918
3,2,condensed,180,1.8453002361560848,1.192344238049949
3,2,condensed,78,0.0,1.3845575463714315
3,2,condensed,300,0.0,1.5869380881242532
3,2,condensed,304,0.0,1.5319066121809546
3,2,condensed,222,3.6336309798834576,1.4172132171662053
3,2,condensed,487,2.856470206220483,1.6387944306217272
3,2,condensed,189,2.2235418856535927,1.097673134051721
3,2,condensed,79,0.0,0.8732021329476106
3,2,condensed,515,0.0,1.21443829692259
3,2,condensed,209,3.1949928844048685,1.214116041505655
3,2,condensed,152,0.887891257352457,1.562821451604435
3,2,condensed,26,0.0,1.5096001663403027
3,2,condensed,354,1.9416152247724325,1.4193364396441122
3,2,condensed,163,1.0818051703517284,1.4536184657409859
3,2,condensed,260,2.2874714551839976,1.4329211946994853
3,2,condensed,109,0.0,1.5528026638189036
3,2,condensed,139,0.3576744442718159,1.6078240720177774
3,2,condensed,427,1.208960345836975,1.5067110583350072
3,2,condensed,4,0.0,1.4306888460354115
3,2,condensed,380,2.166765369851511,1.4772467826579807
3,2,condensed,51,0.0,1.3486340118509947
3,2,condensed,324,1.6900958154515549,1.3365292388152
3,2,condensed,127,0.0,1.2350228725694172
3,2,condensed,116,0.0,1.1503194955594231
3,2,condensed,80,0.0,1.1023077366783343
3,2,condensed,81,0.0,1.0443576683031413
3,2,condensed,392,4.27332721775054,1.1617829506007216
3,2,condensed,190,2.231089091288976,1.2700800485598935
3,2,condensed,58,0.0,1.2669802006000181
3,2,condensed,280,2.329227023940467,1.2136793870719702
3,2,condensed,356,0.8153648132841944,1.6391744964016197
3,2,condensed,492,0.0,1.3461088403844754
3,2,condensed,82,0.0,1.1013181968737067
3,2,condensed,282,0.0,1.1918221235723216
3,2,condensed,412,0.9669838461896731,1.8400966271254158
3,2,condensed,476,1.0152306797290584,1.1342823483909406
3,2,condensed,376,0.0,1.7735196400863926
3,2,condensed,166,1.1908875647772805,1.2460658842377186
3,2,condensed,113,0.0,1.2488337412324078
3,2,condensed,465,2.0592388343623163,1.19848893184034
3,2,condensed,336,0.0,1.5277950143020138
3,2,condensed,320,3.5655812377694427,1.0207824736889295
3,2,condensed,436,0.43178241642553783,1.800130265968214
3,2,condensed,48,0.0,0.8457474136667343
3,2,condensed,138,0.30748469974796055,1.296319390719743
3,2,condensed,306,0.34358970439007686,1.665394016720531
3,2,condensed,516,0.0,1.4427476708890714
3,2,condensed,415,6.616439947564594,1.9874122796266414
3,2,condensed,435,0.0,1.0311426932776582
3,2,condensed,449,0.0,1.4244396142868176
3,2,condensed,316,0.0,1.655293059591183
3,2,condensed,50,0.0,1.6929719983229712
3,2,condensed,246,0.08617769624105241,1.439526584252166
3,2,condensed,318,0.0,2.0274906949814464
3,2,condensed,171,1.3056264580524357,1.5901727102074434
3,2,condensed,167,1.2556160374777743,1.662909424694032
3,2,condensed,414,0.0,1.4330812795332293
3,2,condensed,150,0.7839015438284094,1.6228397141410222
3,2,condensed,313,0.0,1.7103035367349075
3,2,condensed,470,0.0,1.1953429340713277
3,2,condensed,45,0.0,1.8417892875372477
3,2,condensed,343,1.1568811967920856,1.3193831078925298
3,2,condensed,140,0.3852624007906449,1.5822382126162073
3,2,condensed,134,0.0,1.074920150500278
3,2,condensed,83,0.0,1.3099018064899917
3,2,condensed,284,3.228430037673012,1.2566363121491464
3,2,condensed,401,1.7833912195575383,1.2791370526219208
3,2,condensed,35,0.0,1.4929464922913642
3,2,condensed,276,2.93651291389402,1.195599142470558
3,2,condensed,432,0.0,1.7166323061325306
3,2,condensed,122,0.0,1.0426239148870855
3,2,condensed,125,0.0,1.6796256323017833
3,2,condensed,293,4.471067201464611,2.0682911728247535
3,2,condensed,70,0.0,1.20886940934501
3,2,condensed,278,3.136797713832594,1.195599142470558
3,2,condensed,5,0.0,1.7883518162077408
3,2,condensed,196,2.4790562361098245,0.9644819909493255
3,2,condensed,514,2.498151876538021,1.5443927987571038
3,2,condensed,60,0.0,0.9270668063800759
3,2,condensed,446,0.0,1.5259640737262992
3,2,condensed,473,4.267176792994939,1.8397078780276903
3,2,condensed,498,3.726656818447966,1.4517496320464158
3,2,condensed,192,2.2731562823032334,0.9364858413817945
3,2,condensed,319,1.6882490928583902,1.4349553597641282
3,2,condensed,159,0.9895411936137477,1.5096001663403027
3,2,condensed,227,4.08260930600368,1.7382046071299209
3,2,condensed,299,0.0,1.711082554797563
3,2,condensed,30,0.0,1.2574017423149688
3,2,condensed,188,2.128231705849268,1.1973721071487937
3,2,condensed,323,1.1568811967920856,1.3452918304528145
3,2,condensed,143,0.5364933705145685,1.156550897326496
3,2,condensed,191,2.2700619012884857,2.1982834154866104
3,2,condensed,434,0.0,1.3521403106994367
3,2,condensed,450,2.005525858729668,1.1369123926688085
3,2,condensed,170,1.2725655957915476,1.542315159590944
3,2,condensed,464,1.144222799920162,1.56789188025405
3,2,condensed,374,2.9601050959108397,1.3613832460657382
3,2,condensed,452,0.0,1.5464493017355248
3,2,condensed,339,0.9042181506398858,1.494800776190633
3,2,condensed,333,1.1410330045520618,0.8627030343802342
3,2,condensed,325,0.0,1.5297313685683875
3,2,condensed,94,0.0,2.101155901340252
3,2,condensed,21,0.0,1.3042136596771674
3,2,condensed,129,0.0,1.3119712791810456
3,2,condensed,410,0.0,1.1506769096065037
3,2,condensed,406,1.599387576580599,1.4314548089070869
3,2,condensed,483,0.0,2.0163938326044955
3,2,condensed,430,0.0,1.3426520734984695
3,2,condensed,9,0.0,2.053515378702521
3,2,condensed,214,3.389799336709786,1.1477735841987804
3,2,condensed,454,0.0,1.5425817795191465
3,2,condensed,12,0.0,1.5691181341261682
3,2,condensed,169,1.2669476034873244,1.6093299090193798
3,2,condensed,130,0.0,1.0864915210030612
3,2,condensed,359,2.21046980408624,1.4009154257084186
3,2,condensed,482,0.8285518175661483,1.0583435927455205
3,2,condensed,41,0.0,0.9890969854115373
3,2,condensed,154,0.9001613499442714,1.8912757778450782
3,2,condensed,495,0.0,1.597956027666532
3,2,condensed,208,3.007166651179654,1.8644030378218002
3,2,condensed,63,0.0,1.2774258073641893
3,2,condensed,500,0.0,1.7156273048637352
3,2,condensed,488,3.8649313978942956,1.186184895662047
3,2,condensed,312,0.0,1.284187108175186
3,2,condensed,402,0.0,1.9549731449617525
3,2,condensed,337,4.04375277610604,1.8086561343335574
3,2,condensed,23,0.0,1.544878049741679
3,2,condensed,69,0.0,1.1747207307541956
3,2,condensed,478,1.1662709371419244,1.590662630086115
3,2,condensed,477,2.1234584270966104,1.0626410920873663
3,2,condensed,221,3.607669398688393,0.9759034040695846
3,2,condensed,370,2.4898941912990393,1.3062250286038704
3,2,condensed,181,1.8625285401162623,1.9688166242387772
3,2,condensed,119,0.0,1.1052436394858498
3,2,condensed,334,0.0,1.0857789075307316
3,2,condensed,326,0.0,1.7483223814310382
3,2,condensed,75,0.0,1.059280098620878
3,2,condensed,485,1.1216775615991057,0.9832908511306621
3,2,condensed,404,1.951608170169951,1.5217367832123991
3,2,condensed,460,0.0,1.1718253772006122
3,2,condensed,239,0.0,1.213019100802197
3,2,condensed,224,3.6560979645895566,1.3151120317851384
3,2,condensed,212,3.3006401266708405,1.4631579523196516
3,2,condensed,105,0.0,0.9726751773629305
3,2,condensed,489,0.0,1.2428715884659458
3,2,condensed,7,0.0,1.3852498428226065
3,2,condensed,504,3.923753928303845,1.1160882380379882
3,2,condensed,272,1.4085449700547104,0.9925269317271792
3,2,condensed,341,0.0,1.5348519425255402
3,2,condensed,235,5.285637313390662,2.0205445996702283
3,2,condensed,330,2.0255131996542803,1.221573670999773
3,2,condensed,444,2.3942522815198695,1.2871232905977172
3,2,condensed,372,0.0,1.244290019758742
3,2,condensed,249,1.244154593958768,1.7094536209784645
3,2,condensed,131,0.0,1.0400265982914818
3,2,condensed,201,2.5726122302071057,1.4509288214209541
3,2,condensed,416,2.081938421878423,1.3621327075585457
3,2,condensed,200,2.528125768907977,1.5822190355660415
3,2,condensed,254,2.428336298299606,1.4673934281237102
3,2,condensed,352,1.1085626195212777,1.5057985507872695
3,2,condensed,395,3.966132331075178,0.798112860668921
3,2,condensed,14,0.0,1.653276329409034
3,2,condensed,346,3.3738261848660236,1.6078485265962201
3,2,condensed,502,0.0,1.0013821516164145
3,2,condensed,98,0.0,1.382841498856466
3,2,condensed,267,0.0,1.0897665634088713
3,2,condensed,74,0.0,1.5939001429485697
3,2,condensed,231,4.566221435849517,1.8912343873674067
3,2,condensed,32,0.0,1.7394705055238566
3,2,condensed,259,0.8671004876833833,1.3889879384884076
3,2,condensed,90,0.0,1.3639564916437683
3,2,condensed,47,0.0,1.5795721842577595
3,2,condensed,142,0.47623417899637155,1.7268688468925468
3,2,condensed,174,1.5040773967762742,1.520484498500907
3,2,condensed,237,5.365415110080531,0.8976268855058762
3,2,condensed,72,0.0,1.2438693558682479
3,2,condensed,283,0.7419373447293773,0.957490457503254
3,2,condensed,490,0.0,1.5148860120257228
3,2,condensed,49,0.0,1.2850585188850703
3,2,condensed,407,0.0,1.101463879600577
3,2,condensed,295,0.0,1.4780880624056896
3,2,condensed,484,3.311637304949512,1.536299050571803
3,2,condensed,91,0.0,0.9994433642619236
3,2,condensed,205,2.745345985845907,1.6525532059871573
3,2,condensed,65,0.0,1.1270746650146166
3,2,condensed,423,0.5423242908253617,1.2156769273285515
3,2,condensed,486,1.0986122886681098,1.0960669722228653
3,2,condensed,422,1.9878743481543455,1.8301701934704604
3,2,condensed,263,0.9400072584914712,1.3983260096830559
3,2,condensed,186,2.1029138978649784,1.1408746846460505
3,2,condensed,217,3.4442568711226023,1.2556041233281776
3,2,condensed,162,1.0784095813505903,1.3267845808444352
3,2,condensed,367,0.0,1.7896078255784622
3,2,condensed,453,0.0,1.2635134595684538
3,2,condensed,496,1.3270750014599193,1.6168370502041847
3,2,condensed,111,0.0,0.8772811787434075
3,2,condensed,411,1.7263316639055997,1.3067985008452128
3,2,condensed,458,1.463255402256019,1.4069199791073412
3,2,condensed,144,0.5709795465857378,1.4801892347892345
3,2,condensed,358,0.0,1.1739648892233112
3,2,condensed,244,1.3532545070416904,1.0956286987528756
3,2,condensed,175,1.7101878155342434,1.2743949050459153
3,2,condensed,8,0.0,1.509603358636691
3,2,condensed,92,0.0,1.8267383560073656
3,2,condensed,53,0.0,1.1737129806345352
3,2,condensed,301,1.5085119938441398,1.2834108192368285
3,2,condensed,279,2.3767644911682972,1.195599142470558
3,2,condensed,247,0.5596157879354227,1.2330072776928525
3,2,condensed,106,0.0,0.9804013396347011
3,2,condensed,194,2.3988039507345884,0.9364858413817945
3,2,condensed,102,0.0,1.0645126006851655
3,2,condensed,257,0.5187937934151676,1.3090924886627666
3,2,condensed,288,0.0,1.6919704236200412
3,2,condensed,248,0.0,1.7526241253146329
3,2,condensed,44,0.0,1.5191959281460836
3,2,condensed,360,0.7371640659767196,1.6440860653964995
3,2,condensed,286,0.0,1.6309759775966328
3,2,condensed,441,0.8020015854720274,1.9596160034320145
3,2,condensed,271,2.329227023940467,1.8252623218821467
3,2,condensed,185,2.0844290831908747,1.3020514244552484
3,2,condensed,147,0.6729444732424258,1.6808842294009625
3,2,condensed,266,0.1570037488096647,1.2097349212073116
3,2,condensed,408,2.174751721484161,1.201394948793518
3,2,condensed,459,1.0784095813505903,1.3458043868946652
3,2,condensed,335,0.0,1.4636457554697029
3,2,condensed,76,0.0,1.3290682634305258
3,2,condensed,36,0.0,1.68882556962751
3,2,condensed,27,0.0,1.4371118877457993
3,2,condensed,345,1.9213246735826988,1.2662208639088262
3,2,condensed,455,0.0,1.6013111471951869
3,2,condensed,43,0.0,1.4630826645105457
3,2,condensed,475,1.4327007339340463,1.3804010200823023
3,2,condensed,34,0.0,1.5902367168927065
3,2,condensed,218,3.487986511734546,1.8954133599574348
3,2,condensed,145,0.6418538861723947,1.656024118851223
3,2,condensed,242,2.4096441652874536,1.1841295842601276
3,2,condensed,187,2.1162555148025524,1.3223097956344314
3,2,condensed,100,0.0,1.2719416778163033
3,2,condensed,37,0.0,1.6251315274410079
4,1,null,510,0.3576744442718159,1.0664948316960507
4,1,null,426,0.0,1.0664948316960507
4,1,null,52,0.0,1.0664948316960507
4,1,null,187,2.1162555148025524,1.0664948316960507
4,1,null,326,0.0,1.0664948316960507
4,1,null,198,2.50470927708418,1.0664948316960507
4,1,null,12,0.0,1.0664948316960507
4,1,null,245,0.5653138090500605,1.0664948316960507
4,1,null,100,0.0,1.0664948316960507
4,1,null,239,0.0,1.0664948316960507
4,1,null,345,1.9213246735826988,1.0664948316960507
4,1,null,266,0.1570037488096647,1.0664948316960507
4,1,null,359,2.21046980408624,1.0664948316960507
4,1,null,85,0.0,1.0664948316960507
4,1,null,82,0.0,1.0664948316960507
4,1,null,341,0.0,1.0664948316960507
4,1,null,200,2.528125768907977,1.0664948316960507
4,1,null,142,0.47623417899637155,1.0664948316960507
4,1,null,347,0.0,1.0664948316960507
4,1,null,156,0.9593502213346021,1.0664948316960507
4,1,null,437,0.0,1.0664948316960507
4,1,null,147,0.6729444732424258,1.0664948316960507
4,1,null,502,0.0,1.0664948316960507
4,1,null,235,5.285637313390662,1.0664948316960507
4,1,null,223,3.6381123370602833,1.0664948316960507
4,1,null,475,1.4327007339340463,1.0664948316960507
4,1,null,210,3.2280337626529665,1.0664948316960507
4,1,null,261,1.4586150226995167,1.0664948316960507
4,1,null,164,1.1019400787607843,1.0664948316960507
4,1,null,162,1.0784095813505903,1.0664948316960507
4,1,null,499,2.469793011977952,1.0664948316960507
4,1,null,321,2.105352923464337,1.0664948316960507
4,1,null,301,1.5085119938441398,1.0664948316960507
4,1,null,469,4.129228964075603,1.0664948316960507
4,1,null,237,5.365415110080531,1.0664948316960507
4,1,null,185,2.0844290831908747,1.0664948316960507
4,1,null,378,0.0,1.0664948316960507
4,1,null,354,1.9416152247724325,1.0664948316960507
4,1,null,324,1.6900958154515549,1.0664948316960507
4,1,null,409,0.0,1.0664948316960507
4,1,null,7,0.0,1.0664948316960507
4,1,null,328,0.0,1.0664948316960507
4,1,null,169,1.2669476034873244,1.0664948316960507
4,1,null,313,0.0,1.0664948316960507
4,1,null,188,2.128231705849268,1.0664948316960507
4,1,null,286,0.0,1.0664948316960507
4,1,null,27,0.0,1.0664948316960507
4,1,null,314,0.9477893989335261,1.0664948316960507
4,1,null,209,3.1949928844048685,1.0664948316960507
4,1,null,337,4.04375277610604,1.0664948316960507
4,1,null,243,0.0,1.0664948316960507
4,1,null,465,2.0592388343623163,1.0664948316960507
4,1,null,57,0.0,1.0664948316960507
4,1,null,439,0.28517894223366247,1.0664948316960507
4,1,null,421,0.0,1.0664948316960507
4,1,null,160,1.0116009116784799,1.0664948316960507
4,1,null,76,0.0,1.0664948316960507
4,1,null,232,4.648133885420207,1.0664948316960507
4,1,null,377,5.168379509433644,1.0664948316960507
4,1,null,300,0.0,1.0664948316960507
4,1,null,117,0.0,1.0664948316960507
4,1,null,20,0.0,1.0664948316960507
4,1,null,427,1.208960345836975,1.0664948316960507
4,1,null,23,0.0,1.0664948316960507
4,1,null,81,0.0,1.0664948316960507
4,1,null,312,0.0,1.0664948316960507
4,1,null,287,0.0,1.0664948316960507
4,1,null,383,3.7812307151781224,1.0664948316960507
4,1,null,149,0.7514160886839212,1.0664948316960507
4,1,null,167,1.2556160374777743,1.0664948316960507
4,1,null,224,3.6560979645895566,1.0664948316960507
4,1,null,472,1.0784095813505903,1.0664948316960507
4,1,null,163,1.0818051703517284,1.0664948316960507
4,1,null,179,1.8293763327993617,1.0664948316960507
4,1,null,189,2.2235418856535927,1.0664948316960507
4,1,null,289,0.0,1.0664948316960507
4,1,null,415,6.616439947564594,1.0664948316960507
4,1,null,476,1.0152306797290584,1.0664948316960507
4,1,null,112,0.0,1.0664948316960507
4,1,null,315,0.0,1.0664948316960507
4,1,null,191,2.2700619012884857,1.0664948316960507
4,1,null,173,1.4036429994545037,1.0664948316960507
4,1,null,338,2.1377104498038118,1.0664948316960507
4,1,null,350,1.5496879080283263,1.0664948316960507
4,1,null,418,1.235471471385307,1.0664948316960507
4,1,null,290,0.0,1.0664948316960507
4,1,null,416,2.081938421878423,1.0664948316960507
4,1,null,134,0.0,1.0664948316960507
4,1,null,403,0.0,1.0664948316960507
4,1,null,204,2.7073833121145063,1.0664948316960507
4,1,null,249,1.244154593958768,1.0664948316960507
4,1,null,446,0.0,1.0664948316960507
4,1,null,423,0.5423242908253617,1.0664948316960507
4,1,null,135,0.0,1.0664948316960507
4,1,null,373,0.0,1.0664948316960507
4,1,null,44,0.0,1.0664948316960507
4,1,null,334,0.0,1.0664948316960507
4,1,null,380,2.166765369851511,1.0664948316960507
4,1,null,404,1.951608170169951,1.0664948316960507
4,1,null,25,0.0,1.0664948316960507
4,1,null,37,0.0,1.0664948316960507
4,1,null,60,0.0,1.0664948316960507
4,1,null,32,0.0,1.0664948316960507
4,1,null,310,0.0,1.0664948316960507
4,1,null,93,0.0,1.0664948316960507
4,1,null,216,3.4170707308184456,1.0664948316960507
4,1,null,122,0.0,1.0664948316960507
4,1,null,119,0.0,1.0664948316960507
4,1,null,203,2.6878474937846906,1.0664948316960507
4,1,null,226,3.9193957597575593,1.0664948316960507
4,1,null,327,0.0,1.0664948316960507
4,1,null,490,0.0,1.0664948316960507
4,1,null,79,0.0,1.0664948316960507
4,1,null,379,0.0,1.0664948316960507
4,1,null,340,1.5953389880545987,1.0664948316960507
4,1,null,274,2.5006159434931803,1.0664948316960507
4,1,null,123,0.0,1.0664948316960507
4,1,null,349,0.9707789171582246,1.0664948316960507
4,1,null,118,0.0,1.0664948316960507
4,1,null,504,3.923753928303845,1.0664948316960507
4,1,null,424,1.7850704810772584,1.0664948316960507
4,1,null,74,0.0,1.0664948316960507
4,1,null,455,0.0,1.0664948316960507
4,1,null,511,0.0,1.0664948316960507
4,1,null,220,3.4986265269937014,1.0664948316960507
4,1,null,212,3.3006401266708405,1.0664948316960507
4,1,null,417,0.0,1.0664948316960507
4,1,null,414,0.0,1.0664948316960507
4,1,null,509,1.1537315878891892,1.0664948316960507
4,1,null,116,0.0,1.0664948316960507
4,1,null,56,0.0,1.0664948316960507
4,1,null,431,1.9960599327407849,1.0664948316960507
4,1,null,281,3.2492110246642736,1.0664948316960507
4,1,null,143,0.5364933705145685,1.0664948316960507
4,1,null,144,0.5709795465857378,1.0664948316960507
4,1,null,215,3.389799336709786,1.0664948316960507
4,1,null,51,0.0,1.0664948316960507
4,1,null,448,0.0,1.0664948316960507
4,1,null,61,0.0,1.0664948316960507
4,1,null,14,0.0,1.0664948316960507
4,1,null,197,2.4898941912990393,1.0664948316960507
4,1,null,244,1.3532545070416904,1.0664948316960507
4,1,null,265,0.5822156198526637,1.0664948316960507
4,1,null,319,1.6882490928583902,1.0664948316960507
4,1,null,83,0.0,1.0664948316960507
4,1,null,258,0.0,1.0664948316960507
4,1,null,461,0.0,1.0664948316960507
4,1,null,438,2.005525858729668,1.0664948316960507
4,1,null,471,3.675794214565281,1.0664948316960507
4,1,null,370,2.4898941912990393,1.0664948316960507
4,1,null,141,0.4382549309311553,1.0664948316960507
4,1,null,467,1.8794650496471605,1.0664948316960507
4,1,null,368,2.613006652415316,1.0664948316960507
4,1,null,449,0.0,1.0664948316960507
4,1,null,276,2.93651291389402,1.0664948316960507
4,1,null,136,0.0,1.0664948316960507
4,1,null,104,0.0,1.0664948316960507
4,1,null,388,3.392492941032009,1.0664948316960507
4,1,null,154,0.9001613499442714,1.0664948316960507
4,1,null,353,1.000631880307906,1.0664948316960507
4,1,null,108,0.0,1.0664948316960507
4,1,null,19,0.0,1.0664948316960507
4,1,null,4,0.0,1.0664948316960507
4,1,null,97,0.0,1.0664948316960507
4,1,null,39,0.0,1.0664948316960507
4,1,null,372,0.0,1.0664948316960507
4,1,null,0,0.0,1.0664948316960507
4,1,null,6,0.0,1.0664948316960507
4,1,null,55,0.0,1.0664948316960507
4,1,null,151,0.8586616190375188,1.0664948316960507
4,1,null,497,2.7523860149222616,1.0664948316960507
4,1,null,181,1.8625285401162623,1.0664948316960507
4,1,null,247,0.5596157879354227,1.0664948316960507
4,1,null,129,0.0,1.0664948316960507
4,1,null,254,2.428336298299606,1.0664948316960507
4,1,null,71,0.0,1.0664948316960507
4,1,null,49,0.0,1.0664948316960507
4,1,null,406,1.599387576580599,1.0664948316960507
4,1,null,392,4.27332721775054,1.0664948316960507
4,1,null,395,3.966132331075178,1.0664948316960507
4,1,null,84,0.0,1.0664948316960507
4,1,null,506,0.0,1.0664948316960507
4,1,null,335,0.0,1.0664948316960507
4,1,null,171,1.3056264580524357,1.0664948316960507
4,1,null,507,0.0,1.0664948316960507
4,1,null,176,1.724550719534605,1.0664948316960507
4,1,null,279,2.3767644911682972,1.0664948316960507
4,1,null,311,2.727199019940971,1.0664948316960507
4,1,null,192,2.2731562823032334,1.0664948316960507
4,1,null,397,1.5325568680981427,1.0664948316960507
4,1,null,78,0.0,1.0664948316960507
4,1,null,278,3.136797713832594,1.0664948316960507
4,1,null,387,0.0,1.0664948316960507
4,1,null,284,3.228430037673012,1.0664948316960507
4,1,null,308,0.0,1.0664948316960507
4,1,null,272,1.4085449700547104,1.0664948316960507
4,1,null,432,0.0,1.0664948316960507
4,1,null,363,1.3686394258811698,1.0664948316960507
4,1,null,90,0.0,1.0664948316960507
4,1,null,15,0.0,1.0664948316960507
4,1,null,292,1.2919836816486494,1.0664948316960507
4,1,null,153,0.9001613499442714,1.0664948316960507
4,1,null,182,1.998773638612381,1.0664948316960507
4,1,null,277,2.462149662665384,1.0664948316960507
4,1,null,267,0.0,1.0664948316960507
4,1,null,138,0.30748469974796055,1.0664948316960507
4,1,null,17,0.0,1.0664948316960507
4,1,null,352,1.1085626195212777,1.0664948316960507
4,1,null,477,2.1234584270966104,1.0664948316960507
4,1,null,488,3.8649313978942956,1.0664948316960507
4,1,null,94,0.0,1.0664948316960507
4,1,null,231,4.566221435849517,1.0664948316960507
4,1,null,45,0.0,1.0664948316960507
4,1,null,503,1.0818051703517284,1.0664948316960507
4,1,null,137,0.0,1.0664948316960507
4,1,null,271,2.329227023940467,1.0664948316960507
4,1,null,457,4.427836170705175,1.0664948316960507
4,1,null,9,0.0,1.0664948316960507
4,1,null,246,0.08617769624105241,1.0664948316960507
4,1,null,177,1.7387102481382397,1.0664948316960507
4,1,null,63,0.0,1.0664948316960507
4,1,null,322,0.6981347220709843,1.0664948316960507
4,1,null,413,0.0,1.0664948316960507
4,1,null,447,0.0,1.0664948316960507
4,1,null,348,0.0,1.0664948316960507
4,1,null,262,1.6582280766035324,1.0664948316960507
4,1,null,10,0.0,1.0664948316960507
4,1,null,54,0.0,1.0664948316960507
4,1,null,346,3.3738261848660236,1.0664948316960507
4,1,null,8,0.0,1.0664948316960507
4,1,null,106,0.0,1.0664948316960507
4,1,null,132,0.0,1.0664948316960507
4,1,null,419,1.3987168811184478,1.0664948316960507
4,1,null,11,0.0,1.0664948316960507
4,1,null,296,0.6418538861723947,1.0664948316960507
4,1,null,228,4.175924549214524,1.0664948316960507
4,1,null,325,0.0,1.0664948316960507
4,1,null,486,1.0986122886681098,1.0664948316960507
4,1,null,161,1.0647107369924282,1.0664948316960507
4,1,null,344,1.9600947840472698,1.0664948316960507
4,1,null,26,0.0,1.0664948316960507
4,1,null,41,0.0,1.0664948316960507
4,1,null,241,0.0,1.0664948316960507
4,1,null,401,1.7833912195575383,1.0664948316960507
4,1,null,86,0.0,1.0664948316960507
4,1,null,31,0.0,1.0664948316960507
4,1,null,407,0.0,1.0664948316960507
4,1,null,145,0.6418538861723947,1.0664948316960507
4,1,null,434,0.0,1.0664948316960507
4,1,null,309,0.0,1.0664948316960507
4,1,null,420,5.229824370102736,1.0664948316960507
4,1,null,67,0.0,1.0664948316960507
4,1,null,371,0.0,1.0664948316960507
4,1,null,396,1.534714366238164,1.0664948316960507
4,1,null,331,2.8118094353930627,1.0664948316960507
4,1,null,493,3.7914360424390283,1.0664948316960507
4,1,null,236,5.307970623576175,1.0664948316960507
4,1,null,217,3.4442568711226023,1.0664948316960507
4,1,null,218,3.487986511734546,1.0664948316960507
4,1,knn,510,0.3576744442718159,1.132644421708029
4,1,knn,426,0.0,1.1179335013259555
4,1,knn,52,0.0,0.9042652196320904
4,1,knn,187,2.1162555148025524,0.8222232451024208
4,1,knn,326,0.0,1.5620529605847657
4,1,knn,198,2.50470927708418,0.9307136085834364
4,1,knn,12,0.0,1.5691253823233815
4,1,knn,245,0.5653138090500605,1.1893731136079067
4,1,knn,100,0.0,1.0286838798800944
4,1,knn,239,0.0,1.001683493740278
4,1,knn,345,1.9213246735826988,0.496513109184215
4,1,knn,266,0.1570037488096647,0.7372131318080546
4,1,knn,359,2.21046980408624,1.0748051820135702
4,1,knn,85,0.0,0.49745120370994805
4,1,knn,82,0.0,0.7425636724029766
4,1,knn,341,0.0,1.5849103292895947
4,1,knn,200,2.528125768907977,1.1290182715129287
4,1,knn,142,0.47623417899637155,1.772930910467052
4,1,knn,347,0.0,0.8326419496261074
4,1,knn,156,0.9593502213346021,1.149505510604659
4,1,knn,437,0.0,1.2188342627918642
4,1,knn,147,0.6729444732424258,1.2582925934325313
4,1,knn,502,0.0,1.4275144334060847
4,1,knn,235,5.285637313390662,2.2401053799564274
4,1,knn,223,3.6381123370602833,0.5352020659971616
4,1,knn,475,1.4327007339340463,0.9890150913920903
4,1,knn,210,3.2280337626529665,0.9098452331660501
4,1,knn,261,1.4586150226995167,1.154515282771337
4,1,knn,164,1.1019400787607843,1.577631666276571
4,1,knn,162,1.0784095813505903,0.9961257669605071
4,1,knn,499,2.469793011977952,0.0006606008643674636
4,1,knn,321,2.105352923464337,1.3152784386199914
4,1,knn,301,1.5085119938441398,1.2207410834275647
4,1,knn,469,4.129228964075603,0.9852880561646661
4,1,knn,237,5.365415110080531,0.6213668812411605
4,1,knn,185,2.0844290831908747,0.75721866036986
4,1,knn,378,0.0,1.2297006372381067
4,1,knn,354,1.9416152247724325,0.735526631629472
4,1,knn,324,1.6900958154515549,0.8124044849505023
4,1,knn,409,0.0,0.8329813213351871
4,1,knn,7,0.0,1.3112071044623794
4,1,knn,328,0.0,1.5170613671218907
4,1,knn,169,1.2669476034873244,1.4964339723157987
4,1,knn,313,0.0,2.426696726898189
4,1,knn,188,2.128231705849268,0.9546442960757316
4,1,knn,286,0.0,1.1243152677546988
4,1,knn,27,0.0,1.0331393966875548
4,1,knn,314,0.9477893989335261,0.869537134988163
4,1,knn,209,3.1949928844048685,0.8251288294190083
4,1,knn,337,4.04375277610604,0.41655848193659484
4,1,knn,243,0.0,0.001544357496657127
4,1,knn,465,2.0592388343623163,0.2463444513003483
4,1,knn,57,0.0,0.543608182083123
4,1,knn,439,0.28517894223366247,0.8603590252688397
4,1,knn,421,0.0,1.6595018109229966
4,1,knn,160,1.0116009116784799,1.2423643813870935
4,1,knn,76,0.0,1.3956246553583413
4,1,knn,232,4.648133885420207,1.0410381334326118
4,1,knn,377,5.168379509433644,0.6589140674693378
4,1,knn,300,0.0,1.4527019307416003
4,1,knn,117,0.0,0.9475006123306453
4,1,knn,20,0.0,1.0424123613830552
4,1,knn,427,1.208960345836975,0.8351360777665761
4,1,knn,23,0.0,1.932344802046773
4,1,knn,81,0.0,0.5224935439872989
4,1,knn,312,0.0,1.027425688864776
4,1,knn,287,0.0,1.2937264944294555
4,1,knn,383,3.7812307151781224,1.2348371215657912
4,1,knn,149,0.7514160886839212,1.125806564620718
4,1,knn,167,1.2556160374777743,1.295839489260603
4,1,knn,224,3.6560979645895566,1.2677636360443845
4,1,knn,472,1.0784095813505903,1.6556999872278333
4,1,knn,163,1.0818051703517284,1.8639235335046307
4,1,knn,179,1.8293763327993617,1.640436042147146
4,1,knn,189,2.2235418856535927,1.7684463683406744
4,1,knn,289,0.0,0.9838903170434199
4,1,knn,415,6.616439947564594,1.7136470630453007
4,1,knn,476,1.0152306797290584,0.9016337456750197
4,1,knn,112,0.0,0.8448130305582789
4,1,knn,315,0.0,1.164670394378639
4,1,knn,191,2.2700619012884857,1.4569569103151978
4,1,knn,173,1.4036429994545037,0.6225191254658963
4,1,knn,338,2.1377104498038118,1.7955738423105974
4,1,knn,350,1.5496879080283263,0.8326419496261074
4,1,knn,418,1.235471471385307,1.0365529663253672
4,1,knn,290,0.0,0.8936438848613687
4,1,knn,416,2.081938421878423,0.6125927339483715
4,1,knn,134,0.0,0.736140048348785
4,1,knn,403,0.0,1.3575769549403571
4,1,knn,204,2.7073833121145063,1.0257935258844704
4,1,knn,249,1.244154593958768,1.1623766645533533
4,1,knn,446,0.0,0.8176381828077197
4,1,knn,423,0.5423242908253617,0.7627568270385597
4,1,knn,135,0.0,1.123587604762497
4,1,knn,373,0.0,1.1723778253153314
4,1,knn,44,0.0,0.8711928766112772
4,1,knn,334,0.0,1.1024355878376646
4,1,knn,380,2.166765369851511,1.2817911838826184
4,1,knn,404,1.951608170169951,0.7156382529579166
4,1,knn,25,0.0,1.4062365699087844
4,1,knn,37,0.0,1.3000422183066063
4,1,knn,60,0.0,1.091328173062056
4,1,knn,32,0.0,0.3038603051639786
4,1,knn,310,0.0,1.1928059886816336
4,1,knn,93,0.0,1.9696275779385548
4,1,knn,216,3.4170707308184456,0.9358011904248276
4,1,knn,122,0.0,1.3939779906245406
4,1,knn,119,0.0,0.9552171607177378
4,1,knn,203,2.6878474937846906,1.885498121108727
4,1,knn,226,3.9193957597575593,2.0516945772693855
4,1,knn,327,0.0,1.8120519856923398
4,1,knn,490,0.0,1.4847693858134743
4,1,knn,79,0.0,0.3452629336549171
4,1,knn,379,0.0,0.20804228519215678
4,1,knn,340,1.5953389880545987,0.8297224777548227
4,1,knn,274,2.5006159434931803,1.8654423474471462
4,1,knn,123,0.0,0.40724132364790994
4,1,knn,349,0.9707789171582246,1.2594650815002681
4,1,knn,118,0.0,1.098580181290988
4,1,knn,504,3.923753928303845,1.146234790536133
4,1,knn,424,1.7850704810772584,1.4593063920525196
4,1,knn,74,0.0,0.9855263063603356
4,1,knn,455,0.0,1.3188562643255173
4,1,knn,511,0.0,2.2192293665985408
4,1,knn,220,3.4986265269937014,1.91635807966072
4,1,knn,212,3.3006401266708405,1.0191372763823876
4,1,knn,417,0.0,0.7118081903605782
4,1,knn,414,0.0,1.356809994459447
4,1,knn,509,1.1537315878891892,0.000876877428253178
4,1,knn,116,0.0,0.6322097585770882
4,1,knn,56,0.0,0.6104090617446266
4,1,knn,431,1.9960599327407849,0.4947607646866021
4,1,knn,281,3.2492110246642736,1.4251794578154326
4,1,knn,143,0.5364933705145685,0.6766661973303291
4,1,knn,144,0.5709795465857378,0.8871333699070216
4,1,knn,215,3.389799336709786,1.073123233239415
4,1,knn,51,0.0,0.708940029157122
4,1,knn,448,0.0,1.15859066660534
4,1,knn,61,0.0,1.1544224043584024
4,1,knn,14,0.0,2.39837265838933
4,1,knn,197,2.4898941912990393,1.4492382298435451
4,1,knn,244,1.3532545070416904,1.0247648055748788
4,1,knn,265,0.5822156198526637,0.9773313782952626
4,1,knn,319,1.6882490928583902,1.9185087586641234
4,1,knn,83,0.0,0.6092418339067306
4,1,knn,258,0.0,1.6153446117223076
4,1,knn,461,0.0,1.35130597369979
4,1,knn,438,2.005525858729668,1.3885926673349602
4,1,knn,471,3.675794214565281,0.7197666190822624
4,1,knn,370,2.4898941912990393,1.0064421122251719
4,1,knn,141,0.4382549309311553,0.5618029429148996
4,1,knn,467,1.8794650496471605,0.8397511914176364
4,1,knn,368,2.613006652415316,1.7617945518951739
4,1,knn,449,0.0,1.4958118271626224
4,1,knn,276,2.93651291389402,1.1636290055215865
4,1,knn,136,0.0,0.8876592049471719
4,1,knn,104,0.0,0.900094620356016
4,1,knn,388,3.392492941032009,0.8845616582766538
4,1,knn,154,0.9001613499442714,1.55413251521401
4,1,knn,353,1.000631880307906,0.7120508926724216
4,1,knn,108,0.0,1.2420326665192682
4,1,knn,19,0.0,1.3016597422377039
4,1,knn,4,0.0,0.8638840930947855
4,1,knn,97,0.0,0.4149814551391653
4,1,knn,39,0.0,0.6917786090046147
4,1,knn,372,0.0,0.8816669214078189
4,1,knn,0,0.0,1.7363674079002143
4,1,knn,6,0.0,2.1599326843004727
4,1,knn,55,0.0,1.100819673088233
4,1,knn,151,0.8586616190375188,1.3491263065765242
4,1,knn,497,2.7523860149222616,1.5252439960295767
4,1,knn,181,1.8625285401162623,2.210856704275538
4,1,knn,247,0.5596157879354227,1.2654203840332163
4,1,knn,129,0.0,1.0392522362955285
4,1,knn,254,2.428336298299606,0.44352419157949596
4,1,knn,71,0.0,1.1941183113460467
4,1,knn,49,0.0,1.340755385253138
4,1,knn,406,1.599387576580599,0.9784089947633735
4,1,knn,392,4.27332721775054,0.9204945378250194
4,1,knn,395,3.966132331075178,0.6746433501369739
4,1,knn,84,0.0,0.3827839068523454
4,1,knn,506,0.0,0.942786620725978
4,1,knn,335,0.0,0.34736929899138486
4,1,knn,171,1.3056264580524357,2.196450675955544
4,1,knn,507,0.0,1.3376399312308047
4,1,knn,176,1.724550719534605,1.6661312463700355
4,1,knn,279,2.3767644911682972,1.1636290055215865
4,1,knn,311,2.727199019940971,0.4235075213353956
4,1,knn,192,2.2731562823032334,1.2321618876326978
4,1,knn,397,1.5325568680981427,2.5240355393163987
4,1,knn,78,0.0,0.9641437829252876
4,1,knn,278,3.136797713832594,1.1636290055215865
4,1,knn,387,0.0,0.9642177651292497
4,1,knn,284,3.228430037673012,1.4202973085846462
4,1,knn,308,0.0,0.9090121072175433
4,1,knn,272,1.4085449700547104,1.0012220077671279
4,1,knn,432,0.0,1.4854324743551521
4,1,knn,363,1.3686394258811698,0.481156452423853
4,1,knn,90,0.0,1.8021158232978511
4,1,knn,15,0.0,1.8960220958035303
4,1,knn,292,1.2919836816486494,0.7159704926002447
4,1,knn,153,0.9001613499442714,1.3390386872670514
4,1,knn,182,1.998773638612381,0.7588537828808672
4,1,knn,277,2.462149662665384,0.9757721303821633
4,1,knn,267,0.0,0.6543227578976077
4,1,knn,138,0.30748469974796055,1.3837676143039674
4,1,knn,17,0.0,2.098829802252989
4,1,knn,352,1.1085626195212777,0.6811159418696681
4,1,knn,477,2.1234584270966104,0.9482348552061148
4,1,knn,488,3.8649313978942956,1.0939852041212081
4,1,knn,94,0.0,2.043672156488191
4,1,knn,231,4.566221435849517,1.4567518949037979
4,1,knn,45,0.0,1.4361861179731483
4,1,knn,503,1.0818051703517284,1.3473246823512086
4,1,knn,137,0.0,0.8855970792677162
4,1,knn,271,2.329227023940467,1.7280995037498081
4,1,knn,457,4.427836170705175,1.0172229130860058
4,1,knn,9,0.0,2.099996984533516
4,1,knn,246,0.08617769624105241,1.580345843995219
4,1,knn,177,1.7387102481382397,0.5045370425956455
4,1,knn,63,0.0,0.5358064361964131
4,1,knn,322,0.6981347220709843,2.157949497807729
4,1,knn,413,0.0,1.3043185829221768
4,1,knn,447,0.0,0.6484186495980855
4,1,knn,348,0.0,1.4850834603564036
4,1,knn,262,1.6582280766035324,0.8105160994421466
4,1,knn,10,0.0,1.8810414316086275
4,1,knn,54,0.0,0.5933589666167359
4,1,knn,346,3.3738261848660236,1.0164971678944696
4,1,knn,8,0.0,1.6949777563183768
4,1,knn,106,0.0,0.9297133769175725
4,1,knn,132,0.0,0.9250023953708104
4,1,knn,419,1.3987168811184478,1.0942844867299735
4,1,knn,11,0.0,1.1254628311734864
4,1,knn,296,0.6418538861723947,0.6658189404274694
4,1,knn,228,4.175924549214524,2.6852091051247657
4,1,knn,325,0.0,0.9056361763204441
4,1,knn,486,1.0986122886681098,1.022374620576205
4,1,knn,161,1.0647107369924282,1.0636993776006556
4,1,knn,344,1.9600947840472698,0.7291746300467841
4,1,knn,26,0.0,1.3462992438846415
4,1,knn,41,0.0,1.3913953427231593
4,1,knn,241,0.0,0.5400609253597879
4,1,knn,401,1.7833912195575383,1.2546914502670883
4,1,knn,86,0.0,0.5256811954197421
4,1,knn,31,0.0,1.3587524097775938
4,1,knn,407,0.0,0.4828234822675321
4,1,knn,145,0.6418538861723947,2.2215973151107375
4,1,knn,434,0.0,0.9363221281310857
4,1,knn,309,0.0,0.8369656288383449
4,1,knn,420,5.229824370102736,1.1883910497633308
4,1,knn,67,0.0,0.5187566807606396
4,1,knn,371,0.0,0.9286383143250335
4,1,knn,396,1.534714366238164,1.179769483125994
4,1,knn,331,2.8118094353930627,1.756917239494568
4,1,knn,493,3.7914360424390283,0.40687970668906964
4,1,knn,236,5.307970623576175,0.7381410478308083
4,1,knn,217,3.4442568711226023,1.077975361776562
4,1,knn,218,3.487986511734546,1.3462613712099203
4,1,edited,510,0.3576744442718159,0.38603960056324155
4,1,edited,426,0.0,0.4713031892894152
4,1,edited,52,0.0,0.4319714101236868
4,1,edited,187,2.1162555148025524,0.3764378659731968
4,1,edited,326,0.0,0.458385820816224
4,1,edited,198,2.50470927708418,0.25216241128857436
4,1,edited,12,0.0,0.6825192012961078
4,1,edited,245,0.5653138090500605,0.34740085014486227
4,1,edited,100,0.0,0.3730383967172545
4,1,edited,239,0.0,0.6413587558599174
4,1,edited,345,1.9213246735826988,0.35146709044001195
4,1,edited,266,0.1570037488096647,0.5773770819661344
4,1,edited,359,2.21046980408624,0.4371295751192049
4,1,edited,85,0.0,0.33220809856136013
4,1,edited,82,0.0,0.2772517637702197
4,1,edited,341,0.0,0.6922028801302398
4,1,edited,200,2.528125768907977,0.44470868050667545
4,1,edited,142,0.47623417899637155,0.8165907193112947
4,1,edited,347,0.0,0.2144717211815252
4,1,edited,156,0.9593502213346021,0.32213304005236243
4,1,edited,437,0.0,0.4636938568212518
4,1,edited,147,0.6729444732424258,0.38845795730511723
4,1,edited,502,0.0,0.13356836202121045
4,1,edited,235,5.285637313390662,0.8468118966877889
4,1,edited,223,3.6381123370602833,0.12854374011459008
4,1,edited,475,1.4327007339340463,0.2123515283747239
4,1,edited,210,3.2280337626529665,0.4706358585726057
4,1,edited,261,1.4586150226995167,0.38887688981045365
4,1,edited,164,1.1019400787607843,0.46118792264881314
4,1,edited,162,1.0784095813505903,0.4211821220815095
4,1,edited,499,2.469793011977952,0.1504347161413086
4,1,edited,321,2.105352923464337,0.39340843185853125
4,1,edited,301,1.5085119938441398,0.8810519512915966
4,1,edited,469,4.129228964075603,0.5302116796170873
4,1,edited,237,5.365415110080531,0.36166547671914673
4,1,edited,185,2.0844290831908747,0.2718351121231697
4,1,edited,378,0.0,0.7919197330952689
4,1,edited,354,1.9416152247724325,0.292668212396815
4,1,edited,324,1.6900958154515549,0.4208033158506314
4,1,edited,409,0.0,0.31679977555945066
4,1,edited,7,0.0,0.599436165405512
4,1,edited,328,0.0,0.49326605325425343
4,1,edited,169,1.2669476034873244,0.7435575773634545
4,1,edited,313,0.0,0.6117393269119038
4,1,edited,188,2.128231705849268,0.3867512779445934
4,1,edited,286,0.0,0.7421646723034268
4,1,edited,27,0.0,0.3109412459618213
4,1,edited,314,0.9477893989335261,0.42084085848863906
4,1,edited,209,3.1949928844048685,0.42601287416878997
4,1,edited,337,4.04375277610604,0.3541999203632662
4,1,edited,243,0.0,0.10844493021525542
4,1,edited,465,2.0592388343623163,0.47350756363629004
4,1,edited,57,0.0,0.3384958274031859
4,1,edited,439,0.28517894223366247,0.3698505140720272
4,1,edited,421,0.0,0.24361059016480216
4,1,edited,160,1.0116009116784799,0.4382371490525493
4,1,edited,76,0.0,0.9582228432002249
4,1,edited,232,4.648133885420207,0.3469027543365989
4,1,edited,377,5.168379509433644,0.28902435431496454
4,1,edited,300,0.0,0.8165447736290529
4,1,edited,117,0.0,0.3001773624895012
4,1,edited,20,0.0,0.4005519480898937
4,1,edited,427,1.208960345836975,0.3018229648367323
4,1,edited,23,0.0,0.6795344968878597
4,1,edited,81,0.0,0.39298730347508526
4,1,edited,312,0.0,0.6088941616194601
4,1,edited,287,0.0,0.5568007445222677
4,1,edited,383,3.7812307151781224,0.6188847274604916
4,1,edited,149,0.7514160886839212,0.77031559363831
4,1,edited,167,1.2556160374777743,0.6417578059264168
4,1,edited,224,3.6560979645895566,0.4697667008223615
4,1,edited,472,1.0784095813505903,0.3640928488045178
4,1,edited,163,1.0818051703517284,0.6774268149311936
4,1,edited,179,1.8293763327993617,0.7096497261269178
4,1,edited,189,2.2235418856535927,0.6864233444824137
4,1,edited,289,0.0,0.3659782270403609
4,1,edited,415,6.616439947564594,0.6791029402345284
4,1,edited,476,1.0152306797290584,0.406065540593955
4,1,edited,112,0.0,0.4180998262763471
4,1,edited,315,0.0,0.4795483696296281
4,1,edited,191,2.2700619012884857,0.43378469612034753
4,1,edited,173,1.4036429994545037,0.43748375750619517
4,1,edited,338,2.1377104498038118,0.6845427831661715
4,1,edited,350,1.5496879080283263,0.2144717211815252
4,1,edited,418,1.235471471385307,0.3110131048647619
4,1,edited,290,0.0,0.250879852694699
4,1,edited,416,2.081938421878423,0.3934849810725161
4,1,edited,134,0.0,0.3468966869023725
4,1,edited,403,0.0,0.7492442048286412
4,1,edited,204,2.7073833121145063,0.8390780351357505
4,1,edited,249,1.244154593958768,0.4204559693190991
4,1,edited,446,0.0,0.24446262095095364
4,1,edited,423,0.5423242908253617,0.36639125643310205
4,1,edited,135,0.0,0.3752839576977305
4,1,edited,373,0.0,0.3152736707835411
4,1,edited,44,0.0,0.21063833584996158
4,1,edited,334,0.0,0.284728015957869
4,1,edited,380,2.166765369851511,0.32200861164180195
4,1,edited,404,1.951608170169951,0.46237354231843486
4,1,edited,25,0.0,0.5940547956464921
4,1,edited,37,0.0,0.6509121123907535
4,1,edited,60,0.0,0.230834579948664
4,1,edited,32,0.0,0.3658441539500557
4,1,edited,310,0.0,0.4151881453688831
4,1,edited,93,0.0,0.8416373279440579
4,1,edited,216,3.4170707308184456,0.32550237202808635
4,1,edited,122,0.0,0.402946582306847
4,1,edited,119,0.0,0.48864069843676977
4,1,edited,203,2.6878474937846906,0.7011230913357336
4,1,edited,226,3.9193957597575593,0.7270146841327819
4,1,edited,327,0.0,0.4187351097964821
4,1,edited,490,0.0,0.31282312629796294
4,1,edited,79,0.0,0.3330477023302919
4,1,edited,379,0.0,0.6102119230665047
4,1,edited,340,1.5953389880545987,0.4307738107937494
4,1,edited,274,2.5006159434931803,1.1463584530890374
4,1,edited,123,0.0,0.34992210623538966
4,1,edited,349,0.9707789171582246,0.23598279241337142
4,1,edited,118,0.0,0.34797408324024337
4,1,edited,504,3.923753928303845,0.29431813735790036
4,1,edited,424,1.7850704810772584,0.6299055744677717
4,1,edited,74,0.0,0.35419222192519784
4,1,edited,455,0.0,0.281112089054776
4,1,edited,511,0.0,0.6256976378417745
4,1,edited,220,3.4986265269937014,0.7317683096281232
4,1,edited,212,3.3006401266708405,0.716668006781288
4,1,edited,417,0.0,0.7241842401930436
4,1,edited,414,0.0,0.2754427092689803
4,1,edited,509,1.1537315878891892,0.06662786190634495
4,1,edited,116,0.0,0.38589874518635975
4,1,edited,56,0.0,0.19786660127727324
4,1,edited,431,1.9960599327407849,0.2949989610291967
4,1,edited,281,3.2492110246642736,0.7319699062148134
4,1,edited,143,0.5364933705145685,0.1454665172811984
4,1,edited,144,0.5709795465857378,0.31008203991514577
4,1,edited,215,3.389799336709786,0.38964606841322624
4,1,edited,51,0.0,0.4229302216106951
4,1,edited,448,0.0,0.19472768807198468
4,1,edited,61,0.0,0.23441087873846364
4,1,edited,14,0.0,0.5894834709223445
4,1,edited,197,2.4898941912990393,0.5233428482154111
4,1,edited,244,1.3532545070416904,0.2783526573316449
4,1,edited,265,0.5822156198526637,0.23326552926229002
4,1,edited,319,1.6882490928583902,0.4557612648100253
4,1,edited,83,0.0,0.3095622689150529
4,1,edited,258,0.0,0.2710415063156343
4,1,edited,461,0.0,0.6320882090667461
4,1,edited,438,2.005525858729668,0.15575344962656154
4,1,edited,471,3.675794214565281,0.3188602649803097
4,1,edited,370,2.4898941912990393,0.15137350866345806
4,1,edited,141,0.4382549309311553,0.28177020693798177
4,1,edited,467,1.8794650496471605,0.405600141080469
4,1,edited,368,2.613006652415316,0.6859630713911169
4,1,edited,449,0.0,0.2879746819006254
4,1,edited,276,2.93651291389402,0.6556445477716446
4,1,edited,136,0.0,0.259442259628844
4,1,edited,104,0.0,0.5543172858216622
4,1,edited,388,3.392492941032009,0.3840663499699813
4,1,edited,154,0.9001613499442714,0.36892187375623203
4,1,edited,353,1.000631880307906,0.3349202133207978
4,1,edited,108,0.0,0.5115987916011323
4,1,edited,19,0.0,0.5184627552075587
4,1,edited,4,0.0,0.7986511603937199
4,1,edited,97,0.0,0.4967225716490988
4,1,edited,39,0.0,0.28819865348799756
4,1,edited,372,0.0,0.20792546001532042
4,1,edited,0,0.0,0.7736982260943642
4,1,edited,6,0.0,0.762067088288962
4,1,edited,55,0.0,0.3424142121839718
4,1,edited,151,0.8586616190375188,0.8775395170292641
4,1,edited,497,2.7523860149222616,0.28563705124964844
4,1,edited,181,1.8625285401162623,0.7386651253956158
4,1,edited,247,0.5596157879354227,0.26793149211486783
4,1,edited,129,0.0,0.3273275648327504
4,1,edited,254,2.428336298299606,0.4768725960523812
4,1,edited,71,0.0,0.6252474236812915
4,1,edited,49,0.0,0.4862928676920149
4,1,edited,406,1.599387576580599,0.20093431726531272
4,1,edited,392,4.27332721775054,0.20331549059925305
4,1,edited,395,3.966132331075178,0.4711101721186793
4,1,edited,84,0.0,0.34257034793541435
4,1,edited,506,0.0,0.11880434216243092
4,1,edited,335,0.0,0.19710938607723197
4,1,edited,171,1.3056264580524357,0.8067140836586966
4,1,edited,507,0.0,0.3736328916432996
4,1,edited,176,1.724550719534605,0.7831106857212018
4,1,edited,279,2.3767644911682972,0.6556445477716446
4,1,edited,311,2.727199019940971,0.3361846909628212
4,1,edited,192,2.2731562823032334,0.34276315261375606
4,1,edited,397,1.5325568680981427,0.46059381320264053
4,1,edited,78,0.0,0.17853431746723927
4,1,edited,278,3.136797713832594,0.6556445477716446
4,1,edited,387,0.0,0.670612112788869
4,1,edited,284,3.228430037673012,0.7218624322765231
4,1,edited,308,0.0,0.3604117460682962
4,1,edited,272,1.4085449700547104,0.22961742894434142
4,1,edited,432,0.0,0.681106547752408
4,1,edited,363,1.3686394258811698,0.30592877913499855
4,1,edited,90,0.0,0.636791289485322
4,1,edited,15,0.0,0.6300695315273662
4,1,edited,292,1.2919836816486494,0.40238632001005703
4,1,edited,153,0.9001613499442714,0.34063135193347055
4,1,edited,182,1.998773638612381,0.40888790620733595
4,1,edited,277,2.462149662665384,0.6497114265406329
4,1,edited,267,0.0,0.2773923795222617
4,1,edited,138,0.30748469974796055,1.0366056513395316
4,1,edited,17,0.0,0.8580560351750225
4,1,edited,352,1.1085626195212777,0.4407235218343752
4,1,edited,477,2.1234584270966104,0.34335136887569007
4,1,edited,488,3.8649313978942956,0.18040940262403263
4,1,edited,94,0.0,0.689153813396141
4,1,edited,231,4.566221435849517,0.37037917121346603
4,1,edited,45,0.0,0.6504599306169296
4,1,edited,503,1.0818051703517284,0.30498237890343277
4,1,edited,137,0.0,0.19811147051575587
4,1,edited,271,2.329227023940467,0.7474886951446492
4,1,edited,457,4.427836170705175,0.18410618371188744
4,1,edited,9,0.0,0.7513688301113126
4,1,edited,246,0.08617769624105241,0.3783032029137067
4,1,edited,177,1.7387102481382397,0.42196864558511954
4,1,edited,63,0.0,0.37327372270153597
4,1,edited,322,0.6981347220709843,0.7566635857101691
4,1,edited,413,0.0,0.358452181280137
4,1,edited,447,0.0,0.5161600485444399
4,1,edited,348,0.0,0.27311412204331625
4,1,edited,262,1.6582280766035324,0.4445847555260434
4,1,edited,10,0.0,0.6706426434473751
4,1,edited,54,0.0,0.42856019474567036
4,1,edited,346,3.3738261848660236,0.4141299102730808
4,1,edited,8,0.0,0.7141756179616764
4,1,edited,106,0.0,0.4177270520195189
4,1,edited,132,0.0,0.8968651845025486
4,1,edited,419,1.3987168811184478,0.33347608894559366
4,1,edited,11,0.0,0.6683291423533535
4,1,edited,296,0.6418538861723947,0.37269183949637935
4,1,edited,228,4.175924549214524,0.48219850299077505
4,1,edited,325,0.0,0.4275314590381298
4,1,edited,486,1.0986122886681098,0.2566557270929299
4,1,edited,161,1.0647107369924282,0.4717685284681909
4,1,edited,344,1.9600947840472698,0.1973727148129484
4,1,edited,26,0.0,0.6969281188057981
4,1,edited,41,0.0,0.3064667603841898
4,1,edited,241,0.0,0.28088290187426795
4,1,edited,401,1.7833912195575383,0.45057601514804024
4,1,edited,86,0.0,0.31389684757707215
4,1,edited,31,0.0,0.40125553158145133
4,1,edited,407,0.0,0.47202702929824225
4,1,edited,145,0.6418538861723947,0.6818354858152934
4,1,edited,434,0.0,0.23532684164363557
4,1,edited,309,0.0,0.391608369271775
4,1,edited,420,5.229824370102736,0.7305184408562015
4,1,edited,67,0.0,0.3656195009475596
4,1,edited,371,0.0,0.18294845579797428
4,1,edited,396,1.534714366238164,0.29533149375877044
4,1,edited,331,2.8118094353930627,0.4162338728072907
4,1,edited,493,3.7914360424390283,0.29968800135130746
4,1,edited,236,5.307970623576175,0.3505837354317255
4,1,edited,217,3.4442568711226023,0.11798948801167156
4,1,edited,218,3.487986511734546,0.4653126494992112
4,1,condensed,510,0.3576744442718159,1.0975628613806214
4,1,condensed,426,0.0,1.324654727716875
4,1,condensed,52,0.0,0.8741525887544976
4,1,condensed,187,2.1162555148025524,0.8877445592268134
4,1,condensed,326,0.0,1.8768365956724342
4,1,condensed,198,2.50470927708418,1.301551338788711
4,1,condensed,12,0.0,1.5027685515963358
4,1,condensed,245,0.5653138090500605,1.1221214565796465
4,1,condensed,100,0.0,1.6427264058395346
4,1,condensed,239,0.0,0.9789547342198851
4,1,condensed,345,1.9213246735826988,0.46319171808206716
4,1,condensed,266,0.1570037488096647,0.7253200566711253
4,1,condensed,359,2.21046980408624,1.430109912055519
4,1,condensed,85,0.0,0.3605441177474301
4,1,condensed,82,0.0,0.9638770639434942
4,1,condensed,341,0.0,1.7668119777598625
4,1,condensed,200,2.528125768907977,1.0882426286809097
4,1,condensed,142,0.47623417899637155,1.5247804075418687
4,1,condensed,347,0.0,1.2799863749829552
4,1,condensed,156,0.9593502213346021,1.360012730708717
4,1,condensed,437,0.0,1.0544554799177932
4,1,condensed,147,0.6729444732424258,1.189134844413887
4,1,condensed,502,0.0,1.604622401018599
4,1,condensed,235,5.285637313390662,1.9726282791705174
4,1,condensed,223,3.6381123370602833,0.9063652023804692
4,1,condensed,475,1.4327007339340463,1.2870019828732158
4,1,condensed,210,3.2280337626529665,1.2376019289988949
4,1,condensed,261,1.4586150226995167,1.0559761445097955
4,1,condensed,164,1.1019400787607843,1.4726539246026007
4,1,condensed,162,1.0784095813505903,1.3346861020805263
4,1,condensed,499,2.469793011977952,1.5845475551024157
4,1,condensed,321,2.105352923464337,1.1076071780359291
4,1,condensed,301,1.5085119938441398,1.8196613437027167
4,1,condensed,469,4.129228964075603,1.5132997871908538
4,1,condensed,237,5.365415110080531,0.7144876209246555
4,1,condensed,185,2.0844290831908747,1.032318111055284
4,1,condensed,378,0.0,1.2687312118773177
4,1,condensed,354,1.9416152247724325,0.9011993110059527
4,1,condensed,324,1.6900958154515549,1.176637033830519
4,1,condensed,409,0.0,1.2552756254799524
4,1,condensed,7,0.0,1.3223928982771718
4,1,condensed,328,0.0,1.4154269936905854
4,1,condensed,169,1.2669476034873244,1.1599824063522042
4,1,condensed,313,0.0,2.7330899630860936
4,1,condensed,188,2.128231705849268,1.2207690740281352
4,1,condensed,286,0.0,1.128415775340726
4,1,condensed,27,0.0,1.2546869046202611
4,1,condensed,314,0.9477893989335261,1.1442031472133682
4,1,condensed,209,3.1949928844048685,1.2993044140215535
4,1,condensed,337,4.04375277610604,0.39203265539791854
4,1,condensed,243,0.0,2.29920156716656
4,1,condensed,465,2.0592388343623163,0.4231175724894838
4,1,condensed,57,0.0,0.8431518773677478
4,1,condensed,439,0.28517894223366247,0.7643612120033335
4,1,condensed,421,0.0,1.6627776456494672
4,1,condensed,160,1.0116009116784799,1.5442464315988593
4,1,condensed,76,0.0,1.2736218122973708
4,1,condensed,232,4.648133885420207,1.2548305928476895
4,1,condensed,377,5.168379509433644,0.9862585497953578
4,1,condensed,300,0.0,2.463797549083656
4,1,condensed,117,0.0,1.2225317035243481
4,1,condensed,20,0.0,1.2548366376755606
4,1,condensed,427,1.208960345836975,1.164526394888662
4,1,condensed,23,0.0,2.181563250277825
4,1,condensed,81,0.0,0.4514700604395835
4,1,condensed,312,0.0,1.502189792900646
4,1,condensed,287,0.0,1.7450527962346587
4,1,condensed,383,3.7812307151781224,1.1067844918188123
4,1,condensed,149,0.7514160886839212,1.3940127683810641
4,1,condensed,167,1.2556160374777743,1.7562927887471902
4,1,condensed,224,3.6560979645895566,1.8994947097850292
4,1,condensed,472,1.0784095813505903,1.984959935640738
4,1,condensed,163,1.0818051703517284,1.7693799191207555
4,1,condensed,179,1.8293763327993617,1.3993861694307808
4,1,condensed,189,2.2235418856535927,1.5521407631857114
4,1,condensed,289,0.0,1.0201923874184748
4,1,condensed,415,6.616439947564594,1.8722391610157831
4,1,condensed,476,1.0152306797290584,0.6864617162584343
4,1,condensed,112,0.0,0.7460656616536004
4,1,condensed,315,0.0,1.7122129501218837
4,1,condensed,191,2.2700619012884857,1.4367778477821451
4,1,condensed,173,1.4036429994545037,0.5202630060004869
4,1,condensed,338,2.1377104498038118,1.7855196450072643
4,1,condensed,350,1.5496879080283263,1.2799863749829552
4,1,condensed,418,1.235471471385307,1.3507920392959014
4,1,condensed,290,0.0,0.9543623643636301
4,1,condensed,416,2.081938421878423,0.6926929768206712
4,1,condensed,134,0.0,0.9342175432176413
4,1,condensed,403,0.0,1.7748020454396856
4,1,condensed,204,2.7073833121145063,0.9373304947171406
4,1,condensed,249,1.244154593958768,1.4699041973962144
4,1,condensed,446,0.0,0.7920078551033632
4,1,condensed,423,0.5423242908253617,0.8263143693521358
4,1,condensed,135,0.0,1.105206871107618
4,1,condensed,373,0.0,1.3280062009062297
4,1,condensed,44,0.0,1.2274199459317738
4,1,condensed,334,0.0,1.2042341097157963
4,1,condensed,380,2.166765369851511,1.643973107144291
4,1,condensed,404,1.951608170169951,0.7296549341902903
4,1,condensed,25,0.0,2.0007580266475227
4,1,condensed,37,0.0,1.0796517040327294
4,1,condensed,60,0.0,0.9617064425711463
4,1,condensed,32,0.0,0.5458560679638151
4,1,condensed,310,0.0,1.3859901034396316
4,1,condensed,93,0.0,2.1821753252563427
4,1,condensed,216,3.4170707308184456,1.0898936839742959
4,1,condensed,122,0.0,1.7187482510241872
4,1,condensed,119,0.0,1.5233591133807436
4,1,condensed,203,2.6878474937846906,1.6853946986259252
4,1,condensed,226,3.9193957597575593,2.127154377363412
4,1,condensed,327,0.0,1.665768059060374
4,1,condensed,490,0.0,1.3631933472386868
4,1,condensed,79,0.0,0.23082298048078972
4,1,condensed,379,0.0,0.9982768086730176
4,1,condensed,340,1.5953389880545987,0.725145448620367
4,1,condensed,274,2.5006159434931803,1.8731639942235192
4,1,condensed,123,0.0,0.44915092165791026
4,1,condensed,349,0.9707789171582246,1.7309370342517585
4,1,condensed,118,0.0,1.4906285280052016
4,1,condensed,504,3.923753928303845,0.8869076582837467
4,1,condensed,424,1.7850704810772584,2.12933227498717
4,1,condensed,74,0.0,0.9677224241739324
4,1,condensed,455,0.0,1.8332967164992184
4,1,condensed,511,0.0,1.8644177794946968
4,1,condensed,220,3.4986265269937014,2.0270819479422473
4,1,condensed,212,3.3006401266708405,1.189175067608354
4,1,condensed,417,0.0,0.7860371930504078
4,1,condensed,414,0.0,1.863141389536005
4,1,condensed,509,1.1537315878891892,1.196591681309295
4,1,condensed,116,0.0,0.9614571208345347
4,1,condensed,56,0.0,0.9126179927731659
4,1,condensed,431,1.9960599327407849,0.8686053753675801
4,1,condensed,281,3.2492110246642736,1.6626484551502243
4,1,condensed,143,0.5364933705145685,0.7888155815036589
4,1,condensed,144,0.5709795465857378,1.1037785664078619
4,1,condensed,215,3.389799336709786,1.2226438319597914
4,1,condensed,51,0.0,0.8412310125889723
4,1,condensed,448,0.0,1.3436489016226936
4,1,condensed,61,0.0,0.8371979523513705
4,1,condensed,14,0.0,2.785598711834829
4,1,condensed,197,2.4898941912990393,1.7110481232439936
4,1,condensed,244,1.3532545070416904,1.38862024259568
4,1,condensed,265,0.5822156198526637,1.2403240658767114
4,1,condensed,319,1.6882490928583902,2.0609747133736898
4,1,condensed,83,0.0,0.6911395648642719
4,1,condensed,258,0.0,2.010048759749339
4,1,condensed,461,0.0,1.8384312926333415
4,1,condensed,438,2.005525858729668,1.4345289885518178
4,1,condensed,471,3.675794214565281,0.961430524168853
4,1,condensed,370,2.4898941912990393,1.552561687640834
4,1,condensed,141,0.4382549309311553,0.49771615114856277
4,1,condensed,467,1.8794650496471605,1.2329851281936677
4,1,condensed,368,2.613006652415316,1.9284127677144993
4,1,condensed,449,0.0,1.832214662440964
4,1,condensed,276,2.93651291389402,1.2422363885163255
4,1,condensed,136,0.0,0.5497606097580406
4,1,condensed,104,0.0,1.031701774411008
4,1,condensed,388,3.392492941032009,0.9070123093708893
4,1,condensed,154,0.9001613499442714,1.5634160194494104
4,1,condensed,353,1.000631880307906,0.5883997135754905
4,1,condensed,108,0.0,1.4167193973706786
4,1,condensed,19,0.0,1.2218113430205064
4,1,condensed,4,0.0,1.0886232827175133
4,1,condensed,97,0.0,0.8593780771775
4,1,condensed,39,0.0,0.9341263098098385
4,1,condensed,372,0.0,1.268635396679322
4,1,condensed,0,0.0,1.4932262481577054
4,1,condensed,6,0.0,2.7539971826459824
4,1,condensed,55,0.0,1.143603520696925
4,1,condensed,151,0.8586616190375188,1.4806940077871276
4,1,condensed,497,2.7523860149222616,1.828810743407938
4,1,condensed,181,1.8625285401162623,2.649022189312802
4,1,condensed,247,0.5596157879354227,1.2074311101986968
4,1,condensed,129,0.0,1.4016290267943223
4,1,condensed,254,2.428336298299606,0.43274347554129516
4,1,condensed,71,0.0,1.606568245263273
4,1,condensed,49,0.0,1.5545377146441928
4,1,condensed,406,1.599387576580599,1.1744784091383433
4,1,condensed,392,4.27332721775054,1.1545372586943503
4,1,condensed,395,3.966132331075178,1.071448254402517
4,1,condensed,84,0.0,0.32049887933066623
4,1,condensed,506,0.0,1.443472877590639
4,1,condensed,335,0.0,0.6841574052516125
4,1,condensed,171,1.3056264580524357,2.389775825680998
4,1,condensed,507,0.0,1.5841672207321709
4,1,condensed,176,1.724550719534605,1.5377488840523166
4,1,condensed,279,2.3767644911682972,1.2422363885163255
4,1,condensed,311,2.727199019940971,0.45058738224578226
4,1,condensed,192,2.2731562823032334,0.8671631024999686
4,1,condensed,397,1.5325568680981427,2.6944787612653043
4,1,condensed,78,0.0,1.4033327363870383
4,1,condensed,278,3.136797713832594,1.2422363885163255
4,1,condensed,387,0.0,0.862844497428453
4,1,condensed,284,3.228430037673012,1.5415135932013027
4,1,condensed,308,0.0,0.9132200750920659
4,1,condensed,272,1.4085449700547104,1.2512991596694154
4,1,condensed,432,0.0,1.9104274810206974
4,1,condensed,363,1.3686394258811698,0.6334607601568714
4,1,condensed,90,0.0,1.577077766434331
4,1,condensed,15,0.0,2.6570432044219032
4,1,condensed,292,1.2919836816486494,0.6614186134896453
4,1,condensed,153,0.9001613499442714,1.5157385103252445
4,1,condensed,182,1.998773638612381,0.9284701723420085
4,1,condensed,277,2.462149662665384,0.932409624016922
4,1,condensed,267,0.0,0.8295770904858221
4,1,condensed,138,0.30748469974796055,1.3584476768534484
4,1,condensed,17,0.0,2.5070215547871215
4,1,condensed,352,1.1085626195212777,0.7058939752456387
4,1,condensed,477,2.1234584270966104,1.2998715636035987
4,1,condensed,488,3.8649313978942956,1.5621028433223945
4,1,condensed,94,0.0,2.279144816273883
4,1,condensed,231,4.566221435849517,2.0095576092761167
4,1,condensed,45,0.0,2.131115286123859
4,1,condensed,503,1.0818051703517284,1.600685713165891
4,1,condensed,137,0.0,1.2087652088825822
4,1,condensed,271,2.329227023940467,1.706558675509644
4,1,condensed,457,4.427836170705175,1.0041473755917476
4,1,condensed,9,0.0,2.498408474135476
4,1,condensed,246,0.08617769624105241,1.6839958273738607
4,1,condensed,177,1.7387102481382397,0.41226819659406044
4,1,condensed,63,0.0,0.5316243853538976
4,1,condensed,322,0.6981347220709843,1.5365049879235895
4,1,condensed,413,0.0,2.001256376947689
4,1,condensed,447,0.0,1.2976646846261966
4,1,condensed,348,0.0,2.094915971941978
4,1,condensed,262,1.6582280766035324,1.0963102914415794
4,1,condensed,10,0.0,1.5121288279288307
4,1,condensed,54,0.0,0.43810309021417015
4,1,condensed,346,3.3738261848660236,1.4282001918396747
4,1,condensed,8,0.0,1.4423311141517312
4,1,condensed,106,0.0,1.1391656022961114
4,1,condensed,132,0.0,1.1257030155181362
4,1,condensed,419,1.3987168811184478,1.4837505637431028
4,1,condensed,11,0.0,1.3678426678490971
4,1,condensed,296,0.6418538861723947,0.8736817462243118
4,1,condensed,228,4.175924549214524,2.661200583728792
4,1,condensed,325,0.0,1.0800130497771152
4,1,condensed,486,1.0986122886681098,1.510757902667431
4,1,condensed,161,1.0647107369924282,0.7890714260846856
4,1,condensed,344,1.9600947840472698,1.2267025021731397
4,1,condensed,26,0.0,1.8303988291497515
4,1,condensed,41,0.0,1.4782495445767176
4,1,condensed,241,0.0,0.9528961259023415
4,1,condensed,401,1.7833912195575383,0.9951576009292552
4,1,condensed,86,0.0,0.5436691462248218
4,1,condensed,31,0.0,1.6220938292165974
4,1,condensed,407,0.0,0.8602654580078656
4,1,condensed,145,0.6418538861723947,3.101387337305124
4,1,condensed,434,0.0,1.453835572547239
4,1,condensed,309,0.0,0.9235275487283592
4,1,condensed,420,5.229824370102736,1.332153071308576
4,1,condensed,67,0.0,0.6420025423259323
4,1,condensed,371,0.0,1.0945018960553996
4,1,condensed,396,1.534714366238164,1.3020953145465588
4,1,condensed,331,2.8118094353930627,1.743714234523672
4,1,condensed,493,3.7914360424390283,0.28591456310871444
4,1,condensed,236,5.307970623576175,1.0609119069553452
4,1,condensed,217,3.4442568711226023,1.6153519667973406
4,1,condensed,218,3.487986511734546,1.418375217197613
4,2,null,374,2.9601050959108397,1.155384764789561
4,2,null,492,0.0,1.155384764789561
4,2,null,305,0.0,1.155384764789561
4,2,null,131,0.0,1.155384764789561
4,2,null,316,0.0,1.155384764789561
4,2,null,127,0.0,1.155384764789561
4,2,null,440,0.0,1.155384764789561
4,2,null,242,2.4096441652874536,1.155384764789561
4,2,null,107,0.0,1.155384764789561
4,2,null,323,1.1568811967920856,1.155384764789561
4,2,null,193,2.3427668826268775,1.155384764789561
4,2,null,491,0.0,1.155384764789561
4,2,null,92,0.0,1.155384764789561
4,2,null,24,0.0,1.155384764789561
4,2,null,318,0.0,1.155384764789561
4,2,null,126,0.0,1.155384764789561
4,2,null,283,0.7419373447293773,1.155384764789561
4,2,null,121,0.0,1.155384764789561
4,2,null,95,0.0,1.155384764789561
4,2,null,48,0.0,1.155384764789561
4,2,null,139,0.3576744442718159,1.155384764789561
4,2,null,389,0.0,1.155384764789561
4,2,null,2,0.0,1.155384764789561
4,2,null,199,2.511223958105374,1.155384764789561
4,2,null,435,0.0,1.155384764789561
4,2,null,263,0.9400072584914712,1.155384764789561
4,2,null,34,0.0,1.155384764789561
4,2,null,364,1.8946168546677629,1.155384764789561
4,2,null,425,0.0,1.155384764789561
4,2,null,269,1.6863989535702288,1.155384764789561
4,2,null,464,1.144222799920162,1.155384764789561
4,2,null,250,0.5187937934151676,1.155384764789561
4,2,null,483,0.0,1.155384764789561
4,2,null,3,0.0,1.155384764789561
4,2,null,515,0.0,1.155384764789561
4,2,null,109,0.0,1.155384764789561
4,2,null,390,2.3942522815198695,1.155384764789561
4,2,null,489,0.0,1.155384764789561
4,2,null,180,1.8453002361560848,1.155384764789561
4,2,null,213,3.3446270301737613,1.155384764789561
4,2,null,256,2.199444334074532,1.155384764789561
4,2,null,170,1.2725655957915476,1.155384764789561
4,2,null,21,0.0,1.155384764789561
4,2,null,225,3.902982260775997,1.155384764789561
4,2,null,280,2.329227023940467,1.155384764789561
4,2,null,158,0.9707789171582246,1.155384764789561
4,2,null,18,0.0,1.155384764789561
4,2,null,96,0.0,1.155384764789561
4,2,null,317,1.5644405465033644,1.155384764789561
4,2,null,398,0.0,1.155384764789561
4,2,null,454,0.0,1.155384764789561
4,2,null,77,0.0,1.155384764789561
4,2,null,29,0.0,1.155384764789561
4,2,null,339,0.9042181506398858,1.155384764789561
4,2,null,133,0.0,1.155384764789561
4,2,null,351,2.1174596088673567,1.155384764789561
4,2,null,183,2.057962510002712,1.155384764789561
4,2,null,428,0.0,1.155384764789561
4,2,null,329,1.4655675420143985,1.155384764789561
4,2,null,295,0.0,1.155384764789561
4,2,null,159,0.9895411936137477,1.155384764789561
4,2,null,155,0.9400072584914712,1.155384764789561
4,2,null,450,2.005525858729668,1.155384764789561
4,2,null,208,3.007166651179654,1.155384764789561
4,2,null,68,0.0,1.155384764789561
4,2,null,120,0.0,1.155384764789561
4,2,null,196,2.4790562361098245,1.155384764789561
4,2,null,285,0.0,1.155384764789561
4,2,null,408,2.174751721484161,1.155384764789561
4,2,null,202,2.642622395779755,1.155384764789561
4,2,null,479,5.633109621361155,1.155384764789561
4,2,null,320,3.5655812377694427,1.155384764789561
4,2,null,230,4.494126887194767,1.155384764789561
4,2,null,130,0.0,1.155384764789561
4,2,null,513,4.012592060349841,1.155384764789561
4,2,null,240,0.0,1.155384764789561
4,2,null,484,3.311637304949512,1.155384764789561
4,2,null,343,1.1568811967920856,1.155384764789561
4,2,null,264,2.020222182019865,1.155384764789561
4,2,null,227,4.08260930600368,1.155384764789561
4,2,null,514,2.498151876538021,1.155384764789561
4,2,null,282,0.0,1.155384764789561
4,2,null,384,2.578700529074361,1.155384764789561
4,2,null,43,0.0,1.155384764789561
4,2,null,184,2.0744289998562917,1.155384764789561
4,2,null,470,0.0,1.155384764789561
4,2,null,47,0.0,1.155384764789561
4,2,null,72,0.0,1.155384764789561
4,2,null,166,1.1908875647772805,1.155384764789561
4,2,null,473,4.267176792994939,1.155384764789561
4,2,null,501,0.0,1.155384764789561
4,2,null,253,0.9242589015233319,1.155384764789561
4,2,null,496,1.3270750014599193,1.155384764789561
4,2,null,462,1.5496879080283263,1.155384764789561
4,2,null,73,0.0,1.155384764789561
4,2,null,441,0.8020015854720274,1.155384764789561
4,2,null,487,2.856470206220483,1.155384764789561
4,2,null,124,0.0,1.155384764789561
4,2,null,165,1.144222799920162,1.155384764789561
4,2,null,356,0.8153648132841944,1.155384764789561
4,2,null,452,0.0,1.155384764789561
4,2,null,88,0.0,1.155384764789561
4,2,null,512,2.0068708488450007,1.155384764789561
4,2,null,5,0.0,1.155384764789561
4,2,null,148,0.7275486072772779,1.155384764789561
4,2,null,273,2.300583090323373,1.155384764789561
4,2,null,195,2.3997118037247684,1.155384764789561
4,2,null,307,1.8213182714695995,1.155384764789561
4,2,null,456,0.0,1.155384764789561
4,2,null,222,3.6336309798834576,1.155384764789561
4,2,null,28,0.0,1.155384764789561
4,2,null,458,1.463255402256019,1.155384764789561
4,2,null,299,0.0,1.155384764789561
4,2,null,206,2.800325477211381,1.155384764789561
4,2,null,466,1.430311246536665,1.155384764789561
4,2,null,38,0.0,1.155384764789561
4,2,null,58,0.0,1.155384764789561
4,2,null,80,0.0,1.155384764789561
4,2,null,70,0.0,1.155384764789561
4,2,null,59,0.0,1.155384764789561
4,2,null,366,1.0116009116784799,1.155384764789561
4,2,null,1,0.0,1.155384764789561
4,2,null,369,0.0,1.155384764789561
4,2,null,332,2.503073953743449,1.155384764789561
4,2,null,248,0.0,1.155384764789561
4,2,null,298,0.0,1.155384764789561
4,2,null,494,2.2607208888953467,1.155384764789561
4,2,null,178,1.7715567619105355,1.155384764789561
4,2,null,306,0.34358970439007686,1.155384764789561
4,2,null,304,0.0,1.155384764789561
4,2,null,303,0.0,1.155384764789561
4,2,null,35,0.0,1.155384764789561
4,2,null,105,0.0,1.155384764789561
4,2,null,330,2.0255131996542803,1.155384764789561
4,2,null,64,0.0,1.155384764789561
4,2,null,405,0.0,1.155384764789561
4,2,null,251,0.2151113796169455,1.155384764789561
4,2,null,91,0.0,1.155384764789561
4,2,null,219,3.492256112609122,1.155384764789561
4,2,null,110,0.0,1.155384764789561
4,2,null,259,0.8671004876833833,1.155384764789561
4,2,null,430,0.0,1.155384764789561
4,2,null,442,1.4701758451005926,1.155384764789561
4,2,null,114,0.0,1.155384764789561
4,2,null,16,0.0,1.155384764789561
4,2,null,50,0.0,1.155384764789561
4,2,null,46,0.0,1.155384764789561
4,2,null,367,0.0,1.155384764789561
4,2,null,113,0.0,1.155384764789561
4,2,null,459,1.0784095813505903,1.155384764789561
4,2,null,302,0.0,1.155384764789561
4,2,null,13,0.0,1.155384764789561
4,2,null,33,0.0,1.155384764789561
4,2,null,468,2.0294631718735947,1.155384764789561
4,2,null,268,0.0,1.155384764789561
4,2,null,111,0.0,1.155384764789561
4,2,null,211,3.295836866004329,1.155384764789561
4,2,null,174,1.5040773967762742,1.155384764789561
4,2,null,357,0.0,1.155384764789561
4,2,null,451,2.3711778844596574,1.155384764789561
4,2,null,505,1.916922612182061,1.155384764789561
4,2,null,422,1.9878743481543455,1.155384764789561
4,2,null,172,1.3190856114264407,1.155384764789561
4,2,null,146,0.6678293725756554,1.155384764789561
4,2,null,36,0.0,1.155384764789561
4,2,null,115,0.0,1.155384764789561
4,2,null,89,0.0,1.155384764789561
4,2,null,376,0.0,1.155384764789561
4,2,null,482,0.8285518175661483,1.155384764789561
4,2,null,400,2.214846178686039,1.155384764789561
4,2,null,399,0.0,1.155384764789561
4,2,null,500,0.0,1.155384764789561
4,2,null,66,0.0,1.155384764789561
4,2,null,42,0.0,1.155384764789561
4,2,null,444,2.3942522815198695,1.155384764789561
4,2,null,412,0.9669838461896731,1.155384764789561
4,2,null,375,3.6975913947159578,1.155384764789561
4,2,null,433,2.7936160894318567,1.155384764789561
4,2,null,65,0.0,1.155384764789561
4,2,null,391,3.4397768636296306,1.155384764789561
4,2,null,190,2.231089091288976,1.155384764789561
4,2,null,103,0.0,1.155384764789561
4,2,null,128,0.0,1.155384764789561
4,2,null,233,4.669646205172456,1.155384764789561
4,2,null,40,0.0,1.155384764789561
4,2,null,294,2.0241930674493576,1.155384764789561
4,2,null,234,5.049086480470509,1.155384764789561
4,2,null,207,2.9014215940827497,1.155384764789561
4,2,null,150,0.7839015438284094,1.155384764789561
4,2,null,361,1.597365331199831,1.155384764789561
4,2,null,480,1.3217558399823195,1.155384764789561
4,2,null,355,2.643333886382519,1.155384764789561
4,2,null,229,4.280824129164719,1.155384764789561
4,2,null,460,0.0,1.155384764789561
4,2,null,201,2.5726122302071057,1.155384764789561
4,2,null,342,0.0,1.155384764789561
4,2,null,358,0.0,1.155384764789561
4,2,null,257,0.5187937934151676,1.155384764789561
4,2,null,270,0.41871033485818504,1.155384764789561
4,2,null,175,1.7101878155342434,1.155384764789561
4,2,null,194,2.3988039507345884,1.155384764789561
4,2,null,69,0.0,1.155384764789561
4,2,null,252,0.1906203596086497,1.155384764789561
4,2,null,393,0.0,1.155384764789561
4,2,null,478,1.1662709371419244,1.155384764789561
4,2,null,102,0.0,1.155384764789561
4,2,null,495,0.0,1.155384764789561
4,2,null,394,0.0,1.155384764789561
4,2,null,410,0.0,1.155384764789561
4,2,null,474,2.405141681319138,1.155384764789561
4,2,null,443,0.0,1.155384764789561
4,2,null,205,2.745345985845907,1.155384764789561
4,2,null,481,0.0,1.155384764789561
4,2,null,508,0.0,1.155384764789561
4,2,null,98,0.0,1.155384764789561
4,2,null,411,1.7263316639055997,1.155384764789561
4,2,null,297,0.0,1.155384764789561
4,2,null,101,0.0,1.155384764789561
4,2,null,125,0.0,1.155384764789561
4,2,null,87,0.0,1.155384764789561
4,2,null,288,0.0,1.155384764789561
4,2,null,336,0.0,1.155384764789561
4,2,null,445,0.0,1.155384764789561
4,2,null,365,3.0459499897146083,1.155384764789561
4,2,null,402,0.0,1.155384764789561
4,2,null,62,0.0,1.155384764789561
4,2,null,382,1.925707441737794,1.155384764789561
4,2,null,30,0.0,1.155384764789561
4,2,null,22,0.0,1.155384764789561
4,2,null,186,2.1029138978649784,1.155384764789561
4,2,null,75,0.0,1.155384764789561
4,2,null,516,0.0,1.155384764789561
4,2,null,360,0.7371640659767196,1.155384764789561
4,2,null,255,0.0,1.155384764789561
4,2,null,386,3.2422016501716975,1.155384764789561
4,2,null,140,0.3852624007906449,1.155384764789561
4,2,null,168,1.2612978709452054,1.155384764789561
4,2,null,453,0.0,1.155384764789561
4,2,null,381,2.8524391037275145,1.155384764789561
4,2,null,221,3.607669398688393,1.155384764789561
4,2,null,436,0.43178241642553783,1.155384764789561
4,2,null,293,4.471067201464611,1.155384764789561
4,2,null,152,0.887891257352457,1.155384764789561
4,2,null,463,1.8547342683894434,1.155384764789561
4,2,null,53,0.0,1.155384764789561
4,2,null,429,1.4350845252893227,1.155384764789561
4,2,null,275,1.8531680973566984,1.155384764789561
4,2,null,333,1.1410330045520618,1.155384764789561
4,2,null,157,0.9669838461896731,1.155384764789561
4,2,null,99,0.0,1.155384764789561
4,2,null,498,3.726656818447966,1.155384764789561
4,2,null,214,3.389799336709786,1.155384764789561
4,2,null,260,2.2874714551839976,1.155384764789561
4,2,null,485,1.1216775615991057,1.155384764789561
4,2,null,291,2.1972245773362196,1.155384764789561
4,2,null,362,0.41871033485818504,1.155384764789561
4,2,null,238,6.995619625423205,1.155384764789561
4,2,null,385,2.833213344056216,1.155384764789561
4,2,knn,374,2.9601050959108397,0.6893394053274995
4,2,knn,492,0.0,1.2574985373165517
4,2,knn,305,0.0,1.169090112962235
4,2,knn,131,0.0,1.0469632501287747
4,2,knn,316,0.0,0.8266478816878351
4,2,knn,127,0.0,1.395269466495873
4,2,knn,440,0.0,1.4917833927993882
4,2,knn,242,2.4096441652874536,0.8981799799865995
4,2,knn,107,0.0,1.1877765315434994
4,2,knn,323,1.1568811967920856,1.2627825400312251
4,2,knn,193,2.3427668826268775,1.3211429005381803
4,2,knn,491,0.0,1.1456412875489816
4,2,knn,92,0.0,1.093768580941905
4,2,knn,24,0.0,1.2028625809981603
4,2,knn,318,0.0,0.971540458091122
4,2,knn,126,0.0,0.9842860269789163
4,2,knn,283,0.7419373447293773,1.050929694377025
4,2,knn,121,0.0,1.1346565743058494
4,2,knn,95,0.0,0.989815312950639
4,2,knn,48,0.0,0.984263423580626
4,2,knn,139,0.3576744442718159,1.5050074845299581
4,2,knn,389,0.0,1.188955370951354
4,2,knn,2,0.0,1.2661384357899315
4,2,knn,199,2.511223958105374,0.8733398284299673
4,2,knn,435,0.0,1.2272864066350577
4,2,knn,263,0.9400072584914712,1.149121669477684
4,2,knn,34,0.0,1.1822472786392708
4,2,knn,364,1.8946168546677629,1.1215083242706838
4,2,knn,425,0.0,1.6823665172793159
4,2,knn,269,1.6863989535702288,0.9089033461094967
4,2,knn,464,1.144222799920162,1.1090238177333902
4,2,knn,250,0.5187937934151676,0.9527023880287181
4,2,knn,483,0.0,1.2828993744945778
4,2,knn,3,0.0,0.961524430556629
4,2,knn,515,0.0,1.452821933042309
4,2,knn,109,0.0,0.7185346710929379
4,2,knn,390,2.3942522815198695,1.023250510720201
4,2,knn,489,0.0,0.9011035237110621
4,2,knn,180,1.8453002361560848,0.778786340459783
4,2,knn,213,3.3446270301737613,0.9766335015696943
4,2,knn,256,2.199444334074532,0.9536693229524115
4,2,knn,170,1.2725655957915476,1.2757897053330545
4,2,knn,21,0.0,1.114687843623431
4,2,knn,225,3.902982260775997,0.8878198938364569
4,2,knn,280,2.329227023940467,1.0487269051694377
4,2,knn,158,0.9707789171582246,0.9593724822207487
4,2,knn,18,0.0,0.7691550203641114
4,2,knn,96,0.0,1.14191052155085
4,2,knn,317,1.5644405465033644,0.7816875935626496
4,2,knn,398,0.0,1.7768072356306246
4,2,knn,454,0.0,1.5173090813473387
4,2,knn,77,0.0,1.1603934806638596
4,2,knn,29,0.0,1.2335063319102986
4,2,knn,339,0.9042181506398858,1.4320961839370097
4,2,knn,133,0.0,1.0061364809872462
4,2,knn,351,2.1174596088673567,0.7197950589501636
4,2,knn,183,2.057962510002712,1.2281149055485046
4,2,knn,428,0.0,1.4947041306079047
4,2,knn,329,1.4655675420143985,0.9112586390064762
4,2,knn,295,0.0,0.9466239895105643
4,2,knn,159,0.9895411936137477,0.9991795750144552
4,2,knn,155,0.9400072584914712,0.9373240428212075
4,2,knn,450,2.005525858729668,1.192119038708878
4,2,knn,208,3.007166651179654,0.9575250254138877
4,2,knn,68,0.0,0.7925253980280886
4,2,knn,120,0.0,0.7521745631485285
4,2,knn,196,2.4790562361098245,1.1995820700847186
4,2,knn,285,0.0,1.3208130379798781
4,2,knn,408,2.174751721484161,1.633082498695065
4,2,knn,202,2.642622395779755,1.0457305523301283
4,2,knn,479,5.633109621361155,0.9071915477741679
4,2,knn,320,3.5655812377694427,1.002393334550065
4,2,knn,230,4.494126887194767,1.1346059120625114
4,2,knn,130,0.0,0.7060787239197891
4,2,knn,513,4.012592060349841,0.801667848950662
4,2,knn,240,0.0,0.9883911710775128
4,2,knn,484,3.311637304949512,1.181293729253171
4,2,knn,343,1.1568811967920856,1.4886856647693165
4,2,knn,264,2.020222182019865,1.0270051264875486
4,2,knn,227,4.08260930600368,1.127133496583644
4,2,knn,514,2.498151876538021,0.8587365088609529
4,2,knn,282,0.0,1.0672972441389905
4,2,knn,384,2.578700529074361,1.0589887570025136
4,2,knn,43,0.0,0.9540476871055293
4,2,knn,184,2.0744289998562917,1.0255084366926084
4,2,knn,470,0.0,1.008190517183531
4,2,knn,47,0.0,0.9412825965170221
4,2,knn,72,0.0,0.9195391209355616
4,2,knn,166,1.1908875647772805,1.3527319570264966
4,2,knn,473,4.267176792994939,1.0723996617588052
4,2,knn,501,0.0,0.9497652536125346
4,2,knn,253,0.9242589015233319,1.0612937249947803
4,2,knn,496,1.3270750014599193,1.6605664364839527
4,2,knn,462,1.5496879080283263,1.1298325221545695
4,2,knn,73,0.0,0.9508221492584223
4,2,knn,441,0.8020015854720274,1.4636964561601273
4,2,knn,487,2.856470206220483,1.0934295391014146
4,2,knn,124,0.0,0.9142785794992274
4,2,knn,165,1.144222799920162,1.0032955495687588
4,2,knn,356,0.8153648132841944,0.8455582749703735
4,2,knn,452,0.0,1.020345112107662
4,2,knn,88,0.0,1.3571352216280406
4,2,knn,512,2.0068708488450007,0.8195444442190561
4,2,knn,5,0.0,1.0362047829515697
4,2,knn,148,0.7275486072772779,1.0638111990053836
4,2,knn,273,2.300583090323373,1.2570442935406618
4,2,knn,195,2.3997118037247684,0.8410978352363001
4,2,knn,307,1.8213182714695995,1.1216866977039985
4,2,knn,456,0.0,1.369026602848237
4,2,knn,222,3.6336309798834576,0.864420781700401
4,2,knn,28,0.0,0.9342109062392115
4,2,knn,458,1.463255402256019,1.0542417570302998
4,2,knn,299,0.0,0.8185371724817854
4,2,knn,206,2.800325477211381,1.2032059616455113
4,2,knn,466,1.430311246536665,0.8195751528462119
4,2,knn,38,0.0,1.3702083315013236
4,2,knn,58,0.0,1.1031976448957537
4,2,knn,80,0.0,0.9876716675408101
4,2,knn,70,0.0,0.8077533129695113
4,2,knn,59,0.0,0.9797996797828352
4,2,knn,366,1.0116009116784799,0.935470957274067
4,2,knn,1,0.0,1.2495453870724627
4,2,knn,369,0.0,0.8843584798568132
4,2,knn,332,2.503073953743449,1.2154670152312528
4,2,knn,248,0.0,1.2965297064156533
4,2,knn,298,0.0,1.2674671611682131
4,2,knn,494,2.2607208888953467,1.2713793252503975
4,2,knn,178,1.7715567619105355,1.1282022557063052
4,2,knn,306,0.34358970439007686,1.2327964240985847
4,2,knn,304,0.0,0.870387538753495
4,2,knn,303,0.0,0.8396397149440091
4,2,knn,35,0.0,1.0377988502080386
4,2,knn,105,0.0,1.0329819266381655
4,2,knn,330,2.0255131996542803,0.9650421206679017
4,2,knn,64,0.0,1.1019192845365364
4,2,knn,405,0.0,1.8268242098088219
4,2,knn,251,0.2151113796169455,1.0333673543948345
4,2,knn,91,0.0,0.6635853541669606
4,2,knn,219,3.492256112609122,0.7690462060663255
4,2,knn,110,0.0,1.0072686771743555
4,2,knn,259,0.8671004876833833,0.7803073722187565
4,2,knn,430,0.0,1.278954110134819
4,2,knn,442,1.4701758451005926,0.9599524425978163
4,2,knn,114,0.0,1.0697208073888669
4,2,knn,16,0.0,0.6354833474980481
4,2,knn,50,0.0,1.1536658647987093
4,2,knn,46,0.0,1.0481067367226677
4,2,knn,367,0.0,1.1680294755264848
4,2,knn,113,0.0,1.0278425477573714
4,2,knn,459,1.0784095813505903,0.7224081588814756
4,2,knn,302,0.0,0.8396397149440091
4,2,knn,13,0.0,0.9763106272592331
4,2,knn,33,0.0,1.4380926603188597
4,2,knn,468,2.0294631718735947,0.7690101332925435
4,2,knn,268,0.0,0.7583537997680371
4,2,knn,111,0.0,0.611506219380004
4,2,knn,211,3.295836866004329,0.7876531048832259
4,2,knn,174,1.5040773967762742,1.1525438389608376
4,2,knn,357,0.0,1.2587553864465257
4,2,knn,451,2.3711778844596574,1.049179532382872
4,2,knn,505,1.916922612182061,1.426151858255278
4,2,knn,422,1.9878743481543455,1.6666646462741734
4,2,knn,172,1.3190856114264407,1.0738701599449714
4,2,knn,146,0.6678293725756554,0.8330712888921608
4,2,knn,36,0.0,1.118349048596054
4,2,knn,115,0.0,0.6571302402294485
4,2,knn,89,0.0,0.8167532792523293
4,2,knn,376,0.0,1.2304808880258047
4,2,knn,482,0.8285518175661483,0.9054830206988187
4,2,knn,400,2.214846178686039,1.1494390146321827
4,2,knn,399,0.0,1.1494390146321827
4,2,knn,500,0.0,1.0226968489160115
4,2,knn,66,0.0,1.2893005259219894
4,2,knn,42,0.0,0.867168918644182
4,2,knn,444,2.3942522815198695,1.1642414769222444
4,2,knn,412,0.9669838461896731,0.8092148693204916
4,2,knn,375,3.6975913947159578,0.9353087349623912
4,2,knn,433,2.7936160894318567,1.112403476345867
4,2,knn,65,0.0,1.031754401582774
4,2,knn,391,3.4397768636296306,1.0855326974936148
4,2,knn,190,2.231089091288976,0.7985433568018054
4,2,knn,103,0.0,1.199587048080739
4,2,knn,128,0.0,1.1904809181027625
4,2,knn,233,4.669646205172456,1.22768942318283
4,2,knn,40,0.0,0.7910675751584946
4,2,knn,294,2.0241930674493576,1.5200750390182045
4,2,knn,234,5.049086480470509,1.4482647179291765
4,2,knn,207,2.9014215940827497,0.8449899508784403
4,2,knn,150,0.7839015438284094,0.7441411972716679
4,2,knn,361,1.597365331199831,0.9599980064155923
4,2,knn,480,1.3217558399823195,1.5382458422347887
4,2,knn,355,2.643333886382519,0.8455582749703735
4,2,knn,229,4.280824129164719,1.2965208896512896
4,2,knn,460,0.0,1.0269852120596863
4,2,knn,201,2.5726122302071057,1.0471318576553241
4,2,knn,342,0.0,1.104876915129271
4,2,knn,358,0.0,1.0624047538977488
4,2,knn,257,0.5187937934151676,1.3058573351394032
4,2,knn,270,0.41871033485818504,1.4062192652220427
4,2,knn,175,1.7101878155342434,0.8871675873967622
4,2,knn,194,2.3988039507345884,1.0333179821210219
4,2,knn,69,0.0,0.6792526070871966
4,2,knn,252,0.1906203596086497,0.7398304306798652
4,2,knn,393,0.0,0.9656219583232467
4,2,knn,478,1.1662709371419244,1.0727704079012759
4,2,knn,102,0.0,0.9540261922564398
4,2,knn,495,0.0,1.02225080515404
4,2,knn,394,0.0,0.8926809274996432
4,2,knn,410,0.0,1.0291987587329148
4,2,knn,474,2.405141681319138,1.0279049337508042
4,2,knn,443,0.0,1.0642241247034057
4,2,knn,205,2.745345985845907,1.4629668553773953
4,2,knn,481,0.0,0.7459593621828332
4,2,knn,508,0.0,1.821862952637682
4,2,knn,98,0.0,0.827582922896362
4,2,knn,411,1.7263316639055997,1.4299328838982623
4,2,knn,297,0.0,1.0952213047381485
4,2,knn,101,0.0,0.845588964464492
4,2,knn,125,0.0,0.7084152467287521
4,2,knn,87,0.0,1.3358557658154762
4,2,knn,288,0.0,0.9996138852077855
4,2,knn,336,0.0,1.1026395023337303
4,2,knn,445,0.0,0.6907946034568612
4,2,knn,365,3.0459499897146083,1.3465242294351618
4,2,knn,402,0.0,1.5619321588306938
4,2,knn,62,0.0,0.9140402591879138
4,2,knn,382,1.925707441737794,1.16639417823226
4,2,knn,30,0.0,1.1047654717750177
4,2,knn,22,0.0,1.1778488364901818
4,2,knn,186,2.1029138978649784,0.840484948885547
4,2,knn,75,0.0,1.0704013022854482
4,2,knn,516,0.0,1.5521921600366102
4,2,knn,360,0.7371640659767196,1.1454231837588684
4,2,knn,255,0.0,1.095136065604793
4,2,knn,386,3.2422016501716975,0.6876111139219905
4,2,knn,140,0.3852624007906449,1.4427537670459119
4,2,knn,168,1.2612978709452054,0.9635298990231158
4,2,knn,453,0.0,1.1393439250197395
4,2,knn,381,2.8524391037275145,0.8833912725356928
4,2,knn,221,3.607669398688393,0.8429852314295406
4,2,knn,436,0.43178241642553783,1.3184287934168581
4,2,knn,293,4.471067201464611,1.3659153658262622
4,2,knn,152,0.887891257352457,0.7528340894826199
4,2,knn,463,1.8547342683894434,1.1090544646461535
4,2,knn,53,0.0,0.8153809476137391
4,2,knn,429,1.4350845252893227,1.435807099028639
4,2,knn,275,1.8531680973566984,1.0487183183278268
4,2,knn,333,1.1410330045520618,1.1091570742105676
4,2,knn,157,0.9669838461896731,0.9251936316484521
4,2,knn,99,0.0,0.978214379502132
4,2,knn,498,3.726656818447966,1.3218738325826511
4,2,knn,214,3.389799336709786,0.6115852644738491
4,2,knn,260,2.2874714551839976,1.2384922583501012
4,2,knn,485,1.1216775615991057,0.934648960102476
4,2,knn,291,2.1972245773362196,1.072434005948146
4,2,knn,362,0.41871033485818504,1.423442654378629
4,2,knn,238,6.995619625423205,0.66081375932386
4,2,knn,385,2.833213344056216,1.7000672733451239
4,2,edited,374,2.9601050959108397,0.618725806785692
4,2,edited,492,0.0,0.938858056887432
4,2,edited,305,0.0,0.9679954974205122
4,2,edited,131,0.0,0.4815605572112017
4,2,edited,316,0.0,0.5014156919085998
4,2,edited,127,0.0,1.0323208740435061
4,2,edited,440,0.0,0.7973593472018162
4,2,edited,242,2.4096441652874536,0.4123570881732008
4,2,edited,107,0.0,1.0442192307374445
4,2,edited,323,1.1568811967920856,1.186242449794764
4,2,edited,193,2.3427668826268775,0.9999238208727499
4,2,edited,491,0.0,0.5811857026706456
4,2,edited,92,0.0,0.573716979844611
4,2,edited,24,0.0,0.570733257270887
4,2,edited,318,0.0,0.896963932380391
4,2,edited,126,0.0,0.469315610613598
4,2,edited,283,0.7419373447293773,0.716722312719764
4,2,edited,121,0.0,0.8127748317703761
4,2,edited,95,0.0,0.83115284896348
4,2,edited,48,0.0,0.4017704005323875
4,2,edited,139,0.3576744442718159,1.2042177315967872
4,2,edited,389,0.0,0.5682821045788139
4,2,edited,2,0.0,0.7789508888008598
4,2,edited,199,2.511223958105374,0.8835372705767125
4,2,edited,435,0.0,1.077612692801466
4,2,edited,263,0.9400072584914712,0.6990625375305027
4,2,edited,34,0.0,0.598643951008135
4,2,edited,364,1.8946168546677629,1.0177985075634892
4,2,edited,425,0.0,0.8626275045587244
4,2,edited,269,1.6863989535702288,0.8461292355878414
4,2,edited,464,1.144222799920162,0.7446220746614867
4,2,edited,250,0.5187937934151676,0.4709117784961409
4,2,edited,483,0.0,0.4759377935971903
4,2,edited,3,0.0,0.4948979872421531
4,2,edited,515,0.0,1.2683815356429187
4,2,edited,109,0.0,0.5190498129610288
4,2,edited,390,2.3942522815198695,0.7915018783391587
4,2,edited,489,0.0,0.7339981296267273
4,2,edited,180,1.8453002361560848,0.8595933915903277
4,2,edited,213,3.3446270301737613,0.5710381026569151
4,2,edited,256,2.199444334074532,0.5276119605014169
4,2,edited,170,1.2725655957915476,0.8956351756239104
4,2,edited,21,0.0,0.7648204261179476
4,2,edited,225,3.902982260775997,0.7333798406406346
4,2,edited,280,2.329227023940467,0.8294748104925205
4,2,edited,158,0.9707789171582246,1.0653088148470564
4,2,edited,18,0.0,0.3322670838744977
4,2,edited,96,0.0,0.49074792491546904
4,2,edited,317,1.5644405465033644,0.5266260013410301
4,2,edited,398,0.0,0.8493743301064977
4,2,edited,454,0.0,0.9739860902265525
4,2,edited,77,0.0,0.2667389685635649
4,2,edited,29,0.0,0.6696364425821624
4,2,edited,339,0.9042181506398858,0.9840568286227112
4,2,edited,133,0.0,0.5214100823838995
4,2,edited,351,2.1174596088673567,0.5673237945338222
4,2,edited,183,2.057962510002712,0.5319527028689303
4,2,edited,428,0.0,0.8864646364170328
4,2,edited,329,1.4655675420143985,0.6200813270359932
4,2,edited,295,0.0,0.5532380741122573
4,2,edited,159,0.9895411936137477,0.5366674910069263
4,2,edited,155,0.9400072584914712,0.48161778872204114
4,2,edited,450,2.005525858729668,0.6900587235571328
4,2,edited,208,3.007166651179654,0.5509634556668878
4,2,edited,68,0.0,0.7313162732300523
4,2,edited,120,0.0,0.49008649692217576
4,2,edited,196,2.4790562361098245,0.890058973281235
4,2,edited,285,0.0,1.037539150781056
4,2,edited,408,2.174751721484161,0.810322634471072
4,2,edited,202,2.642622395779755,0.39143198168342563
4,2,edited,479,5.633109621361155,0.5674002096029017
4,2,edited,320,3.5655812377694427,0.5286442242913776
4,2,edited,230,4.494126887194767,0.7972961342208713
4,2,edited,130,0.0,0.6114605397177816
4,2,edited,513,4.012592060349841,0.6463847677253556
4,2,edited,240,0.0,0.3968946456532342
4,2,edited,484,3.311637304949512,0.7260084616769126
4,2,edited,343,1.1568811967920856,0.5596890950287152
4,2,edited,264,2.020222182019865,0.7996050223192654
4,2,edited,227,4.08260930600368,0.5275890113454975
4,2,edited,514,2.498151876538021,0.5196469041789197
4,2,edited,282,0.0,0.897338849160138
4,2,edited,384,2.578700529074361,0.7172479992482629
4,2,edited,43,0.0,0.7500637911199532
4,2,edited,184,2.0744289998562917,0.6726655435012576
4,2,edited,470,0.0,0.3425541781681652
4,2,edited,47,0.0,0.48240120112196155
4,2,edited,72,0.0,0.31968134552485916
4,2,edited,166,1.1908875647772805,0.9955628701710031
4,2,edited,473,4.267176792994939,0.6455791644255653
4,2,edited,501,0.0,0.6038712876572538
4,2,edited,253,0.9242589015233319,0.5671403384543272
4,2,edited,496,1.3270750014599193,0.659962179094313
4,2,edited,462,1.5496879080283263,0.7157194058690128
4,2,edited,73,0.0,0.7256253719939552
4,2,edited,441,0.8020015854720274,0.7207223502805201
4,2,edited,487,2.856470206220483,0.44461944954970256
4,2,edited,124,0.0,0.538807376048146
4,2,edited,165,1.144222799920162,0.5212299765312589
4,2,edited,356,0.8153648132841944,0.5935643130194383
4,2,edited,452,0.0,0.7834351182237324
4,2,edited,88,0.0,0.761861236653918
4,2,edited,512,2.0068708488450007,0.6258781918942626
4,2,edited,5,0.0,0.5732492548621294
4,2,edited,148,0.7275486072772779,0.6278053170515119
4,2,edited,273,2.300583090323373,0.7827011495258707
4,2,edited,195,2.3997118037247684,0.9713220658735197
4,2,edited,307,1.8213182714695995,0.9290787149887163
4,2,edited,456,0.0,1.1635162256117937
4,2,edited,222,3.6336309798834576,0.6962957569494911
4,2,edited,28,0.0,0.5474890586550445
4,2,edited,458,1.463255402256019,0.6559178003870234
4,2,edited,299,0.0,0.3647405757187289
4,2,edited,206,2.800325477211381,0.7137015069829404
4,2,edited,466,1.430311246536665,0.8466061422770957
4,2,edited,38,0.0,0.5779823902560942
4,2,edited,58,0.0,0.6780235921647204
4,2,edited,80,0.0,0.7211648524296232
4,2,edited,70,0.0,0.29093939592326556
4,2,edited,59,0.0,0.30440816743037075
4,2,edited,366,1.0116009116784799,0.7304259172450388
4,2,edited,1,0.0,0.7356914186623694
4,2,edited,369,0.0,0.5411231943112188
4,2,edited,332,2.503073953743449,1.0514238346859994
4,2,edited,248,0.0,0.6699066558896689
4,2,edited,298,0.0,0.5161385709875375
4,2,edited,494,2.2607208888953467,0.6226347994704579
4,2,edited,178,1.7715567619105355,1.0432038582391185
4,2,edited,306,0.34358970439007686,0.5982459927421473
4,2,edited,304,0.0,0.4516659860983182
4,2,edited,303,0.0,0.5265732845944823
4,2,edited,35,0.0,0.6417720236697154
4,2,edited,105,0.0,0.8466967151623562
4,2,edited,330,2.0255131996542803,0.7580086808784849
4,2,edited,64,0.0,0.5726955190055161
4,2,edited,405,0.0,0.9324090597721625
4,2,edited,251,0.2151113796169455,0.5485904921993783
4,2,edited,91,0.0,0.29827267877698643
4,2,edited,219,3.492256112609122,0.3323009376342512
4,2,edited,110,0.0,0.8681158308419334
4,2,edited,259,0.8671004876833833,0.590918588909726
4,2,edited,430,0.0,0.8697354393583822
4,2,edited,442,1.4701758451005926,0.3913682486190984
4,2,edited,114,0.0,0.8443255038346293
4,2,edited,16,0.0,0.4970025831555133
4,2,edited,50,0.0,0.9826587811178455
4,2,edited,46,0.0,0.6548712992060693
4,2,edited,367,0.0,1.0000310162135988
4,2,edited,113,0.0,0.945481886459567
4,2,edited,459,1.0784095813505903,0.5445813287822083
4,2,edited,302,0.0,0.5265732845944823
4,2,edited,13,0.0,0.9408590583206139
4,2,edited,33,0.0,0.6266128835358908
4,2,edited,468,2.0294631718735947,0.33225238024121434
4,2,edited,268,0.0,0.9417256169852143
4,2,edited,111,0.0,0.4494070718064031
4,2,edited,211,3.295836866004329,0.4280486145510677
4,2,edited,174,1.5040773967762742,1.0066476410678313
4,2,edited,357,0.0,0.7922003951681045
4,2,edited,451,2.3711778844596574,0.46797938773276193
4,2,edited,505,1.916922612182061,0.9314231843306074
4,2,edited,422,1.9878743481543455,0.6038715757418166
4,2,edited,172,1.3190856114264407,0.5467321438087506
4,2,edited,146,0.6678293725756554,0.38859743777141703
4,2,edited,36,0.0,0.46241159288783157
4,2,edited,115,0.0,0.7360681205591662
4,2,edited,89,0.0,0.3499270293550024
4,2,edited,376,0.0,0.46835693863409184
4,2,edited,482,0.8285518175661483,0.8146610035302484
4,2,edited,400,2.214846178686039,0.5379830828719304
4,2,edited,399,0.0,0.5379830828719304
4,2,edited,500,0.0,0.5662964016700958
4,2,edited,66,0.0,0.5782154596999194
4,2,edited,42,0.0,0.4900031206593743
4,2,edited,444,2.3942522815198695,0.7799083974037111
4,2,edited,412,0.9669838461896731,0.6589927627324754
4,2,edited,375,3.6975913947159578,0.5369367483069941
4,2,edited,433,2.7936160894318567,0.6975055698958859
4,2,edited,65,0.0,0.44434109024316326
4,2,edited,391,3.4397768636296306,0.6104824056518771
4,2,edited,190,2.231089091288976,0.34087185553508403
4,2,edited,103,0.0,1.1020234330210061
4,2,edited,128,0.0,0.8347911339017177
4,2,edited,233,4.669646205172456,0.6482710697144795
4,2,edited,40,0.0,0.8419949414737153
4,2,edited,294,2.0241930674493576,0.5053800673224367
4,2,edited,234,5.049086480470509,1.0757916548952962
4,2,edited,207,2.9014215940827497,0.7241924307079216
4,2,edited,150,0.7839015438284094,0.5905185392680896
4,2,edited,361,1.597365331199831,0.7128227099134202
4,2,edited,480,1.3217558399823195,0.5186812817052343
4,2,edited,355,2.643333886382519,0.5935643130194383
4,2,edited,229,4.280824129164719,0.46715989469443525
4,2,edited,460,0.0,0.8219502414514855
4,2,edited,201,2.5726122302071057,0.3237732456783765
4,2,edited,342,0.0,0.8116925785300343
4,2,edited,358,0.0,0.6266515491185575
4,2,edited,257,0.5187937934151676,0.7894891991225617
4,2,edited,270,0.41871033485818504,0.7731705299153214
4,2,edited,175,1.7101878155342434,0.8288621887958737
4,2,edited,194,2.3988039507345884,0.4982974469736963
4,2,edited,69,0.0,0.3727252808782195
4,2,edited,252,0.1906203596086497,0.7040046979524293
4,2,edited,393,0.0,0.7253345694907937
4,2,edited,478,1.1662709371419244,0.5985605679657087
4,2,edited,102,0.0,0.6219691690253732
4,2,edited,495,0.0,0.564483412756131
4,2,edited,394,0.0,0.39140120011758045
4,2,edited,410,0.0,0.3452254853321806
4,2,edited,474,2.405141681319138,0.7693975518182925
4,2,edited,443,0.0,0.39228548613207137
4,2,edited,205,2.745345985845907,1.328314110852314
4,2,edited,481,0.0,0.6573468766486181
4,2,edited,508,0.0,0.8177821939110718
4,2,edited,98,0.0,0.41543822513777445
4,2,edited,411,1.7263316639055997,0.7796334009551245
4,2,edited,297,0.0,0.554895415225655
4,2,edited,101,0.0,0.6634578574329544
4,2,edited,125,0.0,0.5210337492401782
4,2,edited,87,0.0,0.8953366554650543
4,2,edited,288,0.0,0.6053813197256176
4,2,edited,336,0.0,0.7398606499515019
4,2,edited,445,0.0,0.44741342576589926
4,2,edited,365,3.0459499897146083,0.8886632849806224
4,2,edited,402,0.0,0.486502815209235
4,2,edited,62,0.0,0.48504911107724685
4,2,edited,382,1.925707441737794,0.6131661765633463
4,2,edited,30,0.0,0.4947545818086111
4,2,edited,22,0.0,0.5068166490071861
4,2,edited,186,2.1029138978649784,0.4971211919849452
4,2,edited,75,0.0,0.5317824579831116
4,2,edited,516,0.0,0.8900793445996266
4,2,edited,360,0.7371640659767196,0.8109614783371762
4,2,edited,255,0.0,0.9984215835774691
4,2,edited,386,3.2422016501716975,0.6780738205410052
4,2,edited,140,0.3852624007906449,1.234121338947367
4,2,edited,168,1.2612978709452054,0.8343517323149
4,2,edited,453,0.0,0.7392560061586395
4,2,edited,381,2.8524391037275145,0.5825575569972936
4,2,edited,221,3.607669398688393,0.7856141723752145
4,2,edited,436,0.43178241642553783,0.7385619994807257
4,2,edited,293,4.471067201464611,0.6788222764343641
4,2,edited,152,0.887891257352457,0.8151074559162986
4,2,edited,463,1.8547342683894434,0.7042292804626821
4,2,edited,53,0.0,0.6904679977346345
4,2,edited,429,1.4350845252893227,1.2189955281364466
4,2,edited,275,1.8531680973566984,0.8897494532121579
4,2,edited,333,1.1410330045520618,1.085604463792267
4,2,edited,157,0.9669838461896731,0.684112493753576
4,2,edited,99,0.0,0.7620311427259526
4,2,edited,498,3.726656818447966,0.6167766202199332
4,2,edited,214,3.389799336709786,0.3196952931088269
4,2,edited,260,2.2874714551839976,0.8524604810679943
4,2,edited,485,1.1216775615991057,0.6417920568393551
4,2,edited,291,2.1972245773362196,0.6486762482449256
4,2,edited,362,0.41871033485818504,0.7201745584194185
4,2,edited,238,6.995619625423205,0.5072740035499046
4,2,edited,385,2.833213344056216,1.188023094908165
4,2,condensed,374,2.9601050959108397,0.9488014256313972
4,2,condensed,492,0.0,1.5876111029900986
4,2,condensed,305,0.0,1.099512418529427
4,2,condensed,131,0.0,0.9834013489848409
4,2,condensed,316,0.0,1.0607151979764942
4,2,condensed,127,0.0,1.3778703878603558
4,2,condensed,440,0.0,1.5978083142377415
4,2,condensed,242,2.4096441652874536,0.9614152364424835
4,2,condensed,107,0.0,1.3264565692030867
4,2,condensed,323,1.1568811967920856,1.4978154988331522
4,2,condensed,193,2.3427668826268775,1.128908986660545
4,2,condensed,491,0.0,1.7030389362740097
4,2,condensed,92,0.0,1.2396194520203172
4,2,condensed,24,0.0,1.7149511083669522
4,2,condensed,318,0.0,1.5752147345881093
4,2,condensed,126,0.0,0.9834922721559403
4,2,condensed,283,0.7419373447293773,1.0684274076461497
4,2,condensed,121,0.0,1.0652205983605296
4,2,condensed,95,0.0,0.874954444820632
4,2,condensed,48,0.0,0.9968428021152974
4,2,condensed,139,0.3576744442718159,1.2653430858544197
4,2,condensed,389,0.0,1.192369125248386
4,2,condensed,2,0.0,1.3451865856320968
4,2,condensed,199,2.511223958105374,1.1540791538974016
4,2,condensed,435,0.0,0.9771075683830981
4,2,condensed,263,0.9400072584914712,1.1658521167453086
4,2,condensed,34,0.0,0.9278458976186411
4,2,condensed,364,1.8946168546677629,1.2446611049287113
4,2,condensed,425,0.0,1.9157374747964078
4,2,condensed,269,1.6863989535702288,1.1732167554541353
4,2,condensed,464,1.144222799920162,1.2116935755393707
4,2,condensed,250,0.5187937934151676,1.3258615031329393
4,2,condensed,483,0.0,1.541943667207795
4,2,condensed,3,0.0,0.9751371881197546
4,2,condensed,515,0.0,1.3306181702856867
4,2,condensed,109,0.0,0.7753724728201735
4,2,condensed,390,2.3942522815198695,1.170801752628954
4,2,condensed,489,0.0,1.2355340528141985
4,2,condensed,180,1.8453002361560848,1.39646917369261
4,2,condensed,213,3.3446270301737613,1.164682982963639
4,2,condensed,256,2.199444334074532,1.1924477881809374
4,2,condensed,170,1.2725655957915476,1.3560672212410196
4,2,condensed,21,0.0,1.2923659330360695
4,2,condensed,225,3.902982260775997,1.1055518264617339
4,2,condensed,280,2.329227023940467,1.1562712287152759
4,2,condensed,158,0.9707789171582246,0.8752259549387001
4,2,condensed,18,0.0,1.2246903200361277
4,2,condensed,96,0.0,1.0685326291551864
4,2,condensed,317,1.5644405465033644,1.0830426972926714
4,2,condensed,398,0.0,2.0247513544878615
4,2,condensed,454,0.0,1.6917263616116165
4,2,condensed,77,0.0,1.13400217918392
4,2,condensed,29,0.0,1.0169831624452412
4,2,condensed,339,0.9042181506398858,1.128824859521068
4,2,condensed,133,0.0,0.8553848068620836
4,2,condensed,351,2.1174596088673567,0.9042401498605301
4,2,condensed,183,2.057962510002712,1.0267945583829476
4,2,condensed,428,0.0,1.9336975399347538
4,2,condensed,329,1.4655675420143985,1.236297307329753
4,2,condensed,295,0.0,1.0287505904868761
4,2,condensed,159,0.9895411936137477,1.2338116572079003
4,2,condensed,155,0.9400072584914712,1.0593868958676065
4,2,condensed,450,2.005525858729668,1.5094321377129394
4,2,condensed,208,3.007166651179654,0.9245762195914494
4,2,condensed,68,0.0,1.3572550872022
4,2,condensed,120,0.0,1.2144978332775709
4,2,condensed,196,2.4790562361098245,1.2671160920599096
4,2,condensed,285,0.0,1.3542732635859462
4,2,condensed,408,2.174751721484161,1.9006909880229879
4,2,condensed,202,2.642622395779755,1.2296486095622536
4,2,condensed,479,5.633109621361155,1.261099752537896
4,2,condensed,320,3.5655812377694427,1.0479374024278674
4,2,condensed,230,4.494126887194767,1.531931047533405
4,2,condensed,130,0.0,1.122672838955859
4,2,condensed,513,4.012592060349841,0.7351613903500642
4,2,condensed,240,0.0,1.0641435205994467
4,2,condensed,484,3.311637304949512,1.4751647539817154
4,2,condensed,343,1.1568811967920856,1.3864036834365683
4,2,condensed,264,2.020222182019865,1.2736779545696029
4,2,condensed,227,4.08260930600368,1.2187800586801116
4,2,condensed,514,2.498151876538021,0.9907002953728138
4,2,condensed,282,0.0,1.217404174131384
4,2,condensed,384,2.578700529074361,1.5471525683869394
4,2,condensed,43,0.0,1.0491063823791968
4,2,condensed,184,2.0744289998562917,1.3957017341886035
4,2,condensed,470,0.0,1.076784163772406
4,2,condensed,47,0.0,1.2847418362745986
4,2,condensed,72,0.0,1.18213878013527
4,2,condensed,166,1.1908875647772805,1.2797921574285365
4,2,condensed,473,4.267176792994939,1.372877696546325
4,2,condensed,501,0.0,1.0605641780100392
4,2,condensed,253,0.9242589015233319,1.2498762272582928
4,2,condensed,496,1.3270750014599193,1.6021992184972107
4,2,condensed,462,1.5496879080283263,1.0516706547738877
4,2,condensed,73,0.0,1.3638744501165385
4,2,condensed,441,0.8020015854720274,1.8992499928075925
4,2,condensed,487,2.856470206220483,1.1548292888862215
4,2,condensed,124,0.0,1.008103714143365
4,2,condensed,165,1.144222799920162,1.2820184091592768
4,2,condensed,356,0.8153648132841944,0.7221140241720951
4,2,condensed,452,0.0,1.29015655231901
4,2,condensed,88,0.0,1.6580933244727212
4,2,condensed,512,2.0068708488450007,1.0754571956837893
4,2,condensed,5,0.0,1.3138732422246406
4,2,condensed,148,0.7275486072772779,1.2538205388929546
4,2,condensed,273,2.300583090323373,1.0344681322483786
4,2,condensed,195,2.3997118037247684,1.3055082910354487
4,2,condensed,307,1.8213182714695995,1.1759315191627135
4,2,condensed,456,0.0,1.8539695415115085
4,2,condensed,222,3.6336309798834576,1.0448630914700452
4,2,condensed,28,0.0,1.5477458701471065
4,2,condensed,458,1.463255402256019,1.3639192789655632
4,2,condensed,299,0.0,1.3468416736956685
4,2,condensed,206,2.800325477211381,1.3365619906789132
4,2,condensed,466,1.430311246536665,1.501607911028527
4,2,condensed,38,0.0,1.2197944880316176
4,2,condensed,58,0.0,1.0229777058543519
4,2,condensed,80,0.0,1.5144761165995944
4,2,condensed,70,0.0,1.0696672061926
4,2,condensed,59,0.0,1.1563502530514826
4,2,condensed,366,1.0116009116784799,1.195452350047314
4,2,condensed,1,0.0,1.1933747428511283
4,2,condensed,369,0.0,0.883523704399987
4,2,condensed,332,2.503073953743449,1.218793024771087
4,2,condensed,248,0.0,1.7620971653043787
4,2,condensed,298,0.0,1.5115777550074883
4,2,condensed,494,2.2607208888953467,1.5290454466716141
4,2,condensed,178,1.7715567619105355,1.1986598368910235
4,2,condensed,306,0.34358970439007686,1.1620157629646037
4,2,condensed,304,0.0,1.2087911831300673
4,2,condensed,303,0.0,0.9810088551860839
4,2,condensed,35,0.0,1.2149828734402308
4,2,condensed,105,0.0,1.287687194344361
4,2,condensed,330,2.0255131996542803,1.485444794343919
4,2,condensed,64,0.0,1.1720316438696003
4,2,condensed,405,0.0,2.0812828205821936
4,2,condensed,251,0.2151113796169455,1.5121056364881336
4,2,condensed,91,0.0,0.9100368045397024
4,2,condensed,219,3.492256112609122,1.07280500389776
4,2,condensed,110,0.0,1.2480186347746953
4,2,condensed,259,0.8671004876833833,1.2756591605754548
4,2,condensed,430,0.0,1.6581782567950496
4,2,condensed,442,1.4701758451005926,1.3064718451994433
4,2,condensed,114,0.0,1.1421241885074427
4,2,condensed,16,0.0,1.2314022133207003
4,2,condensed,50,0.0,1.4558777118662598
4,2,condensed,46,0.0,1.1816487811607312
4,2,condensed,367,0.0,1.1438541735812173
4,2,condensed,113,0.0,1.2733867443372964
4,2,condensed,459,1.0784095813505903,1.007518551467914
4,2,condensed,302,0.0,0.9810088551860839
4,2,condensed,13,0.0,1.458447389632087
4,2,condensed,33,0.0,1.1609357958091235
4,2,condensed,468,2.0294631718735947,1.224569027325783
4,2,condensed,268,0.0,1.304946346488758
4,2,condensed,111,0.0,1.1222452424220786
4,2,condensed,211,3.295836866004329,0.8383142402745692
4,2,condensed,174,1.5040773967762742,1.2826598050247724
4,2,condensed,357,0.0,1.4638769117106594
4,2,condensed,451,2.3711778844596574,1.0655396381405529
4,2,condensed,505,1.916922612182061,1.6716918465846673
4,2,condensed,422,1.9878743481543455,1.6440871409943618
4,2,condensed,172,1.3190856114264407,1.276374212645793
4,2,condensed,146,0.6678293725756554,1.2622255436156806
4,2,condensed,36,0.0,1.2316554172085636
4,2,condensed,115,0.0,1.2255057221054697
4,2,condensed,89,0.0,1.1596249873114908
4,2,condensed,376,0.0,1.5922274959857599
4,2,condensed,482,0.8285518175661483,1.3998540699711377
4,2,condensed,400,2.214846178686039,0.919636294258948
4,2,condensed,399,0.0,0.919636294258948
4,2,condensed,500,0.0,1.3063511033697333
4,2,condensed,66,0.0,1.3755932134917035
4,2,condensed,42,0.0,1.146138555470563
4,2,condensed,444,2.3942522815198695,1.6133060643552675
4,2,condensed,412,0.9669838461896731,1.4102998347548052
4,2,condensed,375,3.6975913947159578,1.0489089768341358
4,2,condensed,433,2.7936160894318567,1.3475049040053462
4,2,condensed,65,0.0,1.2752144644139154
4,2,condensed,391,3.4397768636296306,1.347357422026969
4,2,condensed,190,2.231089091288976,1.0252025823738684
4,2,condensed,103,0.0,1.3449233374864196
4,2,condensed,128,0.0,1.0374198108348576
4,2,condensed,233,4.669646205172456,1.2372407943213346
4,2,condensed,40,0.0,1.2643046079293765
4,2,condensed,294,2.0241930674493576,1.2036262932607087
4,2,condensed,234,5.049086480470509,1.2830088521398417
4,2,condensed,207,2.9014215940827497,1.2980805742385464
4,2,condensed,150,0.7839015438284094,1.0546457601391546
4,2,condensed,361,1.597365331199831,1.2384161584748579
4,2,condensed,480,1.3217558399823195,1.5559053789547088
4,2,condensed,355,2.643333886382519,0.7221140241720951
4,2,condensed,229,4.280824129164719,1.0942577245634297
4,2,condensed,460,0.0,1.0528343844189567
4,2,condensed,201,2.5726122302071057,1.236073938438758
4,2,condensed,342,0.0,1.6000029566342675
4,2,condensed,358,0.0,1.3391093608783382
4,2,condensed,257,0.5187937934151676,1.2725484005105983
4,2,condensed,270,0.41871033485818504,1.5458856882802217
4,2,condensed,175,1.7101878155342434,1.0467637363993647
4,2,condensed,194,2.3988039507345884,1.5398364635484831
4,2,condensed,69,0.0,0.9461183476997964
4,2,condensed,252,0.1906203596086497,1.4888217660776866
4,2,condensed,393,0.0,0.9595025114707014
4,2,condensed,478,1.1662709371419244,1.2321780945774807
4,2,condensed,102,0.0,1.1248799688328501
4,2,condensed,495,0.0,1.607468913174994
4,2,condensed,394,0.0,1.3382839112148954
4,2,condensed,410,0.0,1.1762215598926091
4,2,condensed,474,2.405141681319138,1.293100282216583
4,2,condensed,443,0.0,1.056921803346708
4,2,condensed,205,2.745345985845907,1.3659593537192838
4,2,condensed,481,0.0,1.0441288023230326
4,2,condensed,508,0.0,1.639916622317362
4,2,condensed,98,0.0,1.092242907139723
4,2,condensed,411,1.7263316639055997,1.3396728423437478
4,2,condensed,297,0.0,1.2224456229124652
4,2,condensed,101,0.0,1.2781673770414734
4,2,condensed,125,0.0,0.9347758760590008
4,2,condensed,87,0.0,1.5195434308511624
4,2,condensed,288,0.0,1.1925759392165696
4,2,condensed,336,0.0,1.4455786299302757
4,2,condensed,445,0.0,0.9702108236384124
4,2,condensed,365,3.0459499897146083,1.5042794032065245
4,2,condensed,402,0.0,1.8192504036619628
4,2,condensed,62,0.0,1.3505549913656523
4,2,condensed,382,1.925707441737794,1.7644677570618206
4,2,condensed,30,0.0,1.4209432530136756
4,2,condensed,22,0.0,1.4108268529157562
4,2,condensed,186,2.1029138978649784,1.2027202888747532
4,2,condensed,75,0.0,0.9302774551441904
4,2,condensed,516,0.0,1.2267839977092527
4,2,condensed,360,0.7371640659767196,1.298425287786282
4,2,condensed,255,0.0,0.9169779423926759
4,2,condensed,386,3.2422016501716975,0.853139693263047
4,2,condensed,140,0.3852624007906449,1.4549633119536685
4,2,condensed,168,1.2612978709452054,1.159363630410608
4,2,condensed,453,0.0,1.5157502871813253
4,2,condensed,381,2.8524391037275145,1.2453670077862595
4,2,condensed,221,3.607669398688393,1.0164550739774858
4,2,condensed,436,0.43178241642553783,1.753034583140787
4,2,condensed,293,4.471067201464611,1.659213093545026
4,2,condensed,152,0.887891257352457,1.0630527838806183
4,2,condensed,463,1.8547342683894434,1.1695989176890553
4,2,condensed,53,0.0,1.1804321912824627
4,2,condensed,429,1.4350845252893227,1.4454966500649027
4,2,condensed,275,1.8531680973566984,1.010568479948725
4,2,condensed,333,1.1410330045520618,1.2826792740346291
4,2,condensed,157,0.9669838461896731,1.2696837614050167
4,2,condensed,99,0.0,1.066975809508138
4,2,condensed,498,3.726656818447966,1.494872311982707
4,2,condensed,214,3.389799336709786,1.1821144044049376
4,2,condensed,260,2.2874714551839976,1.2929698048103349
4,2,condensed,485,1.1216775615991057,1.399045964042149
4,2,condensed,291,2.1972245773362196,1.2541307226530118
4,2,condensed,362,0.41871033485818504,1.251731088422571
4,2,condensed,238,6.995619625423205,1.2767786966436616
4,2,condensed,385,2.833213344056216,1.755204313206575
5,1,null,279,2.3767644911682972,1.0319259579714402
5,1,null,479,5.633109621361155,1.0319259579714402
5,1,null,463,1.8547342683894434,1.0319259579714402
5,1,null,214,3.389799336709786,1.0319259579714402
5,1,null,441,0.8020015854720274,1.0319259579714402
5,1,null,341,0.0,1.0319259579714402
5,1,null,121,0.0,1.0319259579714402
5,1,null,488,3.8649313978942956,1.0319259579714402
5,1,null,440,0.0,1.0319259579714402
5,1,null,263,0.9400072584914712,1.0319259579714402
5,1,null,363,1.3686394258811698,1.0319259579714402
5,1,null,391,3.4397768636296306,1.0319259579714402
5,1,null,404,1.951608170169951,1.0319259579714402
5,1,null,129,0.0,1.0319259579714402
5,1,null,182,1.998773638612381,1.0319259579714402
5,1,null,65,0.0,1.0319259579714402
5,1,null,289,0.0,1.0319259579714402
5,1,null,87,0.0,1.0319259579714402
5,1,null,492,0.0,1.0319259579714402
5,1,null,426,0.0,1.0319259579714402
5,1,null,221,3.607669398688393,1.0319259579714402
5,1,null,96,0.0,1.0319259579714402
5,1,null,12,0.0,1.0319259579714402
5,1,null,197,2.4898941912990393,1.0319259579714402
5,1,null,204,2.7073833121145063,1.0319259579714402
5,1,null,17,0.0,1.0319259579714402
5,1,null,498,3.726656818447966,1.0319259579714402
5,1,null,49,0.0,1.0319259579714402
5,1,null,171,1.3056264580524357,1.0319259579714402
5,1,null,448,0.0,1.0319259579714402
5,1,null,499,2.469793011977952,1.0319259579714402
5,1,null,207,2.9014215940827497,1.0319259579714402
5,1,null,277,2.462149662665384,1.0319259579714402
5,1,null,377,5.168379509433644,1.0319259579714402
5,1,null,149,0.7514160886839212,1.0319259579714402
5,1,null,146,0.6678293725756554,1.0319259579714402
5,1,null,485,1.1216775615991057,1.0319259579714402
5,1,null,63,0.0,1.0319259579714402
5,1,null,487,2.856470206220483,1.0319259579714402
5,1,null,266,0.1570037488096647,1.0319259579714402
5,1,null,126,0.0,1.0319259579714402
5,1,null,433,2.7936160894318567,1.0319259579714402
5,1,null,390,2.3942522815198695,1.0319259579714402
5,1,null,56,0.0,1.0319259579714402
5,1,null,359,2.21046980408624,1.0319259579714402
5,1,null,507,0.0,1.0319259579714402
5,1,null,317,1.5644405465033644,1.0319259579714402
5,1,null,61,0.0,1.0319259579714402
5,1,null,114,0.0,1.0319259579714402
5,1,null,453,0.0,1.0319259579714402
5,1,null,23,0.0,1.0319259579714402
5,1,null,278,3.136797713832594,1.0319259579714402
5,1,null,342,0.0,1.0319259579714402
5,1,null,329,1.4655675420143985,1.0319259579714402
5,1,null,255,0.0,1.0319259579714402
5,1,null,418,1.235471471385307,1.0319259579714402
5,1,null,258,0.0,1.0319259579714402
5,1,null,436,0.43178241642553783,1.0319259579714402
5,1,null,185,2.0844290831908747,1.0319259579714402
5,1,null,122,0.0,1.0319259579714402
5,1,null,369,0.0,1.0319259579714402
5,1,null,473,4.267176792994939,1.0319259579714402
5,1,null,308,0.0,1.0319259579714402
5,1,null,103,0.0,1.0319259579714402
5,1,null,332,2.503073953743449,1.0319259579714402
5,1,null,327,0.0,1.0319259579714402
5,1,null,51,0.0,1.0319259579714402
5,1,null,402,0.0,1.0319259579714402
5,1,null,333,1.1410330045520618,1.0319259579714402
5,1,null,366,1.0116009116784799,1.0319259579714402
5,1,null,41,0.0,1.0319259579714402
5,1,null,69,0.0,1.0319259579714402
5,1,null,195,2.3997118037247684,1.0319259579714402
5,1,null,393,0.0,1.0319259579714402
5,1,null,431,1.9960599327407849,1.0319259579714402
5,1,null,272,1.4085449700547104,1.0319259579714402
5,1,null,434,0.0,1.0319259579714402
5,1,null,199,2.511223958105374,1.0319259579714402
5,1,null,196,2.4790562361098245,1.0319259579714402
5,1,null,54,0.0,1.0319259579714402
5,1,null,57,0.0,1.0319259579714402
5,1,null,62,0.0,1.0319259579714402
5,1,null,74,0.0,1.0319259579714402
5,1,null,230,4.494126887194767,1.0319259579714402
5,1,null,0,0.0,1.0319259579714402
5,1,null,310,0.0,1.0319259579714402
5,1,null,429,1.4350845252893227,1.0319259579714402
5,1,null,396,1.534714366238164,1.0319259579714402
5,1,null,412,0.9669838461896731,1.0319259579714402
5,1,null,299,0.0,1.0319259579714402
5,1,null,484,3.311637304949512,1.0319259579714402
5,1,null,247,0.5596157879354227,1.0319259579714402
5,1,null,355,2.643333886382519,1.0319259579714402
5,1,null,205,2.745345985845907,1.0319259579714402
5,1,null,460,0.0,1.0319259579714402
5,1,null,469,4.129228964075603,1.0319259579714402
5,1,null,296,0.6418538861723947,1.0319259579714402
5,1,null,336,0.0,1.0319259579714402
5,1,null,510,0.3576744442718159,1.0319259579714402
5,1,null,464,1.144222799920162,1.0319259579714402
5,1,null,298,0.0,1.0319259579714402
5,1,null,260,2.2874714551839976,1.0319259579714402
5,1,null,179,1.8293763327993617,1.0319259579714402
5,1,null,447,0.0,1.0319259579714402
5,1,null,211,3.295836866004329,1.0319259579714402
5,1,null,138,0.30748469974796055,1.0319259579714402
5,1,null,251,0.2151113796169455,1.0319259579714402
5,1,null,37,0.0,1.0319259579714402
5,1,null,414,0.0,1.0319259579714402
5,1,null,188,2.128231705849268,1.0319259579714402
5,1,null,161,1.0647107369924282,1.0319259579714402
5,1,null,71,0.0,1.0319259579714402
5,1,null,514,2.498151876538021,1.0319259579714402
5,1,null,294,2.0241930674493576,1.0319259579714402
5,1,null,244,1.3532545070416904,1.0319259579714402
5,1,null,315,0.0,1.0319259579714402
5,1,null,215,3.389799336709786,1.0319259579714402
5,1,null,471,3.675794214565281,1.0319259579714402
5,1,null,28,0.0,1.0319259579714402
5,1,null,417,0.0,1.0319259579714402
5,1,null,398,0.0,1.0319259579714402
5,1,null,318,0.0,1.0319259579714402
5,1,null,174,1.5040773967762742,1.0319259579714402
5,1,null,401,1.7833912195575383,1.0319259579714402
5,1,null,240,0.0,1.0319259579714402
5,1,null,141,0.4382549309311553,1.0319259579714402
5,1,null,321,2.105352923464337,1.0319259579714402
5,1,null,72,0.0,1.0319259579714402
5,1,null,420,5.229824370102736,1.0319259579714402
5,1,null,216,3.4170707308184456,1.0319259579714402
5,1,null,387,0.0,1.0319259579714402
5,1,null,112,0.0,1.0319259579714402
5,1,null,268,0.0,1.0319259579714402
5,1,null,430,0.0,1.0319259579714402
5,1,null,38,0.0,1.0319259579714402
5,1,null,300,0.0,1.0319259579714402
5,1,null,275,1.8531680973566984,1.0319259579714402
5,1,null,134,0.0,1.0319259579714402
5,1,null,280,2.329227023940467,1.0319259579714402
5,1,null,145,0.6418538861723947,1.0319259579714402
5,1,null,388,3.392492941032009,1.0319259579714402
5,1,null,191,2.2700619012884857,1.0319259579714402
5,1,null,352,1.1085626195212777,1.0319259579714402
5,1,null,241,0.0,1.0319259579714402
5,1,null,511,0.0,1.0319259579714402
5,1,null,368,2.613006652415316,1.0319259579714402
5,1,null,142,0.47623417899637155,1.0319259579714402
5,1,null,455,0.0,1.0319259579714402
5,1,null,378,0.0,1.0319259579714402
5,1,null,435,0.0,1.0319259579714402
5,1,null,19,0.0,1.0319259579714402
5,1,null,85,0.0,1.0319259579714402
5,1,null,261,1.4586150226995167,1.0319259579714402
5,1,null,102,0.0,1.0319259579714402
5,1,null,224,3.6560979645895566,1.0319259579714402
5,1,null,364,1.8946168546677629,1.0319259579714402
5,1,null,86,0.0,1.0319259579714402
5,1,null,201,2.5726122302071057,1.0319259579714402
5,1,null,478,1.1662709371419244,1.0319259579714402
5,1,null,77,0.0,1.0319259579714402
5,1,null,345,1.9213246735826988,1.0319259579714402
5,1,null,125,0.0,1.0319259579714402
5,1,null,254,2.428336298299606,1.0319259579714402
5,1,null,403,0.0,1.0319259579714402
5,1,null,176,1.724550719534605,1.0319259579714402
5,1,null,309,0.0,1.0319259579714402
5,1,null,238,6.995619625423205,1.0319259579714402
5,1,null,267,0.0,1.0319259579714402
5,1,null,382,1.925707441737794,1.0319259579714402
5,1,null,515,0.0,1.0319259579714402
5,1,null,439,0.28517894223366247,1.0319259579714402
5,1,null,169,1.2669476034873244,1.0319259579714402
5,1,null,66,0.0,1.0319259579714402
5,1,null,46,0.0,1.0319259579714402
5,1,null,155,0.9400072584914712,1.0319259579714402
5,1,null,189,2.2235418856535927,1.0319259579714402
5,1,null,344,1.9600947840472698,1.0319259579714402
5,1,null,490,0.0,1.0319259579714402
5,1,null,407,0.0,1.0319259579714402
5,1,null,229,4.280824129164719,1.0319259579714402
5,1,null,58,0.0,1.0319259579714402
5,1,null,34,0.0,1.0319259579714402
5,1,null,53,0.0,1.0319259579714402
5,1,null,273,2.300583090323373,1.0319259579714402
5,1,null,500,0.0,1.0319259579714402
5,1,null,350,1.5496879080283263,1.0319259579714402
5,1,null,459,1.0784095813505903,1.0319259579714402
5,1,null,59,0.0,1.0319259579714402
5,1,null,170,1.2725655957915476,1.0319259579714402
5,1,null,154,0.9001613499442714,1.0319259579714402
5,1,null,133,0.0,1.0319259579714402
5,1,null,187,2.1162555148025524,1.0319259579714402
5,1,null,237,5.365415110080531,1.0319259579714402
5,1,null,242,2.4096441652874536,1.0319259579714402
5,1,null,110,0.0,1.0319259579714402
5,1,null,331,2.8118094353930627,1.0319259579714402
5,1,null,118,0.0,1.0319259579714402
5,1,null,158,0.9707789171582246,1.0319259579714402
5,1,null,449,0.0,1.0319259579714402
5,1,null,203,2.6878474937846906,1.0319259579714402
5,1,null,60,0.0,1.0319259579714402
5,1,null,410,0.0,1.0319259579714402
5,1,null,222,3.6336309798834576,1.0319259579714402
5,1,null,84,0.0,1.0319259579714402
5,1,null,474,2.405141681319138,1.0319259579714402
5,1,null,123,0.0,1.0319259579714402
5,1,null,33,0.0,1.0319259579714402
5,1,null,1,0.0,1.0319259579714402
5,1,null,322,0.6981347220709843,1.0319259579714402
5,1,null,320,3.5655812377694427,1.0319259579714402
5,1,null,208,3.007166651179654,1.0319259579714402
5,1,null,139,0.3576744442718159,1.0319259579714402
5,1,null,35,0.0,1.0319259579714402
5,1,null,234,5.049086480470509,1.0319259579714402
5,1,null,88,0.0,1.0319259579714402
5,1,null,394,0.0,1.0319259579714402
5,1,null,312,0.0,1.0319259579714402
5,1,null,400,2.214846178686039,1.0319259579714402
5,1,null,304,0.0,1.0319259579714402
5,1,null,506,0.0,1.0319259579714402
5,1,null,295,0.0,1.0319259579714402
5,1,null,337,4.04375277610604,1.0319259579714402
5,1,null,288,0.0,1.0319259579714402
5,1,null,20,0.0,1.0319259579714402
5,1,null,97,0.0,1.0319259579714402
5,1,null,384,2.578700529074361,1.0319259579714402
5,1,null,411,1.7263316639055997,1.0319259579714402
5,1,null,152,0.887891257352457,1.0319259579714402
5,1,null,75,0.0,1.0319259579714402
5,1,null,98,0.0,1.0319259579714402
5,1,null,371,0.0,1.0319259579714402
5,1,null,491,0.0,1.0319259579714402
5,1,null,30,0.0,1.0319259579714402
5,1,null,10,0.0,1.0319259579714402
5,1,null,218,3.487986511734546,1.0319259579714402
5,1,null,494,2.2607208888953467,1.0319259579714402
5,1,null,287,0.0,1.0319259579714402
5,1,null,162,1.0784095813505903,1.0319259579714402
5,1,null,269,1.6863989535702288,1.0319259579714402
5,1,null,437,0.0,1.0319259579714402
5,1,null,25,0.0,1.0319259579714402
5,1,null,144,0.5709795465857378,1.0319259579714402
5,1,null,177,1.7387102481382397,1.0319259579714402
5,1,null,380,2.166765369851511,1.0319259579714402
5,1,null,326,0.0,1.0319259579714402
5,1,null,395,3.966132331075178,1.0319259579714402
5,1,null,210,3.2280337626529665,1.0319259579714402
5,1,null,109,0.0,1.0319259579714402
5,1,null,493,3.7914360424390283,1.0319259579714402
5,1,null,415,6.616439947564594,1.0319259579714402
5,1,null,362,0.41871033485818504,1.0319259579714402
5,1,null,157,0.9669838461896731,1.0319259579714402
5,1,null,217,3.4442568711226023,1.0319259579714402
5,1,null,22,0.0,1.0319259579714402
5,1,null,262,1.6582280766035324,1.0319259579714402
5,1,null,264,2.020222182019865,1.0319259579714402
5,1,null,428,0.0,1.0319259579714402
5,1,null,202,2.642622395779755,1.0319259579714402
5,1,null,180,1.8453002361560848,1.0319259579714402
5,1,knn,279,2.3767644911682972,1.1492170245358269
5,1,knn,479,5.633109621361155,1.2397238546165785
5,1,knn,463,1.8547342683894434,1.0866580304558524
5,1,knn,214,3.389799336709786,0.5746080095607352
5,1,knn,441,0.8020015854720274,1.1404531319339621
5,1,knn,341,0.0,1.4360897581859267
5,1,knn,121,0.0,0.898645723759329
5,1,knn,488,3.8649313978942956,0.8704795523676641
5,1,knn,440,0.0,1.330218969210775
5,1,knn,263,0.9400072584914712,1.1559556607150967
5,1,knn,363,1.3686394258811698,0.9861676939686166
5,1,knn,391,3.4397768636296306,1.5221173597393771
5,1,knn,404,1.951608170169951,0.8240200194822616
5,1,knn,129,0.0,0.6914817795040741
5,1,knn,182,1.998773638612381,0.7049085323351423
5,1,knn,65,0.0,0.7721135026148687
5,1,knn,289,0.0,0.8860986525734851
5,1,knn,87,0.0,0.9037276747741212
5,1,knn,492,0.0,1.356408928332152
5,1,knn,426,0.0,1.3403866354800265
5,1,knn,221,3.607669398688393,0.5472501605767796
5,1,knn,96,0.0,0.7440324234340567
5,1,knn,12,0.0,1.2314218858402732
5,1,knn,197,2.4898941912990393,1.0494425302350694
5,1,knn,204,2.7073833121145063,0.7228680207009401
5,1,knn,17,0.0,1.4719587703484567
5,1,knn,498,3.726656818447966,1.0718007868792017
5,1,knn,49,0.0,0.8512945203004264
5,1,knn,171,1.3056264580524357,1.7135399210340252
5,1,knn,448,0.0,0.9224885113418451
5,1,knn,499,2.469793011977952,1.0612334859007146
5,1,knn,207,2.9014215940827497,0.919398137111005
5,1,knn,277,2.462149662665384,1.0077292898102301
5,1,knn,377,5.168379509433644,1.3248213691468989
5,1,knn,149,0.7514160886839212,0.8414507021133631
5,1,knn,146,0.6678293725756554,0.9200084735446188
5,1,knn,485,1.1216775615991057,1.0744997544060293
5,1,knn,63,0.0,0.8449717415817173
5,1,knn,487,2.856470206220483,1.1317899787965202
5,1,knn,266,0.1570037488096647,0.9140141714231369
5,1,knn,126,0.0,0.6172405077001958
5,1,knn,433,2.7936160894318567,1.2545296180725898
5,1,knn,390,2.3942522815198695,0.8871184681076861
5,1,knn,56,0.0,0.9014671025024502
5,1,knn,359,2.21046980408624,1.4817581313167512
5,1,knn,507,0.0,1.5101996556823152
5,1,knn,317,1.5644405465033644,0.6757777263396773
5,1,knn,61,0.0,0.9447386403986087
5,1,knn,114,0.0,1.0039406865659486
5,1,knn,453,0.0,1.4627784533685453
5,1,knn,23,0.0,1.3650551047018065
5,1,knn,278,3.136797713832594,1.1492170245358269
5,1,knn,342,0.0,0.980220250775754
5,1,knn,329,1.4655675420143985,0.7577416085170586
5,1,knn,255,0.0,0.9034947846392628
5,1,knn,418,1.235471471385307,1.39010827701036
5,1,knn,258,0.0,0.9468348250826587
5,1,knn,436,0.43178241642553783,1.0495466119791288
5,1,knn,185,2.0844290831908747,1.0309383060348782
5,1,knn,122,0.0,0.9874676255928071
5,1,knn,369,0.0,1.1834394709279525
5,1,knn,473,4.267176792994939,1.3244729447788943
5,1,knn,308,0.0,0.9946646019140617
5,1,knn,103,0.0,1.1402244427518908
5,1,knn,332,2.503073953743449,1.001072011621821
5,1,knn,327,0.0,0.967774573589789
5,1,knn,51,0.0,0.9995185080621906
5,1,knn,402,0.0,1.4331786273292129
5,1,knn,333,1.1410330045520618,1.0904754525486167
5,1,knn,366,1.0116009116784799,0.9451963147008788
5,1,knn,41,0.0,1.1052492110955978
5,1,knn,69,0.0,0.5746232808519272
5,1,knn,195,2.3997118037247684,0.8801624041538241
5,1,knn,393,0.0,0.7609764191662862
5,1,knn,431,1.9960599327407849,1.5368241135401854
5,1,knn,272,1.4085449700547104,0.8640228987133305
5,1,knn,434,0.0,1.570392708937175
5,1,knn,199,2.511223958105374,1.0814677904055134
5,1,knn,196,2.4790562361098245,1.042440023493785
5,1,knn,54,0.0,0.8220993142945429
5,1,knn,57,0.0,0.8157759309784788
5,1,knn,62,0.0,0.5949543079886302
5,1,knn,74,0.0,0.895599604382413
5,1,knn,230,4.494126887194767,1.0422223884055284
5,1,knn,0,0.0,1.3316902080593491
5,1,knn,310,0.0,1.0954232979778513
5,1,knn,429,1.4350845252893227,1.4916389269112795
5,1,knn,396,1.534714366238164,0.7682349152923089
5,1,knn,412,0.9669838461896731,1.0267265194491688
5,1,knn,299,0.0,1.0427511436920207
5,1,knn,484,3.311637304949512,1.300053231497064
5,1,knn,247,0.5596157879354227,0.7036711965789197
5,1,knn,355,2.643333886382519,0.9429093950658382
5,1,knn,205,2.745345985845907,1.0060192949936324
5,1,knn,460,0.0,1.3485599812979692
5,1,knn,469,4.129228964075603,1.0527939928042604
5,1,knn,296,0.6418538861723947,0.8229438557330233
5,1,knn,336,0.0,0.872398841290144
5,1,knn,510,0.3576744442718159,1.2863339217823242
5,1,knn,464,1.144222799920162,1.0865793468667175
5,1,knn,298,0.0,1.2836047124061074
5,1,knn,260,2.2874714551839976,1.229569546572647
5,1,knn,179,1.8293763327993617,1.2827404104190523
5,1,knn,447,0.0,1.0591244758223544
5,1,knn,211,3.295836866004329,0.8453891034837886
5,1,knn,138,0.30748469974796055,1.3374652709379118
5,1,knn,251,0.2151113796169455,0.9501003224700868
5,1,knn,37,0.0,1.0995035996384273
5,1,knn,414,0.0,0.9775989455782732
5,1,knn,188,2.128231705849268,0.6506255864850712
5,1,knn,161,1.0647107369924282,1.116519718017386
5,1,knn,71,0.0,0.5814013076533642
5,1,knn,514,2.498151876538021,1.4479835477728107
5,1,knn,294,2.0241930674493576,1.5456936622385262
5,1,knn,244,1.3532545070416904,0.7748417533991703
5,1,knn,315,0.0,1.0927217558825177
5,1,knn,215,3.389799336709786,0.5746080095607352
5,1,knn,471,3.675794214565281,0.7594771050750818
5,1,knn,28,0.0,0.9466911356258338
5,1,knn,417,0.0,0.8429590552250714
5,1,knn,398,0.0,1.5938755635531763
5,1,knn,318,0.0,0.8721404987634707
5,1,knn,174,1.5040773967762742,0.8088723309640722
5,1,knn,401,1.7833912195575383,0.8856830744946037
5,1,knn,240,0.0,0.7652985132223437
5,1,knn,141,0.4382549309311553,0.6194434615124917
5,1,knn,321,2.105352923464337,1.0648791929881831
5,1,knn,72,0.0,0.9718637604682347
5,1,knn,420,5.229824370102736,1.462501617695492
5,1,knn,216,3.4170707308184456,0.7476936674059548
5,1,knn,387,0.0,0.9383571256201321
5,1,knn,112,0.0,1.2188790680887303
5,1,knn,268,0.0,0.9061866167994643
5,1,knn,430,0.0,1.394867112046446
5,1,knn,38,0.0,0.9857181667044888
5,1,knn,300,0.0,0.703774841917874
5,1,knn,275,1.8531680973566984,1.0591061471847663
5,1,knn,134,0.0,0.5425708116388491
5,1,knn,280,2.329227023940467,1.1765731977401104
5,1,knn,145,0.6418538861723947,0.9764346044218567
5,1,knn,388,3.392492941032009,0.9184161648897001
5,1,knn,191,2.2700619012884857,1.162100114779986
5,1,knn,352,1.1085626195212777,1.1997297061621983
5,1,knn,241,0.0,0.6174361937972921
5,1,knn,511,0.0,1.1900059109633687
5,1,knn,368,2.613006652415316,1.1760471345544694
5,1,knn,142,0.47623417899637155,1.442316303540404
5,1,knn,455,0.0,0.6291903306110279
5,1,knn,378,0.0,0.9842607603953127
5,1,knn,435,0.0,0.772258455721333
5,1,knn,19,0.0,0.9643341776849489
5,1,knn,85,0.0,1.0649795530398338
5,1,knn,261,1.4586150226995167,0.9617465857758384
5,1,knn,102,0.0,0.839209422124192
5,1,knn,224,3.6560979645895566,1.2846676580455743
5,1,knn,364,1.8946168546677629,0.9380119018911437
5,1,knn,86,0.0,1.0615275585770707
5,1,knn,201,2.5726122302071057,0.8955261725126515
5,1,knn,478,1.1662709371419244,1.138508759176109
5,1,knn,77,0.0,0.6930445705818942
5,1,knn,345,1.9213246735826988,0.9721297130931982
5,1,knn,125,0.0,0.7567945917666609
5,1,knn,254,2.428336298299606,0.9954094533853598
5,1,knn,403,0.0,1.4528453537828434
5,1,knn,176,1.724550719534605,1.042440023493785
5,1,knn,309,0.0,1.1700465730606464
5,1,knn,238,6.995619625423205,0.903766531606114
5,1,knn,267,0.0,1.1885260747098492
5,1,knn,382,1.925707441737794,0.9322488839230623
5,1,knn,515,0.0,1.4853658411773767
5,1,knn,439,0.28517894223366247,1.0695791034821722
5,1,knn,169,1.2669476034873244,1.1922580553413897
5,1,knn,66,0.0,0.8990163152961824
5,1,knn,46,0.0,0.7639608535476009
5,1,knn,155,0.9400072584914712,0.8908851936507721
5,1,knn,189,2.2235418856535927,0.9387079116776933
5,1,knn,344,1.9600947840472698,0.96480575606761
5,1,knn,490,0.0,1.0270758487669274
5,1,knn,407,0.0,0.6617250794932181
5,1,knn,229,4.280824129164719,1.4690603906657682
5,1,knn,58,0.0,0.8263657606194024
5,1,knn,34,0.0,0.9804587485331607
5,1,knn,53,0.0,0.7791360238425358
5,1,knn,273,2.300583090323373,1.3149041556365921
5,1,knn,500,0.0,1.0101253121940355
5,1,knn,350,1.5496879080283263,0.8904704250214879
5,1,knn,459,1.0784095813505903,1.2423647419016477
5,1,knn,59,0.0,0.9391666507685069
5,1,knn,170,1.2725655957915476,1.0263621270309735
5,1,knn,154,0.9001613499442714,1.7327650180677805
5,1,knn,133,0.0,0.8871250044128571
5,1,knn,187,2.1162555148025524,1.2846836914866087
5,1,knn,237,5.365415110080531,1.0488218825065543
5,1,knn,242,2.4096441652874536,0.9444186860317387
5,1,knn,110,0.0,0.7908942182907229
5,1,knn,331,2.8118094353930627,1.0432653415534603
5,1,knn,118,0.0,0.7052057299580912
5,1,knn,158,0.9707789171582246,1.1336783081589563
5,1,knn,449,0.0,1.2650540078849077
5,1,knn,203,2.6878474937846906,1.3243349708263847
5,1,knn,60,0.0,0.5762198345181224
5,1,knn,410,0.0,0.7441209273017785
5,1,knn,222,3.6336309798834576,0.7916348720510428
5,1,knn,84,0.0,0.9097812914105431
5,1,knn,474,2.405141681319138,0.760771794150856
5,1,knn,123,0.0,0.8550649832294726
5,1,knn,33,0.0,0.8409732376497845
5,1,knn,1,0.0,1.140366729868444
5,1,knn,322,0.6981347220709843,0.7880426859028792
5,1,knn,320,3.5655812377694427,0.8231649070027723
5,1,knn,208,3.007166651179654,1.1534175604214782
5,1,knn,139,0.3576744442718159,1.3078383542526575
5,1,knn,35,0.0,1.0866986681459732
5,1,knn,234,5.049086480470509,1.013071554405563
5,1,knn,88,0.0,1.0977076803558228
5,1,knn,394,0.0,0.8547214545685979
5,1,knn,312,0.0,1.2469569445378776
5,1,knn,400,2.214846178686039,1.0679723145379296
5,1,knn,304,0.0,0.9110368199636107
5,1,knn,506,0.0,0.927035395215555
5,1,knn,295,0.0,0.8961565356754344
5,1,knn,337,4.04375277610604,0.9597005939049689
5,1,knn,288,0.0,0.8861049730180589
5,1,knn,20,0.0,0.6977679610270235
5,1,knn,97,0.0,0.9325998701859554
5,1,knn,384,2.578700529074361,1.2031678639508583
5,1,knn,411,1.7263316639055997,1.0427859731820892
5,1,knn,152,0.887891257352457,0.6852894556382216
5,1,knn,75,0.0,0.9410197314672806
5,1,knn,98,0.0,0.7416887415819442
5,1,knn,371,0.0,0.866376101681711
5,1,knn,491,0.0,1.3819163092364941
5,1,knn,30,0.0,1.1577084797204769
5,1,knn,10,0.0,1.4133147402195034
5,1,knn,218,3.487986511734546,1.1425886751236274
5,1,knn,494,2.2607208888953467,0.9812067334946833
5,1,knn,287,0.0,0.9585923643929157
5,1,knn,162,1.0784095813505903,1.1012761830488977
5,1,knn,269,1.6863989535702288,0.7819103021463775
5,1,knn,437,0.0,1.185088586860918
5,1,knn,25,0.0,1.3693259212988445
5,1,knn,144,0.5709795465857378,0.7552411829596529
5,1,knn,177,1.7387102481382397,0.8689378110217011
5,1,knn,380,2.166765369851511,0.8171575168707704
5,1,knn,326,0.0,0.7165105247596391
5,1,knn,395,3.966132331075178,0.8115975024849292
5,1,knn,210,3.2280337626529665,0.6742071036725039
5,1,knn,109,0.0,1.133130607022668
5,1,knn,493,3.7914360424390283,1.0819333748120448
5,1,knn,415,6.616439947564594,1.0024119914519631
5,1,knn,362,0.41871033485818504,1.3111589102682297
5,1,knn,157,0.9669838461896731,0.7765387284506454
5,1,knn,217,3.4442568711226023,1.0119875039750656
5,1,knn,22,0.0,1.2766841332182781
5,1,knn,262,1.6582280766035324,0.9694498761097625
5,1,knn,264,2.020222182019865,0.7063907455181967
5,1,knn,428,0.0,1.283500433624315
5,1,knn,202,2.642622395779755,0.9837986505370896
5,1,knn,180,1.8453002361560848,0.7415550778258384
5,1,edited,279,2.3767644911682972,1.1405130416061284
5,1,edited,479,5.633109621361155,0.7815930596820261
5,1,edited,463,1.8547342683894434,1.0013726280805513
5,1,edited,214,3.389799336709786,0.5811022577270453
5,1,edited,441,0.8020015854720274,0.5353776351073473
5,1,edited,341,0.0,0.7476248935002626
5,1,edited,121,0.0,0.5530081023460287
5,1,edited,488,3.8649313978942956,0.5422443054924181
5,1,edited,440,0.0,0.9661628059134033
5,1,edited,263,0.9400072584914712,0.508157208373336
5,1,edited,363,1.3686394258811698,0.6557256411110646
5,1,edited,391,3.4397768636296306,0.8346136764130244
5,1,edited,404,1.951608170169951,0.6621192239279682
5,1,edited,129,0.0,0.42067898315040253
5,1,edited,182,1.998773638612381,0.7279258554383534
5,1,edited,65,0.0,0.5746418908597876
5,1,edited,289,0.0,0.6065340564346136
5,1,edited,87,0.0,0.9002410812207143
5,1,edited,492,0.0,1.030729366925407
5,1,edited,426,0.0,0.7418609784207
5,1,edited,221,3.607669398688393,0.4771876686574209
5,1,edited,96,0.0,0.5946044373255679
5,1,edited,12,0.0,1.1686664493216015
5,1,edited,197,2.4898941912990393,0.6115523887498252
5,1,edited,204,2.7073833121145063,0.6075521302903877
5,1,edited,17,0.0,0.7552590791068415
5,1,edited,498,3.726656818447966,0.5753590275528285
5,1,edited,49,0.0,1.024323306110362
5,1,edited,171,1.3056264580524357,0.8081027097928046
5,1,edited,448,0.0,0.5747172378712971
5,1,edited,499,2.469793011977952,0.4729258431866812
5,1,edited,207,2.9014215940827497,0.7042322294890513
5,1,edited,277,2.462149662665384,1.0927684547366445
5,1,edited,377,5.168379509433644,0.7109385995968139
5,1,edited,149,0.7514160886839212,0.457487313991571
5,1,edited,146,0.6678293725756554,0.8319936903329331
5,1,edited,485,1.1216775615991057,0.7564555582732142
5,1,edited,63,0.0,0.6300874729628004
5,1,edited,487,2.856470206220483,0.7837871160110269
5,1,edited,266,0.1570037488096647,0.5810383961577547
5,1,edited,126,0.0,0.5946425128859545
5,1,edited,433,2.7936160894318567,0.7406881862942647
5,1,edited,390,2.3942522815198695,1.0643165688975789
5,1,edited,56,0.0,0.45492003746308185
5,1,edited,359,2.21046980408624,1.0126000224824563
5,1,edited,507,0.0,0.8892496160926275
5,1,edited,317,1.5644405465033644,0.3987789626279311
5,1,edited,61,0.0,0.7282054464572806
5,1,edited,114,0.0,0.9003505392312068
5,1,edited,453,0.0,0.8472487922636649
5,1,edited,23,0.0,0.6735616550425345
5,1,edited,278,3.136797713832594,1.1405130416061284
5,1,edited,342,0.0,0.5396000090597248
5,1,edited,329,1.4655675420143985,0.4602305764679336
5,1,edited,255,0.0,0.728523368133604
5,1,edited,418,1.235471471385307,0.7552728721555303
5,1,edited,258,0.0,0.6790343986460552
5,1,edited,436,0.43178241642553783,0.5792354422137529
5,1,edited,185,2.0844290831908747,0.7362484021945166
5,1,edited,122,0.0,0.6417222144885715
5,1,edited,369,0.0,0.7477231599492434
5,1,edited,473,4.267176792994939,0.8946101509583299
5,1,edited,308,0.0,0.5978779782822343
5,1,edited,103,0.0,0.6551633941723892
5,1,edited,332,2.503073953743449,0.729563570027771
5,1,edited,327,0.0,0.511038296143955
5,1,edited,51,0.0,0.5614776904961343
5,1,edited,402,0.0,0.5534721815692608
5,1,edited,333,1.1410330045520618,0.7987217710549052
5,1,edited,366,1.0116009116784799,0.6103087432867824
5,1,edited,41,0.0,0.6542483504719885
5,1,edited,69,0.0,0.5294267877798695
5,1,edited,195,2.3997118037247684,0.4692284314229254
5,1,edited,393,0.0,0.7695347332491276
5,1,edited,431,1.9960599327407849,0.8002852980491285
5,1,edited,272,1.4085449700547104,0.6132579892429023
5,1,edited,434,0.0,0.8726387941972388
5,1,edited,199,2.511223958105374,0.6589907349130203
5,1,edited,196,2.4790562361098245,1.1788758152490093
5,1,edited,54,0.0,0.5913842219002894
5,1,edited,57,0.0,0.457555929068945
5,1,edited,62,0.0,0.3142447804949831
5,1,edited,74,0.0,0.6045806848764367
5,1,edited,230,4.494126887194767,0.3387047915941855
5,1,edited,0,0.0,1.2417793350228736
5,1,edited,310,0.0,0.499089999776903
5,1,edited,429,1.4350845252893227,0.8315273798618745
5,1,edited,396,1.534714366238164,0.44913140814319485
5,1,edited,412,0.9669838461896731,0.7752560382151479
5,1,edited,299,0.0,0.6478700993709515
5,1,edited,484,3.311637304949512,0.7268493069183146
5,1,edited,247,0.5596157879354227,0.6967246857251224
5,1,edited,355,2.643333886382519,0.4703952738596759
5,1,edited,205,2.745345985845907,0.6786282473052939
5,1,edited,460,0.0,0.870589861740509
5,1,edited,469,4.129228964075603,1.0966456118282875
5,1,edited,296,0.6418538861723947,0.7166847967787068
5,1,edited,336,0.0,0.826233900611249
5,1,edited,510,0.3576744442718159,0.48539836079545207
5,1,edited,464,1.144222799920162,1.0013242749847622
5,1,edited,298,0.0,0.5845583647941501
5,1,edited,260,2.2874714551839976,0.7821028609422515
5,1,edited,179,1.8293763327993617,0.7893522613251085
5,1,edited,447,0.0,1.1032447358784827
5,1,edited,211,3.295836866004329,0.3774584819349151
5,1,edited,138,0.30748469974796055,0.8050896083559019
5,1,edited,251,0.2151113796169455,0.48395438968666393
5,1,edited,37,0.0,0.7903854602824776
5,1,edited,414,0.0,0.7251017848400547
5,1,edited,188,2.128231705849268,0.9136789889009281
5,1,edited,161,1.0647107369924282,0.5099329408999139
5,1,edited,71,0.0,0.5379051203858415
5,1,edited,514,2.498151876538021,0.9197976883465326
5,1,edited,294,2.0241930674493576,0.8061074845408287
5,1,edited,244,1.3532545070416904,0.5949200790985627
5,1,edited,315,0.0,0.7961124418051869
5,1,edited,215,3.389799336709786,0.5811022577270453
5,1,edited,471,3.675794214565281,0.66476939861192
5,1,edited,28,0.0,0.6517338671408885
5,1,edited,417,0.0,0.8249139853704724
5,1,edited,398,0.0,0.6993356232694745
5,1,edited,318,0.0,0.4351657310788442
5,1,edited,174,1.5040773967762742,0.6269825093284391
5,1,edited,401,1.7833912195575383,0.7146031185742427
5,1,edited,240,0.0,0.7184643443574571
5,1,edited,141,0.4382549309311553,0.6274031606258533
5,1,edited,321,2.105352923464337,0.7412731007571274
5,1,edited,72,0.0,0.8248183134058985
5,1,edited,420,5.229824370102736,0.5025920198466435
5,1,edited,216,3.4170707308184456,0.6213121783312683
5,1,edited,387,0.0,0.8796731350468088
5,1,edited,112,0.0,0.6139108333383169
5,1,edited,268,0.0,0.5942587321374261
5,1,edited,430,0.0,0.7360589472621066
5,1,edited,38,0.0,0.8115313208875952
5,1,edited,300,0.0,0.27361407838471524
5,1,edited,275,1.8531680973566984,1.071597725974444
5,1,edited,134,0.0,0.6635183105606637
5,1,edited,280,2.329227023940467,1.1645852363626739
5,1,edited,145,0.6418538861723947,0.4314675301209278
5,1,edited,388,3.392492941032009,0.5250687286454342
5,1,edited,191,2.2700619012884857,0.8214804405941016
5,1,edited,352,1.1085626195212777,0.7066880215521585
5,1,edited,241,0.0,0.6635173795862114
5,1,edited,511,0.0,0.6649114471370026
5,1,edited,368,2.613006652415316,0.7908368813395541
5,1,edited,142,0.47623417899637155,0.8583525773695497
5,1,edited,455,0.0,0.6178998407299099
5,1,edited,378,0.0,0.9839709379002225
5,1,edited,435,0.0,0.5789304562829841
5,1,edited,19,0.0,0.8798234621009106
5,1,edited,85,0.0,0.8391639191793203
5,1,edited,261,1.4586150226995167,0.3931371028586412
5,1,edited,102,0.0,0.5306350448407837
5,1,edited,224,3.6560979645895566,0.8552149471624401
5,1,edited,364,1.8946168546677629,0.6173319614282012
5,1,edited,86,0.0,0.8519353657049568
5,1,edited,201,2.5726122302071057,0.7452448508011459
5,1,edited,478,1.1662709371419244,0.647173743154772
5,1,edited,77,0.0,0.4395311868936024
5,1,edited,345,1.9213246735826988,0.7557211892072391
5,1,edited,125,0.0,0.40784282647438086
5,1,edited,254,2.428336298299606,0.46694495495080895
5,1,edited,403,0.0,0.5114915440277963
5,1,edited,176,1.724550719534605,1.1788758152490093
5,1,edited,309,0.0,0.8175398715105449
5,1,edited,238,6.995619625423205,0.44949734491467075
5,1,edited,267,0.0,0.7624874983722432
5,1,edited,382,1.925707441737794,0.532074847357556
5,1,edited,515,0.0,0.8083061320078248
5,1,edited,439,0.28517894223366247,0.8785629885043144
5,1,edited,169,1.2669476034873244,0.7906864082503291
5,1,edited,66,0.0,0.6612716534080635
5,1,edited,46,0.0,0.5782619085492094
5,1,edited,155,0.9400072584914712,0.8068306878562108
5,1,edited,189,2.2235418856535927,0.9124422988921922
5,1,edited,344,1.9600947840472698,0.6402058025578062
5,1,edited,490,0.0,0.7622526708638265
5,1,edited,407,0.0,0.7918999855119145
5,1,edited,229,4.280824129164719,0.9712736815906374
5,1,edited,58,0.0,0.8437637530765316
5,1,edited,34,0.0,0.573536725065214
5,1,edited,53,0.0,0.49291448895797546
5,1,edited,273,2.300583090323373,1.1789624909034107
5,1,edited,500,0.0,0.405194967615041
5,1,edited,350,1.5496879080283263,0.6774626182899933
5,1,edited,459,1.0784095813505903,0.6081256945958637
5,1,edited,59,0.0,0.6111560055283842
5,1,edited,170,1.2725655957915476,0.510803899603685
5,1,edited,154,0.9001613499442714,1.0401328551736853
5,1,edited,133,0.0,0.47324909083611494
5,1,edited,187,2.1162555148025524,0.863035822400169
5,1,edited,237,5.365415110080531,0.8960532654352151
5,1,edited,242,2.4096441652874536,0.5769464487707084
5,1,edited,110,0.0,0.8437602222031891
5,1,edited,331,2.8118094353930627,0.5561766761401049
5,1,edited,118,0.0,0.6321446264875634
5,1,edited,158,0.9707789171582246,0.714625688550429
5,1,edited,449,0.0,0.5399107920461413
5,1,edited,203,2.6878474937846906,0.758489478530449
5,1,edited,60,0.0,0.6293232314738447
5,1,edited,410,0.0,0.792011729601122
5,1,edited,222,3.6336309798834576,0.9368122124648072
5,1,edited,84,0.0,0.8120415513446572
5,1,edited,474,2.405141681319138,0.6750291458220519
5,1,edited,123,0.0,0.6984955566249988
5,1,edited,33,0.0,0.761070704514553
5,1,edited,1,0.0,0.8042195473243241
5,1,edited,322,0.6981347220709843,0.7029363009910738
5,1,edited,320,3.5655812377694427,0.4134119454544996
5,1,edited,208,3.007166651179654,0.6263164922653578
5,1,edited,139,0.3576744442718159,0.9947482852575392
5,1,edited,35,0.0,0.6645598459969551
5,1,edited,234,5.049086480470509,0.5193233595543991
5,1,edited,88,0.0,0.7420884603857449
5,1,edited,394,0.0,0.9911907908472624
5,1,edited,312,0.0,0.9279089149374372
5,1,edited,400,2.214846178686039,0.4920219167123815
5,1,edited,304,0.0,0.8861315042356418
5,1,edited,506,0.0,0.6481888392008449
5,1,edited,295,0.0,0.7768575213571969
5,1,edited,337,4.04375277610604,0.5793292192363254
5,1,edited,288,0.0,0.6065426792576508
5,1,edited,20,0.0,0.5850364842546526
5,1,edited,97,0.0,0.9566582430689536
5,1,edited,384,2.578700529074361,0.6222762075499634
5,1,edited,411,1.7263316639055997,1.1171584681219702
5,1,edited,152,0.887891257352457,0.6822833971508698
5,1,edited,75,0.0,0.6440911845206215
5,1,edited,98,0.0,0.41471940511775973
5,1,edited,371,0.0,0.6613348885389622
5,1,edited,491,0.0,0.7691083715594832
5,1,edited,30,0.0,0.6658918122820089
5,1,edited,10,0.0,0.6997878667779825
5,1,edited,218,3.487986511734546,0.5189268090813747
5,1,edited,494,2.2607208888953467,0.5172079529548766
5,1,edited,287,0.0,0.6764860769087558
5,1,edited,162,1.0784095813505903,1.1050406557843553
5,1,edited,269,1.6863989535702288,0.5787751194706526
5,1,edited,437,0.0,0.6463385076520981
5,1,edited,25,0.0,0.7808610346024215
5,1,edited,144,0.5709795465857378,0.3856700526647406
5,1,edited,177,1.7387102481382397,0.6281257692173777
5,1,edited,380,2.166765369851511,0.542246509138062
5,1,edited,326,0.0,0.49158434001538664
5,1,edited,395,3.966132331075178,0.6650379814543107
5,1,edited,210,3.2280337626529665,0.5660687031140901
5,1,edited,109,0.0,0.7219055427662053
5,1,edited,493,3.7914360424390283,0.7391616789243003
5,1,edited,415,6.616439947564594,0.5138354637038054
5,1,edited,362,0.41871033485818504,0.810705847379296
5,1,edited,157,0.9669838461896731,0.5957381726264592
5,1,edited,217,3.4442568711226023,0.47223657639366395
5,1,edited,22,0.0,0.6688661435821424
5,1,edited,262,1.6582280766035324,0.8864892095763952
5,1,edited,264,2.020222182019865,0.45215717282407647
5,1,edited,428,0.0,0.8324676131007767
5,1,edited,202,2.642622395779755,0.8871500864283052
5,1,edited,180,1.8453002361560848,0.610906430250235
5,1,condensed,279,2.3767644911682972,1.18497672269709
5,1,condensed,479,5.633109621361155,1.3076565870053687
5,1,condensed,463,1.8547342683894434,1.0666295529612309
5,1,condensed,214,3.389799336709786,0.9700503617284063
5,1,condensed,441,0.8020015854720274,1.0626093299679478
5,1,condensed,341,0.0,1.4672857020158339
5,1,condensed,121,0.0,1.451173867506423
5,1,condensed,488,3.8649313978942956,1.269981870756761
5,1,condensed,440,0.0,1.9937196971460278
5,1,condensed,263,0.9400072584914712,1.2412981342427276
5,1,condensed,363,1.3686394258811698,1.3415759794314523
5,1,condensed,391,3.4397768636296306,1.2733351761795235
5,1,condensed,404,1.951608170169951,0.7920771915066667
5,1,condensed,129,0.0,0.7763130669349438
5,1,condensed,182,1.998773638612381,1.0468777457640919
5,1,condensed,65,0.0,1.2102737724351227
5,1,condensed,289,0.0,1.4210248675141375
5,1,condensed,87,0.0,0.7666654977814604
5,1,condensed,492,0.0,1.1636782343858982
5,1,condensed,426,0.0,1.3087879393225992
5,1,condensed,221,3.607669398688393,0.8653316707469219
5,1,condensed,96,0.0,0.7079798559049774
5,1,condensed,12,0.0,1.1480363380248129
5,1,condensed,197,2.4898941912990393,1.234763460032532
5,1,condensed,204,2.7073833121145063,0.8685842867887119
5,1,condensed,17,0.0,1.8591120341116774
5,1,condensed,498,3.726656818447966,1.2415955095473132
5,1,condensed,49,0.0,0.9188399479026351
5,1,condensed,171,1.3056264580524357,1.5359696662600426
5,1,condensed,448,0.0,1.0963226015561485
5,1,condensed,499,2.469793011977952,1.3018325939391537
5,1,condensed,207,2.9014215940827497,1.1897927533035977
5,1,condensed,277,2.462149662665384,1.1848777259529522
5,1,condensed,377,5.168379509433644,1.6486107653437605
5,1,condensed,149,0.7514160886839212,1.1640921486748486
5,1,condensed,146,0.6678293725756554,1.049796884430519
5,1,condensed,485,1.1216775615991057,1.346501231134331
5,1,condensed,63,0.0,0.850729204705367
5,1,condensed,487,2.856470206220483,1.3430113930091878
5,1,condensed,266,0.1570037488096647,1.0306712799216036
5,1,condensed,126,0.0,0.8080612599397046
5,1,condensed,433,2.7936160894318567,2.014560956819712
5,1,condensed,390,2.3942522815198695,1.0668909580361472
5,1,condensed,56,0.0,1.4044635282917508
5,1,condensed,359,2.21046980408624,1.1297855608526914
5,1,condensed,507,0.0,1.9131695599982725
5,1,condensed,317,1.5644405465033644,1.0765515145869682
5,1,condensed,61,0.0,1.1832163173583812
5,1,condensed,114,0.0,1.1133878078765507
5,1,condensed,453,0.0,1.971818704627573
5,1,condensed,23,0.0,1.6663184206935362
5,1,condensed,278,3.136797713832594,1.18497672269709
5,1,condensed,342,0.0,1.514027208797609
5,1,condensed,329,1.4655675420143985,0.9870749953982269
5,1,condensed,255,0.0,0.6677922169501459
5,1,condensed,418,1.235471471385307,1.9837372982492236
5,1,condensed,258,0.0,1.1961527689661007
5,1,condensed,436,0.43178241642553783,1.3325903709542675
5,1,condensed,185,2.0844290831908747,1.1176306552099273
5,1,condensed,122,0.0,1.2154836345852509
5,1,condensed,369,0.0,1.1855690870820383
5,1,condensed,473,4.267176792994939,1.2861249603607705
5,1,condensed,308,0.0,1.3315534588836808
5,1,condensed,103,0.0,1.3046239607238237
5,1,condensed,332,2.503073953743449,1.1838767274469892
5,1,condensed,327,0.0,1.269425805036773
5,1,condensed,51,0.0,1.2214713962283363
5,1,condensed,402,0.0,1.5986444474378663
5,1,condensed,333,1.1410330045520618,1.4272966493525328
5,1,condensed,366,1.0116009116784799,1.1325077496713047
5,1,condensed,41,0.0,1.2122086953146756
5,1,condensed,69,0.0,0.8679632775091831
5,1,condensed,195,2.3997118037247684,0.9087257665013886
5,1,condensed,393,0.0,0.8612719905996283
5,1,condensed,431,1.9960599327407849,1.4632555401345937
5,1,condensed,272,1.4085449700547104,0.8540281550658089
5,1,condensed,434,0.0,2.0847779866426834
5,1,condensed,199,2.511223958105374,1.4015364491790023
5,1,condensed,196,2.4790562361098245,0.9897585722568931
5,1,condensed,54,0.0,1.0269932968615285
5,1,condensed,57,0.0,1.2850216880267444
5,1,condensed,62,0.0,0.8740310804671021
5,1,condensed,74,0.0,1.2682675151237104
5,1,condensed,230,4.494126887194767,1.4129267608613483
5,1,condensed,0,0.0,1.2940816673226259
5,1,condensed,310,0.0,1.3068197455599941
5,1,condensed,429,1.4350845252893227,1.6980137833822464
5,1,condensed,396,1.534714366238164,0.9741249914051601
5,1,condensed,412,0.9669838461896731,1.3662543074326887
5,1,condensed,299,0.0,0.8964324545365986
5,1,condensed,484,3.311637304949512,1.4215626232588117
5,1,condensed,247,0.5596157879354227,0.9994728468464962
5,1,condensed,355,2.643333886382519,1.3081053369347977
5,1,condensed,205,2.745345985845907,1.3501915185025555
5,1,condensed,460,0.0,1.8064790763216358
5,1,condensed,469,4.129228964075603,1.2729373222956852
5,1,condensed,296,0.6418538861723947,1.0020977464564005
5,1,condensed,336,0.0,1.0386427909278844
5,1,condensed,510,0.3576744442718159,1.0235807484465567
5,1,condensed,464,1.144222799920162,1.213535315138787
5,1,condensed,298,0.0,1.7421545017487963
5,1,condensed,260,2.2874714551839976,1.6847411907758902
5,1,condensed,179,1.8293763327993617,1.6267313254588986
5,1,condensed,447,0.0,1.31002817845129
5,1,condensed,211,3.295836866004329,1.1204595656753342
5,1,condensed,138,0.30748469974796055,1.3308025135136397
5,1,condensed,251,0.2151113796169455,1.0748404440787502
5,1,condensed,37,0.0,1.3245413058118962
5,1,condensed,414,0.0,1.1964842277337566
5,1,condensed,188,2.128231705849268,0.823448282044897
5,1,condensed,161,1.0647107369924282,1.1618035717660158
5,1,condensed,71,0.0,0.8649104073707675
5,1,condensed,514,2.498151876538021,1.575905110670742
5,1,condensed,294,2.0241930674493576,2.085508493314759
5,1,condensed,244,1.3532545070416904,1.0992835002325088
5,1,condensed,315,0.0,1.4152861955452167
5,1,condensed,215,3.389799336709786,0.9700503617284063
5,1,condensed,471,3.675794214565281,0.8780534821574398
5,1,condensed,28,0.0,1.1593989505236
5,1,condensed,417,0.0,0.9525771751564547
5,1,condensed,398,0.0,1.7945436524884835
5,1,condensed,318,0.0,1.2797526885342236
5,1,condensed,174,1.5040773967762742,0.9998667358765937
5,1,condensed,401,1.7833912195575383,1.1824405588480347
5,1,condensed,240,0.0,1.02188036547381
5,1,condensed,141,0.4382549309311553,0.8844441282111057
5,1,condensed,321,2.105352923464337,1.2978434574178688
5,1,condensed,72,0.0,1.0600830954639655
5,1,condensed,420,5.229824370102736,1.4801993292416946
5,1,condensed,216,3.4170707308184456,1.0988581192704867
5,1,condensed,387,0.0,1.1257568929807191
5,1,condensed,112,0.0,1.0911697576393924
5,1,condensed,268,0.0,0.9843048698337539
5,1,condensed,430,0.0,1.4862219734871402
5,1,condensed,38,0.0,1.359840645574188
5,1,condensed,300,0.0,1.1064762191026825
5,1,condensed,275,1.8531680973566984,0.7506855229501058
5,1,condensed,134,0.0,0.7059215201212095
5,1,condensed,280,2.329227023940467,1.1991367199693197
5,1,condensed,145,0.6418538861723947,1.2208704950370233
5,1,condensed,388,3.392492941032009,1.0031311643069836
5,1,condensed,191,2.2700619012884857,1.4147626903544297
5,1,condensed,352,1.1085626195212777,1.4768732374156535
5,1,condensed,241,0.0,0.6008789700638167
5,1,condensed,511,0.0,1.5153123313905243
5,1,condensed,368,2.613006652415316,1.2254746481115548
5,1,condensed,142,0.47623417899637155,1.98135695641609
5,1,condensed,455,0.0,0.9107578828655892
5,1,condensed,378,0.0,1.364726573561605
5,1,condensed,435,0.0,0.8431919817632256
5,1,condensed,19,0.0,1.2776420187794983
5,1,condensed,85,0.0,0.9066293820743208
5,1,condensed,261,1.4586150226995167,1.4595376491897112
5,1,condensed,102,0.0,0.9832107897725898
5,1,condensed,224,3.6560979645895566,1.7857875076485017
5,1,condensed,364,1.8946168546677629,1.27984634464916
5,1,condensed,86,0.0,0.8914676088904722
5,1,condensed,201,2.5726122302071057,0.9675283015537325
5,1,condensed,478,1.1662709371419244,1.255494658893758
5,1,condensed,77,0.0,1.0005680090638462
5,1,condensed,345,1.9213246735826988,0.8115311967315395
5,1,condensed,125,0.0,1.1232965629080318
5,1,condensed,254,2.428336298299606,1.1219569346209666
5,1,condensed,403,0.0,1.599080753164779
5,1,condensed,176,1.724550719534605,0.9897585722568931
5,1,condensed,309,0.0,1.453374597136519
5,1,condensed,238,6.995619625423205,1.1123641013565058
5,1,condensed,267,0.0,1.1484434410353277
5,1,condensed,382,1.925707441737794,1.208622156388631
5,1,condensed,515,0.0,1.7195486252632024
5,1,condensed,439,0.28517894223366247,1.1872307043457198
5,1,condensed,169,1.2669476034873244,1.1136638055352759
5,1,condensed,66,0.0,0.946481627170897
5,1,condensed,46,0.0,1.0397165086900029
5,1,condensed,155,0.9400072584914712,1.2731283160187523
5,1,condensed,189,2.2235418856535927,1.124157971765655
5,1,condensed,344,1.9600947840472698,1.2811252426924995
5,1,condensed,490,0.0,1.2243558580517335
5,1,condensed,407,0.0,0.8080007665505942
5,1,condensed,229,4.280824129164719,1.9777231206171328
5,1,condensed,58,0.0,0.8912959815959061
5,1,condensed,34,0.0,1.390812939018421
5,1,condensed,53,0.0,0.991490102624042
5,1,condensed,273,2.300583090323373,1.363468932049781
5,1,condensed,500,0.0,1.0645293603009678
5,1,condensed,350,1.5496879080283263,1.1666048032407417
5,1,condensed,459,1.0784095813505903,1.330733997696914
5,1,condensed,59,0.0,0.7568271264643825
5,1,condensed,170,1.2725655957915476,1.340298386838022
5,1,condensed,154,0.9001613499442714,1.8195840758137958
5,1,condensed,133,0.0,1.3419216029336603
5,1,condensed,187,2.1162555148025524,1.4609630117399797
5,1,condensed,237,5.365415110080531,1.1506442666364916
5,1,condensed,242,2.4096441652874536,1.1926382683189898
5,1,condensed,110,0.0,0.8109976805299642
5,1,condensed,331,2.8118094353930627,1.3638165410712657
5,1,condensed,118,0.0,0.8624224506343945
5,1,condensed,158,0.9707789171582246,1.0581582208082516
5,1,condensed,449,0.0,1.3041339904100748
5,1,condensed,203,2.6878474937846906,1.4162137774744203
5,1,condensed,60,0.0,0.9037073255218601
5,1,condensed,410,0.0,0.9447574704380165
5,1,condensed,222,3.6336309798834576,0.9217457846327047
5,1,condensed,84,0.0,1.2889835432075896
5,1,condensed,474,2.405141681319138,0.9762974461223887
5,1,condensed,123,0.0,1.111207426950476
5,1,condensed,33,0.0,0.9177428637497891
5,1,condensed,1,0.0,1.5869852100694966
5,1,condensed,322,0.6981347220709843,1.0971074377685084
5,1,condensed,320,3.5655812377694427,0.9971378263721528
5,1,condensed,208,3.007166651179654,1.4702087823849355
5,1,condensed,139,0.3576744442718159,1.5546854438829045
5,1,condensed,35,0.0,1.6373884223556319
5,1,condensed,234,5.049086480470509,1.1195085682362171
5,1,condensed,88,0.0,0.8913766894933565
5,1,condensed,394,0.0,0.9193957570985536
5,1,condensed,312,0.0,0.9864300780207959
5,1,condensed,400,2.214846178686039,1.6436078310578262
5,1,condensed,304,0.0,0.9321268800740246
5,1,condensed,506,0.0,1.1178207078520275
5,1,condensed,295,0.0,1.2335070298444601
5,1,condensed,337,4.04375277610604,1.347324192407877
5,1,condensed,288,0.0,1.4580685501770214
5,1,condensed,20,0.0,0.9601070732035083
5,1,condensed,97,0.0,1.0586836248074605
5,1,condensed,384,2.578700529074361,1.4092146231866354
5,1,condensed,411,1.7263316639055997,1.1849944427652215
5,1,condensed,152,0.887891257352457,0.7482446808122741
5,1,condensed,75,0.0,0.6356210724170251
5,1,condensed,98,0.0,1.324473779473851
5,1,condensed,371,0.0,1.1148183995357894
5,1,condensed,491,0.0,1.1460219622628292
5,1,condensed,30,0.0,1.592075352756692
5,1,condensed,10,0.0,1.6260231332762198
5,1,condensed,218,3.487986511734546,1.328253667290628
5,1,condensed,494,2.2607208888953467,1.0975630670592937
5,1,condensed,287,0.0,1.1814805153119323
5,1,condensed,162,1.0784095813505903,1.1858431407211718
5,1,condensed,269,1.6863989535702288,1.207152783908746
5,1,condensed,437,0.0,1.4475327156324558
5,1,condensed,25,0.0,1.3401396157739591
5,1,condensed,144,0.5709795465857378,0.9361525664480119
5,1,condensed,177,1.7387102481382397,0.9480485853115045
5,1,condensed,380,2.166765369851511,0.8870281030741652
5,1,condensed,326,0.0,0.9776573510817868
5,1,condensed,395,3.966132331075178,0.8100367677855134
5,1,condensed,210,3.2280337626529665,0.9090340924289586
5,1,condensed,109,0.0,1.1263070136994944
5,1,condensed,493,3.7914360424390283,1.2514441323361516
5,1,condensed,415,6.616439947564594,1.1914525464224122
5,1,condensed,362,0.41871033485818504,1.6257421965366854
5,1,condensed,157,0.9669838461896731,0.7437159896818705
5,1,condensed,217,3.4442568711226023,1.490823093987229
5,1,condensed,22,0.0,1.5794197937065437
5,1,condensed,262,1.6582280766035324,0.8790116993965178
5,1,condensed,264,2.020222182019865,0.8986618340896673
5,1,condensed,428,0.0,1.4349341404131701
5,1,condensed,202,2.642622395779755,0.7423989214909295
5,1,condensed,180,1.8453002361560848,0.9946945917902452
5,2,null,132,0.0,1.18982016795925
5,2,null,509,1.1537315878891892,1.18982016795925
5,2,null,406,1.599387576580599,1.18982016795925
5,2,null,140,0.3852624007906449,1.18982016795925
5,2,null,120,0.0,1.18982016795925
5,2,null,343,1.1568811967920856,1.18982016795925
5,2,null,346,3.3738261848660236,1.18982016795925
5,2,null,219,3.492256112609122,1.18982016795925
5,2,null,351,2.1174596088673567,1.18982016795925
5,2,null,104,0.0,1.18982016795925
5,2,null,340,1.5953389880545987,1.18982016795925
5,2,null,374,2.9601050959108397,1.18982016795925
5,2,null,373,0.0,1.18982016795925
5,2,null,444,2.3942522815198695,1.18982016795925
5,2,null,385,2.833213344056216,1.18982016795925
5,2,null,381,2.8524391037275145,1.18982016795925
5,2,null,99,0.0,1.18982016795925
5,2,null,314,0.9477893989335261,1.18982016795925
5,2,null,505,1.916922612182061,1.18982016795925
5,2,null,27,0.0,1.18982016795925
5,2,null,246,0.08617769624105241,1.18982016795925
5,2,null,303,0.0,1.18982016795925
5,2,null,476,1.0152306797290584,1.18982016795925
5,2,null,323,1.1568811967920856,1.18982016795925
5,2,null,399,0.0,1.18982016795925
5,2,null,375,3.6975913947159578,1.18982016795925
5,2,null,311,2.727199019940971,1.18982016795925
5,2,null,290,0.0,1.18982016795925
5,2,null,432,0.0,1.18982016795925
5,2,null,252,0.1906203596086497,1.18982016795925
5,2,null,227,4.08260930600368,1.18982016795925
5,2,null,226,3.9193957597575593,1.18982016795925
5,2,null,427,1.208960345836975,1.18982016795925
5,2,null,236,5.307970623576175,1.18982016795925
5,2,null,29,0.0,1.18982016795925
5,2,null,466,1.430311246536665,1.18982016795925
5,2,null,82,0.0,1.18982016795925
5,2,null,47,0.0,1.18982016795925
5,2,null,256,2.199444334074532,1.18982016795925
5,2,null,324,1.6900958154515549,1.18982016795925
5,2,null,467,1.8794650496471605,1.18982016795925
5,2,null,454,0.0,1.18982016795925
5,2,null,325,0.0,1.18982016795925
5,2,null,55,0.0,1.18982016795925
5,2,null,131,0.0,1.18982016795925
5,2,null,113,0.0,1.18982016795925
5,2,null,512,2.0068708488450007,1.18982016795925
5,2,null,245,0.5653138090500605,1.18982016795925
5,2,null,243,0.0,1.18982016795925
5,2,null,472,1.0784095813505903,1.18982016795925
5,2,null,271,2.329227023940467,1.18982016795925
5,2,null,136,0.0,1.18982016795925
5,2,null,143,0.5364933705145685,1.18982016795925
5,2,null,347,0.0,1.18982016795925
5,2,null,192,2.2731562823032334,1.18982016795925
5,2,null,416,2.081938421878423,1.18982016795925
5,2,null,370,2.4898941912990393,1.18982016795925
5,2,null,11,0.0,1.18982016795925
5,2,null,100,0.0,1.18982016795925
5,2,null,483,0.0,1.18982016795925
5,2,null,465,2.0592388343623163,1.18982016795925
5,2,null,424,1.7850704810772584,1.18982016795925
5,2,null,80,0.0,1.18982016795925
5,2,null,181,1.8625285401162623,1.18982016795925
5,2,null,253,0.9242589015233319,1.18982016795925
5,2,null,111,0.0,1.18982016795925
5,2,null,92,0.0,1.18982016795925
5,2,null,482,0.8285518175661483,1.18982016795925
5,2,null,13,0.0,1.18982016795925
5,2,null,79,0.0,1.18982016795925
5,2,null,31,0.0,1.18982016795925
5,2,null,330,2.0255131996542803,1.18982016795925
5,2,null,409,0.0,1.18982016795925
5,2,null,421,0.0,1.18982016795925
5,2,null,361,1.597365331199831,1.18982016795925
5,2,null,354,1.9416152247724325,1.18982016795925
5,2,null,480,1.3217558399823195,1.18982016795925
5,2,null,248,0.0,1.18982016795925
5,2,null,438,2.005525858729668,1.18982016795925
5,2,null,338,2.1377104498038118,1.18982016795925
5,2,null,64,0.0,1.18982016795925
5,2,null,445,0.0,1.18982016795925
5,2,null,220,3.4986265269937014,1.18982016795925
5,2,null,281,3.2492110246642736,1.18982016795925
5,2,null,291,2.1972245773362196,1.18982016795925
5,2,null,81,0.0,1.18982016795925
5,2,null,495,0.0,1.18982016795925
5,2,null,232,4.648133885420207,1.18982016795925
5,2,null,42,0.0,1.18982016795925
5,2,null,7,0.0,1.18982016795925
5,2,null,462,1.5496879080283263,1.18982016795925
5,2,null,516,0.0,1.18982016795925
5,2,null,32,0.0,1.18982016795925
5,2,null,443,0.0,1.18982016795925
5,2,null,172,1.3190856114264407,1.18982016795925
5,2,null,194,2.3988039507345884,1.18982016795925
5,2,null,173,1.4036429994545037,1.18982016795925
5,2,null,276,2.93651291389402,1.18982016795925
5,2,null,70,0.0,1.18982016795925
5,2,null,4,0.0,1.18982016795925
5,2,null,513,4.012592060349841,1.18982016795925
5,2,null,348,0.0,1.18982016795925
5,2,null,48,0.0,1.18982016795925
5,2,null,95,0.0,1.18982016795925
5,2,null,305,0.0,1.18982016795925
5,2,null,486,1.0986122886681098,1.18982016795925
5,2,null,137,0.0,1.18982016795925
5,2,null,259,0.8671004876833833,1.18982016795925
5,2,null,292,1.2919836816486494,1.18982016795925
5,2,null,376,0.0,1.18982016795925
5,2,null,14,0.0,1.18982016795925
5,2,null,3,0.0,1.18982016795925
5,2,null,117,0.0,1.18982016795925
5,2,null,213,3.3446270301737613,1.18982016795925
5,2,null,18,0.0,1.18982016795925
5,2,null,44,0.0,1.18982016795925
5,2,null,93,0.0,1.18982016795925
5,2,null,165,1.144222799920162,1.18982016795925
5,2,null,496,1.3270750014599193,1.18982016795925
5,2,null,284,3.228430037673012,1.18982016795925
5,2,null,307,1.8213182714695995,1.18982016795925
5,2,null,356,0.8153648132841944,1.18982016795925
5,2,null,116,0.0,1.18982016795925
5,2,null,389,0.0,1.18982016795925
5,2,null,456,0.0,1.18982016795925
5,2,null,124,0.0,1.18982016795925
5,2,null,16,0.0,1.18982016795925
5,2,null,228,4.175924549214524,1.18982016795925
5,2,null,446,0.0,1.18982016795925
5,2,null,175,1.7101878155342434,1.18982016795925
5,2,null,358,0.0,1.18982016795925
5,2,null,178,1.7715567619105355,1.18982016795925
5,2,null,39,0.0,1.18982016795925
5,2,null,367,0.0,1.18982016795925
5,2,null,147,0.6729444732424258,1.18982016795925
5,2,null,150,0.7839015438284094,1.18982016795925
5,2,null,223,3.6381123370602833,1.18982016795925
5,2,null,442,1.4701758451005926,1.18982016795925
5,2,null,282,0.0,1.18982016795925
5,2,null,119,0.0,1.18982016795925
5,2,null,397,1.5325568680981427,1.18982016795925
5,2,null,504,3.923753928303845,1.18982016795925
5,2,null,365,3.0459499897146083,1.18982016795925
5,2,null,419,1.3987168811184478,1.18982016795925
5,2,null,159,0.9895411936137477,1.18982016795925
5,2,null,372,0.0,1.18982016795925
5,2,null,209,3.1949928844048685,1.18982016795925
5,2,null,43,0.0,1.18982016795925
5,2,null,425,0.0,1.18982016795925
5,2,null,231,4.566221435849517,1.18982016795925
5,2,null,127,0.0,1.18982016795925
5,2,null,108,0.0,1.18982016795925
5,2,null,313,0.0,1.18982016795925
5,2,null,153,0.9001613499442714,1.18982016795925
5,2,null,9,0.0,1.18982016795925
5,2,null,5,0.0,1.18982016795925
5,2,null,497,2.7523860149222616,1.18982016795925
5,2,null,148,0.7275486072772779,1.18982016795925
5,2,null,468,2.0294631718735947,1.18982016795925
5,2,null,21,0.0,1.18982016795925
5,2,null,83,0.0,1.18982016795925
5,2,null,168,1.2612978709452054,1.18982016795925
5,2,null,285,0.0,1.18982016795925
5,2,null,193,2.3427668826268775,1.18982016795925
5,2,null,68,0.0,1.18982016795925
5,2,null,94,0.0,1.18982016795925
5,2,null,105,0.0,1.18982016795925
5,2,null,328,0.0,1.18982016795925
5,2,null,78,0.0,1.18982016795925
5,2,null,357,0.0,1.18982016795925
5,2,null,481,0.0,1.18982016795925
5,2,null,212,3.3006401266708405,1.18982016795925
5,2,null,413,0.0,1.18982016795925
5,2,null,101,0.0,1.18982016795925
5,2,null,349,0.9707789171582246,1.18982016795925
5,2,null,186,2.1029138978649784,1.18982016795925
5,2,null,151,0.8586616190375188,1.18982016795925
5,2,null,250,0.5187937934151676,1.18982016795925
5,2,null,115,0.0,1.18982016795925
5,2,null,233,4.669646205172456,1.18982016795925
5,2,null,302,0.0,1.18982016795925
5,2,null,190,2.231089091288976,1.18982016795925
5,2,null,89,0.0,1.18982016795925
5,2,null,386,3.2422016501716975,1.18982016795925
5,2,null,477,2.1234584270966104,1.18982016795925
5,2,null,15,0.0,1.18982016795925
5,2,null,452,0.0,1.18982016795925
5,2,null,91,0.0,1.18982016795925
5,2,null,128,0.0,1.18982016795925
5,2,null,26,0.0,1.18982016795925
5,2,null,6,0.0,1.18982016795925
5,2,null,183,2.057962510002712,1.18982016795925
5,2,null,107,0.0,1.18982016795925
5,2,null,257,0.5187937934151676,1.18982016795925
5,2,null,319,1.6882490928583902,1.18982016795925
5,2,null,163,1.0818051703517284,1.18982016795925
5,2,null,503,1.0818051703517284,1.18982016795925
5,2,null,206,2.800325477211381,1.18982016795925
5,2,null,283,0.7419373447293773,1.18982016795925
5,2,null,239,0.0,1.18982016795925
5,2,null,316,0.0,1.18982016795925
5,2,null,405,0.0,1.18982016795925
5,2,null,450,2.005525858729668,1.18982016795925
5,2,null,286,0.0,1.18982016795925
5,2,null,334,0.0,1.18982016795925
5,2,null,408,2.174751721484161,1.18982016795925
5,2,null,235,5.285637313390662,1.18982016795925
5,2,null,40,0.0,1.18982016795925
5,2,null,24,0.0,1.18982016795925
5,2,null,423,0.5423242908253617,1.18982016795925
5,2,null,501,0.0,1.18982016795925
5,2,null,379,0.0,1.18982016795925
5,2,null,225,3.902982260775997,1.18982016795925
5,2,null,297,0.0,1.18982016795925
5,2,null,156,0.9593502213346021,1.18982016795925
5,2,null,475,1.4327007339340463,1.18982016795925
5,2,null,67,0.0,1.18982016795925
5,2,null,130,0.0,1.18982016795925
5,2,null,52,0.0,1.18982016795925
5,2,null,166,1.1908875647772805,1.18982016795925
5,2,null,470,0.0,1.18982016795925
5,2,null,50,0.0,1.18982016795925
5,2,null,164,1.1019400787607843,1.18982016795925
5,2,null,200,2.528125768907977,1.18982016795925
5,2,null,249,1.244154593958768,1.18982016795925
5,2,null,489,0.0,1.18982016795925
5,2,null,8,0.0,1.18982016795925
5,2,null,392,4.27332721775054,1.18982016795925
5,2,null,184,2.0744289998562917,1.18982016795925
5,2,null,160,1.0116009116784799,1.18982016795925
5,2,null,451,2.3711778844596574,1.18982016795925
5,2,null,167,1.2556160374777743,1.18982016795925
5,2,null,301,1.5085119938441398,1.18982016795925
5,2,null,135,0.0,1.18982016795925
5,2,null,76,0.0,1.18982016795925
5,2,null,293,4.471067201464611,1.18982016795925
5,2,null,45,0.0,1.18982016795925
5,2,null,106,0.0,1.18982016795925
5,2,null,422,1.9878743481543455,1.18982016795925
5,2,null,383,3.7812307151781224,1.18982016795925
5,2,null,265,0.5822156198526637,1.18982016795925
5,2,null,339,0.9042181506398858,1.18982016795925
5,2,null,458,1.463255402256019,1.18982016795925
5,2,null,36,0.0,1.18982016795925
5,2,null,508,0.0,1.18982016795925
5,2,null,274,2.5006159434931803,1.18982016795925
5,2,null,502,0.0,1.18982016795925
5,2,null,198,2.50470927708418,1.18982016795925
5,2,null,73,0.0,1.18982016795925
5,2,null,457,4.427836170705175,1.18982016795925
5,2,null,90,0.0,1.18982016795925
5,2,null,353,1.000631880307906,1.18982016795925
5,2,null,461,0.0,1.18982016795925
5,2,null,306,0.34358970439007686,1.18982016795925
5,2,null,270,0.41871033485818504,1.18982016795925
5,2,null,2,0.0,1.18982016795925
5,2,null,360,0.7371640659767196,1.18982016795925
5,2,null,335,0.0,1.18982016795925
5,2,knn,132,0.0,1.0911033965867905
5,2,knn,509,1.1537315878891892,1.0259824517063352
5,2,knn,406,1.599387576580599,0.5767499308176711
5,2,knn,140,0.3852624007906449,1.4112294664194385
5,2,knn,120,0.0,1.140504924498603
5,2,knn,343,1.1568811967920856,1.30720916566831
5,2,knn,346,3.3738261848660236,1.1038156645186368
5,2,knn,219,3.492256112609122,0.8995396399611398
5,2,knn,351,2.1174596088673567,1.128054813034366
5,2,knn,104,0.0,1.3398122447954608
5,2,knn,340,1.5953389880545987,1.4402555242398731
5,2,knn,374,2.9601050959108397,0.6157886731792479
5,2,knn,373,0.0,1.1991016750242125
5,2,knn,444,2.3942522815198695,0.8349523442845109
5,2,knn,385,2.833213344056216,1.294026044536389
5,2,knn,381,2.8524391037275145,1.1115549277378298
5,2,knn,99,0.0,1.2488466071652298
5,2,knn,314,0.9477893989335261,1.2172370176853218
5,2,knn,505,1.916922612182061,0.9782786861712077
5,2,knn,27,0.0,0.951252584226164
5,2,knn,246,0.08617769624105241,1.7094296920925844
5,2,knn,303,0.0,1.3198710272029297
5,2,knn,476,1.0152306797290584,0.8276673047834417
5,2,knn,323,1.1568811967920856,1.4568051187246036
5,2,knn,399,0.0,1.7259873858186285
5,2,knn,375,3.6975913947159578,1.1495293387495265
5,2,knn,311,2.727199019940971,0.7205607659115553
5,2,knn,290,0.0,1.3970704318268958
5,2,knn,432,0.0,1.7657215052296127
5,2,knn,252,0.1906203596086497,1.5733856129241819
5,2,knn,227,4.08260930600368,1.5723735729811108
5,2,knn,226,3.9193957597575593,1.3083047604872333
5,2,knn,427,1.208960345836975,1.3039317657668106
5,2,knn,236,5.307970623576175,1.1343052439326933
5,2,knn,29,0.0,0.9829044343875833
5,2,knn,466,1.430311246536665,1.1815872439230448
5,2,knn,82,0.0,0.9581133817424015
5,2,knn,47,0.0,1.5718245124017263
5,2,knn,256,2.199444334074532,1.2788269510393144
5,2,knn,324,1.6900958154515549,1.2829001795828059
5,2,knn,467,1.8794650496471605,0.7535133477731583
5,2,knn,454,0.0,1.2031857733937579
5,2,knn,325,0.0,1.227895097521012
5,2,knn,55,0.0,0.7142297523475822
5,2,knn,131,0.0,1.0297455090370473
5,2,knn,113,0.0,1.335129418591807
5,2,knn,512,2.0068708488450007,0.649776362317229
5,2,knn,245,0.5653138090500605,1.2311648558130608
5,2,knn,243,0.0,1.360464440527615
5,2,knn,472,1.0784095813505903,1.441364481654538
5,2,knn,271,2.329227023940467,1.1557622979176556
5,2,knn,136,0.0,1.394568473285754
5,2,knn,143,0.5364933705145685,0.607811301101939
5,2,knn,347,0.0,1.1094817639707435
5,2,knn,192,2.2731562823032334,0.8798449839614069
5,2,knn,416,2.081938421878423,1.0456955043237235
5,2,knn,370,2.4898941912990393,0.8183308183006738
5,2,knn,11,0.0,1.1172872355744803
5,2,knn,100,0.0,1.2488466071652298
5,2,knn,483,0.0,2.168978437274788
5,2,knn,465,2.0592388343623163,0.8342898601459016
5,2,knn,424,1.7850704810772584,2.0492596279543434
5,2,knn,80,0.0,0.6979864461265212
5,2,knn,181,1.8625285401162623,1.5874524646708956
5,2,knn,253,0.9242589015233319,1.1372732338753109
5,2,knn,111,0.0,0.728869631197749
5,2,knn,92,0.0,1.7348660414534693
5,2,knn,482,0.8285518175661483,1.2422217879896238
5,2,knn,13,0.0,1.419631220696881
5,2,knn,79,0.0,1.0087797224149768
5,2,knn,31,0.0,1.0295101548111654
5,2,knn,330,2.0255131996542803,1.0460879534203151
5,2,knn,409,0.0,1.3095686820237216
5,2,knn,421,0.0,1.5051463647657277
5,2,knn,361,1.597365331199831,1.2167669005465058
5,2,knn,354,1.9416152247724325,1.2433065423344913
5,2,knn,480,1.3217558399823195,1.9610659369135741
5,2,knn,248,0.0,1.9716827168403672
5,2,knn,438,2.005525858729668,1.2328373625240767
5,2,knn,338,2.1377104498038118,1.3380784448175809
5,2,knn,64,0.0,0.6834593831828463
5,2,knn,445,0.0,1.2123944613485118
5,2,knn,220,3.4986265269937014,1.2951496787763133
5,2,knn,281,3.2492110246642736,1.1207296245798233
5,2,knn,291,2.1972245773362196,0.9525475614337716
5,2,knn,81,0.0,0.8164524033582381
5,2,knn,495,0.0,1.4109548040267035
5,2,knn,232,4.648133885420207,1.0382497849094026
5,2,knn,42,0.0,1.0733447851877647
5,2,knn,7,0.0,1.302808210066408
5,2,knn,462,1.5496879080283263,0.867631064155255
5,2,knn,516,0.0,0.932038371955814
5,2,knn,32,0.0,0.7982163128442198
5,2,knn,443,0.0,0.9745654879449336
5,2,knn,172,1.3190856114264407,1.4572454865039277
5,2,knn,194,2.3988039507345884,0.8798449839614069
5,2,knn,173,1.4036429994545037,1.420694542691881
5,2,knn,276,2.93651291389402,1.1186485685995264
5,2,knn,70,0.0,0.9579127078441758
5,2,knn,4,0.0,1.309551639661701
5,2,knn,513,4.012592060349841,1.194897218559858
5,2,knn,348,0.0,1.1530397214524202
5,2,knn,48,0.0,1.2296973296199205
5,2,knn,95,0.0,0.7015574135655778
5,2,knn,305,0.0,1.1116523359003714
5,2,knn,486,1.0986122886681098,1.3893609197731456
5,2,knn,137,0.0,1.1055066091122334
5,2,knn,259,0.8671004876833833,0.8783932590768769
5,2,knn,292,1.2919836816486494,1.4332757743725262
5,2,knn,376,0.0,0.7713270124255442
5,2,knn,14,0.0,1.9607908878510303
5,2,knn,3,0.0,1.4547928745948986
5,2,knn,117,0.0,0.7537874653455782
5,2,knn,213,3.3446270301737613,1.2707341494350894
5,2,knn,18,0.0,1.02960113376261
5,2,knn,44,0.0,0.977055855407074
5,2,knn,93,0.0,1.59787387405042
5,2,knn,165,1.144222799920162,1.2996879249779287
5,2,knn,496,1.3270750014599193,1.9745550348074319
5,2,knn,284,3.228430037673012,1.2220894498572712
5,2,knn,307,1.8213182714695995,0.8798241359478495
5,2,knn,356,0.8153648132841944,1.3448738995043672
5,2,knn,116,0.0,0.9798234247632484
5,2,knn,389,0.0,1.55419984217969
5,2,knn,456,0.0,1.290011402852033
5,2,knn,124,0.0,1.288663111701277
5,2,knn,16,0.0,0.8004018369347493
5,2,knn,228,4.175924549214524,1.9307032705298148
5,2,knn,446,0.0,0.5944899943700895
5,2,knn,175,1.7101878155342434,0.9608210000665212
5,2,knn,358,0.0,0.9413439277532034
5,2,knn,178,1.7715567619105355,1.1761334586048355
5,2,knn,39,0.0,1.2297493450698065
5,2,knn,367,0.0,1.4368604954408855
5,2,knn,147,0.6729444732424258,0.8070294587325098
5,2,knn,150,0.7839015438284094,1.7476089900780478
5,2,knn,223,3.6381123370602833,1.2061882028363204
5,2,knn,442,1.4701758451005926,1.1370343739518942
5,2,knn,282,0.0,1.084624910360364
5,2,knn,119,0.0,1.4073243913124143
5,2,knn,397,1.5325568680981427,1.6751144167950451
5,2,knn,504,3.923753928303845,1.331438225407414
5,2,knn,365,3.0459499897146083,1.8475613840380263
5,2,knn,419,1.3987168811184478,1.428553282358494
5,2,knn,159,0.9895411936137477,1.3642070361189598
5,2,knn,372,0.0,0.8306042266530919
5,2,knn,209,3.1949928844048685,1.0208147711128719
5,2,knn,43,0.0,1.0685488653924933
5,2,knn,425,0.0,1.014237705879679
5,2,knn,231,4.566221435849517,1.589931515873099
5,2,knn,127,0.0,1.7531691713820492
5,2,knn,108,0.0,1.3854790206038265
5,2,knn,313,0.0,1.8027968153017817
5,2,knn,153,0.9001613499442714,1.2828290434933673
5,2,knn,9,0.0,1.4135481784756765
5,2,knn,5,0.0,1.8955463265775907
5,2,knn,497,2.7523860149222616,1.4266159958839228
5,2,knn,148,0.7275486072772779,1.1993642497298447
5,2,knn,468,2.0294631718735947,0.8995046387262776
5,2,knn,21,0.0,1.1489777338308018
5,2,knn,83,0.0,1.1028759846443121
5,2,knn,168,1.2612978709452054,0.9743036061934791
5,2,knn,285,0.0,1.2739052957022376
5,2,knn,193,2.3427668826268775,1.6587786333665049
5,2,knn,68,0.0,0.9035141667891555
5,2,knn,94,0.0,1.339409722711621
5,2,knn,105,0.0,1.291043085738733
5,2,knn,328,0.0,1.5587658716840584
5,2,knn,78,0.0,1.1191287636399827
5,2,knn,357,0.0,1.1990035383273339
5,2,knn,481,0.0,1.2845755762864906
5,2,knn,212,3.3006401266708405,1.3672190434558138
5,2,knn,413,0.0,1.6422732767300734
5,2,knn,101,0.0,0.8145101174896585
5,2,knn,349,0.9707789171582246,1.1524404029500166
5,2,knn,186,2.1029138978649784,1.1635911263319065
5,2,knn,151,0.8586616190375188,1.5884786563149942
5,2,knn,250,0.5187937934151676,1.7230251137750412
5,2,knn,115,0.0,0.8518675555677279
5,2,knn,233,4.669646205172456,1.1209493397792285
5,2,knn,302,0.0,1.3198710272029297
5,2,knn,190,2.231089091288976,1.1164009149494518
5,2,knn,89,0.0,0.8736651344358125
5,2,knn,386,3.2422016501716975,1.123537055537967
5,2,knn,477,2.1234584270966104,1.1657727924916166
5,2,knn,15,0.0,1.673155564681084
5,2,knn,452,0.0,0.9271558502033049
5,2,knn,91,0.0,1.2767555002434583
5,2,knn,128,0.0,1.144625309925316
5,2,knn,26,0.0,1.3642070361189598
5,2,knn,6,0.0,1.280093127298972
5,2,knn,183,2.057962510002712,0.8753257516530212
5,2,knn,107,0.0,1.6658350860795585
5,2,knn,257,0.5187937934151676,1.1016419495527094
5,2,knn,319,1.6882490928583902,1.6507525228949649
5,2,knn,163,1.0818051703517284,1.2602549852556861
5,2,knn,503,1.0818051703517284,1.2416763105768667
5,2,knn,206,2.800325477211381,0.9474394747626524
5,2,knn,283,0.7419373447293773,1.0126010645574768
5,2,knn,239,0.0,1.3188808002172858
5,2,knn,316,0.0,1.8136741807663554
5,2,knn,405,0.0,0.8703873854791047
5,2,knn,450,2.005525858729668,1.4620129901755416
5,2,knn,286,0.0,0.743696023843334
5,2,knn,334,0.0,0.7784229756508798
5,2,knn,408,2.174751721484161,1.1518162411129236
5,2,knn,235,5.285637313390662,1.4080988682762454
5,2,knn,40,0.0,0.8494925770333653
5,2,knn,24,0.0,1.7414586903622373
5,2,knn,423,0.5423242908253617,0.6446274267110629
5,2,knn,501,0.0,1.3384520578782304
5,2,knn,379,0.0,1.1905780508217314
5,2,knn,225,3.902982260775997,1.2635320358822444
5,2,knn,297,0.0,1.4932745246084016
5,2,knn,156,0.9593502213346021,1.161340971930385
5,2,knn,475,1.4327007339340463,1.0554460655106124
5,2,knn,67,0.0,0.7640184399211476
5,2,knn,130,0.0,0.9783945776089149
5,2,knn,52,0.0,1.0517942683857857
5,2,knn,166,1.1908875647772805,1.2335298609128562
5,2,knn,470,0.0,1.0741363035225915
5,2,knn,50,0.0,1.4397060824513426
5,2,knn,164,1.1019400787607843,1.5146044081413783
5,2,knn,200,2.528125768907977,1.41613247105352
5,2,knn,249,1.244154593958768,1.4878509961910604
5,2,knn,489,0.0,1.0498393483846586
5,2,knn,8,0.0,1.2333207962294712
5,2,knn,392,4.27332721775054,1.0463451613309036
5,2,knn,184,2.0744289998562917,1.8246726900305277
5,2,knn,160,1.0116009116784799,1.0850978670479605
5,2,knn,451,2.3711778844596574,1.380919870970744
5,2,knn,167,1.2556160374777743,1.5985722564702463
5,2,knn,301,1.5085119938441398,1.5976973382819573
5,2,knn,135,0.0,1.2400705093131839
5,2,knn,76,0.0,1.2759981275664545
5,2,knn,293,4.471067201464611,2.166911372454913
5,2,knn,45,0.0,1.8948401326171813
5,2,knn,106,0.0,0.9592118816329561
5,2,knn,422,1.9878743481543455,1.8446508619820479
5,2,knn,383,3.7812307151781224,1.0324038124465145
5,2,knn,265,0.5822156198526637,1.411065561720227
5,2,knn,339,0.9042181506398858,1.2655289980031708
5,2,knn,458,1.463255402256019,0.6602744695600626
5,2,knn,36,0.0,1.272106337928139
5,2,knn,508,0.0,1.027401995973511
5,2,knn,274,2.5006159434931803,1.222467582775737
5,2,knn,502,0.0,1.0118274412225994
5,2,knn,198,2.50470927708418,1.019676135996585
5,2,knn,73,0.0,0.7688838849599003
5,2,knn,457,4.427836170705175,1.257538440076663
5,2,knn,90,0.0,1.2888907541022985
5,2,knn,353,1.000631880307906,1.026602039912634
5,2,knn,461,0.0,0.6602744695600626
5,2,knn,306,0.34358970439007686,0.9145915242576929
5,2,knn,270,0.41871033485818504,1.228525406012174
5,2,knn,2,0.0,0.9319713417304444
5,2,knn,360,0.7371640659767196,1.46816382802594
5,2,knn,335,0.0,1.1973840104170035
5,2,edited,132,0.0,0.7782165954673642
5,2,edited,509,1.1537315878891892,0.6451775457605359
5,2,edited,406,1.599387576580599,0.27203205967622957
5,2,edited,140,0.3852624007906449,1.5086872132556717
5,2,edited,120,0.0,1.0149889373481793
5,2,edited,343,1.1568811967920856,1.3536761946168352
5,2,edited,346,3.3738261848660236,1.289876605962471
5,2,edited,219,3.492256112609122,1.0659215253779097
5,2,edited,351,2.1174596088673567,1.325429330552682
5,2,edited,104,0.0,1.4458427917213021
5,2,edited,340,1.5953389880545987,1.3337072375104682
5,2,edited,374,2.9601050959108397,0.27200558067251673
5,2,edited,373,0.0,1.2701281255777497
5,2,edited,444,2.3942522815198695,0.7115328791291946
5,2,edited,385,2.833213344056216,1.3014371642855855
5,2,edited,381,2.8524391037275145,0.8792721682946115
5,2,edited,99,0.0,1.3640932509288894
5,2,edited,314,0.9477893989335261,1.1076156005956976
5,2,edited,505,1.916922612182061,0.45477056748537875
5,2,edited,27,0.0,0.9144641501564933
5,2,edited,246,0.08617769624105241,1.7981809173604943
5,2,edited,303,0.0,1.2949342909185766
5,2,edited,476,1.0152306797290584,0.6294716997568492
5,2,edited,323,1.1568811967920856,1.7381601738294807
5,2,edited,399,0.0,1.2075416470662117
5,2,edited,375,3.6975913947159578,1.122149075250289
5,2,edited,311,2.727199019940971,0.30649275639305656
5,2,edited,290,0.0,1.158405658385283
5,2,edited,432,0.0,1.267500743797592
5,2,edited,252,0.1906203596086497,1.4750685935035865
5,2,edited,227,4.08260930600368,1.449355215351305
5,2,edited,226,3.9193957597575593,1.0870091832659
5,2,edited,427,1.208960345836975,1.087944570469186
5,2,edited,236,5.307970623576175,0.40258159899322965
5,2,edited,29,0.0,0.8183110212156495
5,2,edited,466,1.430311246536665,0.8055140685916636
5,2,edited,82,0.0,0.7464029630580501
5,2,edited,47,0.0,1.0948993676856227
5,2,edited,256,2.199444334074532,0.7892499850935416
5,2,edited,324,1.6900958154515549,1.206980973840313
5,2,edited,467,1.8794650496471605,0.9268803363324458
5,2,edited,454,0.0,1.1493401418631228
5,2,edited,325,0.0,0.9948491515666001
5,2,edited,55,0.0,0.4569288931607027
5,2,edited,131,0.0,0.9927067051275351
5,2,edited,113,0.0,1.1013905442313512
5,2,edited,512,2.0068708488450007,0.6155354358629396
5,2,edited,245,0.5653138090500605,1.3836638492556985
5,2,edited,243,0.0,1.0236961818324333
5,2,edited,472,1.0784095813505903,0.8803306416144445
5,2,edited,271,2.329227023940467,0.9899939492320845
5,2,edited,136,0.0,1.1313625988320073
5,2,edited,143,0.5364933705145685,0.5512784715153373
5,2,edited,347,0.0,0.73451183381696
5,2,edited,192,2.2731562823032334,0.5232702705576909
5,2,edited,416,2.081938421878423,0.5951309221813688
5,2,edited,370,2.4898941912990393,0.5569690876840154
5,2,edited,11,0.0,1.0483767696625312
5,2,edited,100,0.0,1.3640932509288894
5,2,edited,483,0.0,1.3781667290369752
5,2,edited,465,2.0592388343623163,1.0758089429202926
5,2,edited,424,1.7850704810772584,1.1836611036960099
5,2,edited,80,0.0,0.668071563221905
5,2,edited,181,1.8625285401162623,1.1449454113817121
5,2,edited,253,0.9242589015233319,0.8096103419248039
5,2,edited,111,0.0,0.9275928796294319
5,2,edited,92,0.0,1.3022625683810056
5,2,edited,482,0.8285518175661483,1.1892458163019246
5,2,edited,13,0.0,1.11358183429676
5,2,edited,79,0.0,0.5593781712946683
5,2,edited,31,0.0,0.758828510697329
5,2,edited,330,2.0255131996542803,0.7101121829647442
5,2,edited,409,0.0,0.847607871425416
5,2,edited,421,0.0,1.0719757326460417
5,2,edited,361,1.597365331199831,1.4758364650611118
5,2,edited,354,1.9416152247724325,0.9674232971490168
5,2,edited,480,1.3217558399823195,1.4509034431253127
5,2,edited,248,0.0,0.9496134545060319
5,2,edited,438,2.005525858729668,1.325132331613748
5,2,edited,338,2.1377104498038118,1.0134530574932372
5,2,edited,64,0.0,0.39277364045528623
5,2,edited,445,0.0,1.1388984146017467
5,2,edited,220,3.4986265269937014,1.3538216109044061
5,2,edited,281,3.2492110246642736,1.40668086190479
5,2,edited,291,2.1972245773362196,0.5206565955522275
5,2,edited,81,0.0,0.6067324885543386
5,2,edited,495,0.0,0.8140693488926691
5,2,edited,232,4.648133885420207,1.0815216086498507
5,2,edited,42,0.0,0.9846764071506093
5,2,edited,7,0.0,0.5774279051456634
5,2,edited,462,1.5496879080283263,0.4569771461484154
5,2,edited,516,0.0,0.5724018294676881
5,2,edited,32,0.0,0.4791374947720632
5,2,edited,443,0.0,0.7408665680604352
5,2,edited,172,1.3190856114264407,1.0453349392247928
5,2,edited,194,2.3988039507345884,0.5232702705576909
5,2,edited,173,1.4036429994545037,1.0932798653492117
5,2,edited,276,2.93651291389402,1.0570085029946912
5,2,edited,70,0.0,0.6207549709751939
5,2,edited,4,0.0,1.7235829063549875
5,2,edited,513,4.012592060349841,0.8581819952339425
5,2,edited,348,0.0,1.6544955487209478
5,2,edited,48,0.0,0.7278842818412572
5,2,edited,95,0.0,0.7234974974213771
5,2,edited,305,0.0,1.253931355665911
5,2,edited,486,1.0986122886681098,1.1050627170772407
5,2,edited,137,0.0,1.1099845436773865
5,2,edited,259,0.8671004876833833,0.5338066372900563
5,2,edited,292,1.2919836816486494,0.8811045303009656
5,2,edited,376,0.0,0.9576605144108665
5,2,edited,14,0.0,1.5526649002399333
5,2,edited,3,0.0,1.7227294333650933
5,2,edited,117,0.0,0.9275793987921562
5,2,edited,213,3.3446270301737613,0.7616208311500948
5,2,edited,18,0.0,1.1414285839817733
5,2,edited,44,0.0,0.8865549219887724
5,2,edited,93,0.0,1.6145660996807256
5,2,edited,165,1.144222799920162,1.6789482569041252
5,2,edited,496,1.3270750014599193,1.461175788220636
5,2,edited,284,3.228430037673012,0.7415307637198434
5,2,edited,307,1.8213182714695995,1.0473518569449471
5,2,edited,356,0.8153648132841944,1.1179114557261647
5,2,edited,116,0.0,0.9270384185108419
5,2,edited,389,0.0,0.9705346741185727
5,2,edited,456,0.0,1.2127309504690347
5,2,edited,124,0.0,1.5315399067360291
5,2,edited,16,0.0,0.8353081492003838
5,2,edited,228,4.175924549214524,1.4917956192009865
5,2,edited,446,0.0,0.33865671217765175
5,2,edited,175,1.7101878155342434,1.0122915859796833
5,2,edited,358,0.0,0.9243210911777212
5,2,edited,178,1.7715567619105355,1.0693917763520842
5,2,edited,39,0.0,0.920191570065762
5,2,edited,367,0.0,1.4841955266140363
5,2,edited,147,0.6729444732424258,0.5956018961696168
5,2,edited,150,0.7839015438284094,1.4303845195561977
5,2,edited,223,3.6381123370602833,0.6964947856541143
5,2,edited,442,1.4701758451005926,1.1228199955132179
5,2,edited,282,0.0,0.9721805554893681
5,2,edited,119,0.0,1.318847655361036
5,2,edited,397,1.5325568680981427,1.0400585340610784
5,2,edited,504,3.923753928303845,0.8441764917145358
5,2,edited,365,3.0459499897146083,1.3758936052503448
5,2,edited,419,1.3987168811184478,1.0856251871518579
5,2,edited,159,0.9895411936137477,1.2601625927665816
5,2,edited,372,0.0,0.7694546821243097
5,2,edited,209,3.1949928844048685,1.2736154957661572
5,2,edited,43,0.0,0.7332423073428226
5,2,edited,425,0.0,0.5043145907973489
5,2,edited,231,4.566221435849517,1.4169359661745664
5,2,edited,127,0.0,1.920089628710521
5,2,edited,108,0.0,1.3886906533135976
5,2,edited,313,0.0,1.4164063771531956
5,2,edited,153,0.9001613499442714,1.6223139560840063
5,2,edited,9,0.0,1.1018191464312834
5,2,edited,5,0.0,1.2179728168130601
5,2,edited,497,2.7523860149222616,1.1591476678461774
5,2,edited,148,0.7275486072772779,0.812089522590729
5,2,edited,468,2.0294631718735947,1.0124428732045487
5,2,edited,21,0.0,0.5980618451431091
5,2,edited,83,0.0,0.557726615499942
5,2,edited,168,1.2612978709452054,0.7643386626261786
5,2,edited,285,0.0,0.9718474002591768
5,2,edited,193,2.3427668826268775,1.4041008190241147
5,2,edited,68,0.0,0.9074068043065026
5,2,edited,94,0.0,1.0133023042164555
5,2,edited,105,0.0,0.7746262759463792
5,2,edited,328,0.0,1.1134510173614067
5,2,edited,78,0.0,1.1147436815057616
5,2,edited,357,0.0,0.8671337846871221
5,2,edited,481,0.0,0.9345802399677196
5,2,edited,212,3.3006401266708405,1.4062317742809263
5,2,edited,413,0.0,0.787206257887085
5,2,edited,101,0.0,0.7725369262409267
5,2,edited,349,0.9707789171582246,1.1580811340028345
5,2,edited,186,2.1029138978649784,1.2456117075562914
5,2,edited,151,0.8586616190375188,1.3665313246824689
5,2,edited,250,0.5187937934151676,0.8199714366681938
5,2,edited,115,0.0,0.6206815407825698
5,2,edited,233,4.669646205172456,1.0309396621785563
5,2,edited,302,0.0,1.2949342909185766
5,2,edited,190,2.231089091288976,1.2379504137699917
5,2,edited,89,0.0,1.1415145652794376
5,2,edited,386,3.2422016501716975,1.4886772087235853
5,2,edited,477,2.1234584270966104,1.0509571514401292
5,2,edited,15,0.0,1.6694569462633817
5,2,edited,452,0.0,0.45123497921611305
5,2,edited,91,0.0,1.100084860654614
5,2,edited,128,0.0,1.1203501261861426
5,2,edited,26,0.0,1.2601625927665816
5,2,edited,6,0.0,1.0578251910517764
5,2,edited,183,2.057962510002712,0.5432978638624805
5,2,edited,107,0.0,1.2615264158415163
5,2,edited,257,0.5187937934151676,1.5745400896655166
5,2,edited,319,1.6882490928583902,1.3604217391750566
5,2,edited,163,1.0818051703517284,1.0792047242140028
5,2,edited,503,1.0818051703517284,1.1508141339521418
5,2,edited,206,2.800325477211381,1.0812771520173494
5,2,edited,283,0.7419373447293773,0.5284303582073716
5,2,edited,239,0.0,1.4245798260033737
5,2,edited,316,0.0,1.2239409212901102
5,2,edited,405,0.0,0.3223945633223787
5,2,edited,450,2.005525858729668,1.1371345884878306
5,2,edited,286,0.0,0.6596549445660167
5,2,edited,334,0.0,0.9070344033881724
5,2,edited,408,2.174751721484161,1.138255754818653
5,2,edited,235,5.285637313390662,1.2111721464086713
5,2,edited,40,0.0,0.6877488063947685
5,2,edited,24,0.0,1.273471752504737
5,2,edited,423,0.5423242908253617,0.8367703384411577
5,2,edited,501,0.0,1.1591184246912356
5,2,edited,379,0.0,1.2777016415828248
5,2,edited,225,3.902982260775997,0.883250179317507
5,2,edited,297,0.0,1.7772851364632583
5,2,edited,156,0.9593502213346021,0.9647248217058356
5,2,edited,475,1.4327007339340463,1.157115486720586
5,2,edited,67,0.0,0.5592999741081127
5,2,edited,130,0.0,1.0016536417602044
5,2,edited,52,0.0,1.0778729470946955
5,2,edited,166,1.1908875647772805,1.0212090769709574
5,2,edited,470,0.0,0.927314813392976
5,2,edited,50,0.0,1.3644553050383215
5,2,edited,164,1.1019400787607843,1.1714064035886467
5,2,edited,200,2.528125768907977,1.7590643085426805
5,2,edited,249,1.244154593958768,1.3375308790875298
5,2,edited,489,0.0,0.9711210797027632
5,2,edited,8,0.0,1.0143903450125005
5,2,edited,392,4.27332721775054,0.41881198143519066
5,2,edited,184,2.0744289998562917,1.3022099737335053
5,2,edited,160,1.0116009116784799,1.3722251951696853
5,2,edited,451,2.3711778844596574,1.3377765485841122
5,2,edited,167,1.2556160374777743,1.0219267114890003
5,2,edited,301,1.5085119938441398,1.2548364942149113
5,2,edited,135,0.0,1.0289898771770285
5,2,edited,76,0.0,1.6043603174554677
5,2,edited,293,4.471067201464611,1.3913445332932708
5,2,edited,45,0.0,1.3826464093545106
5,2,edited,106,0.0,1.1044907062694262
5,2,edited,422,1.9878743481543455,0.897165212899794
5,2,edited,383,3.7812307151781224,0.8132010843004094
5,2,edited,265,0.5822156198526637,1.2494965573587817
5,2,edited,339,0.9042181506398858,1.2095072099770652
5,2,edited,458,1.463255402256019,0.2721312844924453
5,2,edited,36,0.0,0.8799832647380328
5,2,edited,508,0.0,0.3902451443264733
5,2,edited,274,2.5006159434931803,1.341550605733387
5,2,edited,502,0.0,1.265664477803832
5,2,edited,198,2.50470927708418,0.901346404188547
5,2,edited,73,0.0,1.0149614279104193
5,2,edited,457,4.427836170705175,0.9288836231740661
5,2,edited,90,0.0,1.0705773813702384
5,2,edited,353,1.000631880307906,0.9674312660016708
5,2,edited,461,0.0,0.2721312844924453
5,2,edited,306,0.34358970439007686,0.5981112936986337
5,2,edited,270,0.41871033485818504,0.9842983347442057
5,2,edited,2,0.0,0.3875748962510772
5,2,edited,360,0.7371640659767196,1.2022487118807166
5,2,edited,335,0.0,0.8744457692417347
5,2,condensed,132,0.0,1.4448660326952323
5,2,condensed,509,1.1537315878891892,1.330770731760465
5,2,condensed,406,1.599387576580599,0.9977672978252013
5,2,condensed,140,0.3852624007906449,1.4315156366895871
5,2,condensed,120,0.0,1.1751427153380516
5,2,condensed,343,1.1568811967920856,1.2431299438613321
5,2,condensed,346,3.3738261848660236,1.1966275364924415
5,2,condensed,219,3.492256112609122,1.4042692197878235
5,2,condensed,351,2.1174596088673567,1.3177751878233195
5,2,condensed,104,0.0,1.3410553103004585
5,2,condensed,340,1.5953389880545987,1.3873836183645767
5,2,condensed,374,2.9601050959108397,1.1176645908799046
5,2,condensed,373,0.0,1.2506428289155955
5,2,condensed,444,2.3942522815198695,1.3751140783275002
5,2,condensed,385,2.833213344056216,1.3885408343018697
5,2,condensed,381,2.8524391037275145,1.080684189633673
5,2,condensed,99,0.0,1.3118842666096449
5,2,condensed,314,0.9477893989335261,1.3564905096330562
5,2,condensed,505,1.916922612182061,1.025044585288774
5,2,condensed,27,0.0,1.4044547276956918
5,2,condensed,246,0.08617769624105241,1.8809827555387244
5,2,condensed,303,0.0,1.2499096072568194
5,2,condensed,476,1.0152306797290584,1.0771721807756613
5,2,condensed,323,1.1568811967920856,1.4692247763696022
5,2,condensed,399,0.0,1.9291971493577413
5,2,condensed,375,3.6975913947159578,1.2377300621009029
5,2,condensed,311,2.727199019940971,1.5530283739203445
5,2,condensed,290,0.0,1.4549644846235334
5,2,condensed,432,0.0,1.8122298485383015
5,2,condensed,252,0.1906203596086497,1.7042859800390997
5,2,condensed,227,4.08260930600368,1.6348206481575578
5,2,condensed,226,3.9193957597575593,1.316139691970232
5,2,condensed,427,1.208960345836975,1.3047815638189648
5,2,condensed,236,5.307970623576175,1.194568544588722
5,2,condensed,29,0.0,1.4263213732792328
5,2,condensed,466,1.430311246536665,1.279882412043396
5,2,condensed,82,0.0,1.2731729898181539
5,2,condensed,47,0.0,1.6981948901965804
5,2,condensed,256,2.199444334074532,1.4993705504050447
5,2,condensed,324,1.6900958154515549,1.3308110860812141
5,2,condensed,467,1.8794650496471605,0.9377147243337695
5,2,condensed,454,0.0,1.4196552798873356
5,2,condensed,325,0.0,1.2211649790846382
5,2,condensed,55,0.0,0.9658426983992234
5,2,condensed,131,0.0,1.2010579607373868
5,2,condensed,113,0.0,1.286954081464908
5,2,condensed,512,2.0068708488450007,0.7612278072316642
5,2,condensed,245,0.5653138090500605,1.5296637966910789
5,2,condensed,243,0.0,1.3325568316118004
5,2,condensed,472,1.0784095813505903,1.5713178962858139
5,2,condensed,271,2.329227023940467,1.4254057958846966
5,2,condensed,136,0.0,1.6241288597651962
5,2,condensed,143,0.5364933705145685,1.0804274207983535
5,2,condensed,347,0.0,1.203367721583888
5,2,condensed,192,2.2731562823032334,0.9855728110506041
5,2,condensed,416,2.081938421878423,1.2695654434175137
5,2,condensed,370,2.4898941912990393,0.8991858753607347
5,2,condensed,11,0.0,1.2647491224061171
5,2,condensed,100,0.0,1.3118842666096449
5,2,condensed,483,0.0,2.2351087689859255
5,2,condensed,465,2.0592388343623163,1.275578284796786
5,2,condensed,424,1.7850704810772584,1.913367165251808
5,2,condensed,80,0.0,1.0210695850663205
5,2,condensed,181,1.8625285401162623,1.5435336483738074
5,2,condensed,253,0.9242589015233319,1.4092890432565128
5,2,condensed,111,0.0,0.9680850166977454
5,2,condensed,92,0.0,1.6990049784373553
5,2,condensed,482,0.8285518175661483,1.5256319312303113
5,2,condensed,13,0.0,1.7934480919387845
5,2,condensed,79,0.0,1.1600850775174967
5,2,condensed,31,0.0,1.3225072093023966
5,2,condensed,330,2.0255131996542803,1.024726824631029
5,2,condensed,409,0.0,1.3757229152495636
5,2,condensed,421,0.0,1.5466847701818622
5,2,condensed,361,1.597365331199831,1.193482788268837
5,2,condensed,354,1.9416152247724325,1.553609743621104
5,2,condensed,480,1.3217558399823195,2.0404756094440493
5,2,condensed,248,0.0,2.0632625295898634
5,2,condensed,438,2.005525858729668,1.4525640886668436
5,2,condensed,338,2.1377104498038118,1.700836479813257
5,2,condensed,64,0.0,0.8568415355652982
5,2,condensed,445,0.0,1.3665513557696354
5,2,condensed,220,3.4986265269937014,1.4168320302443593
5,2,condensed,281,3.2492110246642736,1.4274916418781447
5,2,condensed,291,2.1972245773362196,1.3551558801769394
5,2,condensed,81,0.0,1.1359284886726593
5,2,condensed,495,0.0,1.3538289784322104
5,2,condensed,232,4.648133885420207,1.31413685657268
5,2,condensed,42,0.0,1.389442238781264
5,2,condensed,7,0.0,1.4489784121927416
5,2,condensed,462,1.5496879080283263,1.1360317159483422
5,2,condensed,516,0.0,1.5736012067945013
5,2,condensed,32,0.0,1.0362082121667435
5,2,condensed,443,0.0,1.2784935983185048
5,2,condensed,172,1.3190856114264407,1.529136597952048
5,2,condensed,194,2.3988039507345884,0.9855728110506041
5,2,condensed,173,1.4036429994545037,1.4619309331847823
5,2,condensed,276,2.93651291389402,1.3319869956148271
5,2,condensed,70,0.0,1.0915526698448217
5,2,condensed,4,0.0,1.5213096610641212
5,2,condensed,513,4.012592060349841,1.1799933757895609
5,2,condensed,348,0.0,1.312716334798426
5,2,condensed,48,0.0,1.2453293273506276
5,2,condensed,95,0.0,0.8751156539110336
5,2,condensed,305,0.0,1.2761002700268622
5,2,condensed,486,1.0986122886681098,1.5703060996192206
5,2,condensed,137,0.0,1.1576789897617115
5,2,condensed,259,0.8671004876833833,1.4997865894951432
5,2,condensed,292,1.2919836816486494,1.5133400625347124
5,2,condensed,376,0.0,0.9710211382346949
5,2,condensed,14,0.0,2.1980892623279673
5,2,condensed,3,0.0,1.412662498256861
5,2,condensed,117,0.0,0.9206598703376826
5,2,condensed,213,3.3446270301737613,1.3535509672299297
5,2,condensed,18,0.0,1.341378745176756
5,2,condensed,44,0.0,1.106900161613211
5,2,condensed,93,0.0,1.5531155374567631
5,2,condensed,165,1.144222799920162,1.4368109431386042
5,2,condensed,496,1.3270750014599193,1.9493435376137178
5,2,condensed,284,3.228430037673012,1.4517757347615605
5,2,condensed,307,1.8213182714695995,0.9721130353079864
5,2,condensed,356,0.8153648132841944,1.8518131985575266
5,2,condensed,116,0.0,1.1714401297755364
5,2,condensed,389,0.0,1.688724338370507
5,2,condensed,456,0.0,1.4262820886662344
5,2,condensed,124,0.0,1.4522057404590314
5,2,condensed,16,0.0,1.2463037431371966
5,2,condensed,228,4.175924549214524,1.9692284717176562
5,2,condensed,446,0.0,0.9513174023883955
5,2,condensed,175,1.7101878155342434,1.1333722609245873
5,2,condensed,358,0.0,1.223835228613542
5,2,condensed,178,1.7715567619105355,1.4753372431163063
5,2,condensed,39,0.0,1.24538288549634
5,2,condensed,367,0.0,1.7000248072353694
5,2,condensed,147,0.6729444732424258,1.243169011161806
5,2,condensed,150,0.7839015438284094,1.7784787908280963
5,2,condensed,223,3.6381123370602833,1.4124663187145459
5,2,condensed,442,1.4701758451005926,1.3586191450711507
5,2,condensed,282,0.0,1.312154891147396
5,2,condensed,119,0.0,1.5313377661801857
5,2,condensed,397,1.5325568680981427,1.8603640868225575
5,2,condensed,504,3.923753928303845,1.6468558991807554
5,2,condensed,365,3.0459499897146083,1.812333606376422
5,2,condensed,419,1.3987168811184478,1.6824235663783564
5,2,condensed,159,0.9895411936137477,1.4365011914210026
5,2,condensed,372,0.0,1.1039900922303234
5,2,condensed,209,3.1949928844048685,1.6164596019883888
5,2,condensed,43,0.0,1.2138428029176314
5,2,condensed,425,0.0,1.2199765991343916
5,2,condensed,231,4.566221435849517,1.462781118001995
5,2,condensed,127,0.0,1.6272522365763733
5,2,condensed,108,0.0,1.6441449174152811
5,2,condensed,313,0.0,1.8394855506738301
5,2,condensed,153,0.9001613499442714,1.305482892307806
5,2,condensed,9,0.0,1.9968475881389571
5,2,condensed,5,0.0,1.7439717207676189
5,2,condensed,497,2.7523860149222616,1.5469226796552424
5,2,condensed,148,0.7275486072772779,1.4189460614164546
5,2,condensed,468,2.0294631718735947,1.116663111042265
5,2,condensed,21,0.0,1.251873635788549
5,2,condensed,83,0.0,1.137173800962102
5,2,condensed,168,1.2612978709452054,1.2220239339290142
5,2,condensed,285,0.0,1.5587166068005778
5,2,condensed,193,2.3427668826268775,1.6257035634092432
5,2,condensed,68,0.0,0.9947920483577778
5,2,condensed,94,0.0,1.7050140898243573
5,2,condensed,105,0.0,1.5855537141372902
5,2,condensed,328,0.0,1.9845282977941794
5,2,condensed,78,0.0,1.0970798140895743
5,2,condensed,357,0.0,1.3807948456452281
5,2,condensed,481,0.0,1.4998646577054655
5,2,condensed,212,3.3006401266708405,1.5420608604157746
5,2,condensed,413,0.0,1.7222908775804033
5,2,condensed,101,0.0,1.2041173868412998
5,2,condensed,349,0.9707789171582246,1.208505741609188
5,2,condensed,186,2.1029138978649784,1.165885589106574
5,2,condensed,151,0.8586616190375188,1.5604509912560274
5,2,condensed,250,0.5187937934151676,1.7562775334897902
5,2,condensed,115,0.0,1.087755955407817
5,2,condensed,233,4.669646205172456,1.8031788069577144
5,2,condensed,302,0.0,1.2499096072568194
5,2,condensed,190,2.231089091288976,1.1167566896487917
5,2,condensed,89,0.0,1.369005041591063
5,2,condensed,386,3.2422016501716975,1.17448946525788
5,2,condensed,477,2.1234584270966104,1.345807718351756
5,2,condensed,15,0.0,1.731347559563752
5,2,condensed,452,0.0,1.2714532736863862
5,2,condensed,91,0.0,1.2546589708171068
5,2,condensed,128,0.0,1.3993477855425271
5,2,condensed,26,0.0,1.4365011914210026
5,2,condensed,6,0.0,1.574384630687529
5,2,condensed,183,2.057962510002712,1.2932601414845595
5,2,condensed,107,0.0,1.6615466272045776
5,2,condensed,257,0.5187937934151676,1.2809770536196183
5,2,condensed,319,1.6882490928583902,1.5820262196566228
5,2,condensed,163,1.0818051703517284,1.3175920828645908
5,2,condensed,503,1.0818051703517284,1.4110691257434387
5,2,condensed,206,2.800325477211381,1.1445214064087894
5,2,condensed,283,0.7419373447293773,1.163940145925962
5,2,condensed,239,0.0,1.2944307054391042
5,2,condensed,316,0.0,1.9497414684608356
5,2,condensed,405,0.0,1.096049466497262
5,2,condensed,450,2.005525858729668,1.660875191438644
5,2,condensed,286,0.0,1.2005529141334084
5,2,condensed,334,0.0,1.0039674068310713
5,2,condensed,408,2.174751721484161,1.3317917721021726
5,2,condensed,235,5.285637313390662,1.683577886017511
5,2,condensed,40,0.0,0.9421567230784901
5,2,condensed,24,0.0,1.9606932756128945
5,2,condensed,423,0.5423242908253617,0.9719601453956537
5,2,condensed,501,0.0,1.3862500006304568
5,2,condensed,379,0.0,1.18797631098028
5,2,condensed,225,3.902982260775997,1.5287631662232841
5,2,condensed,297,0.0,1.7035858365260885
5,2,condensed,156,0.9593502213346021,1.159940312666793
5,2,condensed,475,1.4327007339340463,1.124126472285193
5,2,condensed,67,0.0,0.9939788025767626
5,2,condensed,130,0.0,1.1637073527962567
5,2,condensed,52,0.0,1.0987805021756218
5,2,condensed,166,1.1908875647772805,1.502844018623388
5,2,condensed,470,0.0,1.0687810994858649
5,2,condensed,50,0.0,1.539423595314561
5,2,condensed,164,1.1019400787607843,1.4698542859991188
5,2,condensed,200,2.528125768907977,1.4024430669210581
5,2,condensed,249,1.244154593958768,1.483080882656552
5,2,condensed,489,0.0,1.2663090743177492
5,2,condensed,8,0.0,1.2650408580885193
5,2,condensed,392,4.27332721775054,1.1319296921801516
5,2,condensed,184,2.0744289998562917,1.8183092918733619
5,2,condensed,160,1.0116009116784799,1.175767415345515
5,2,condensed,451,2.3711778844596574,1.470373721092994
5,2,condensed,167,1.2556160374777743,1.935892737499467
5,2,condensed,301,1.5085119938441398,1.3865536675439842
5,2,condensed,135,0.0,1.3506388895151635
5,2,condensed,76,0.0,1.5268879428563882
5,2,condensed,293,4.471067201464611,2.3542196200258947
5,2,condensed,45,0.0,1.9652824496913315
5,2,condensed,106,0.0,1.061007515691995
5,2,condensed,422,1.9878743481543455,1.9427757814855517
5,2,condensed,383,3.7812307151781224,1.371204893747651
5,2,condensed,265,0.5822156198526637,1.725133485695039
5,2,condensed,339,0.9042181506398858,1.3788639941452925
5,2,condensed,458,1.463255402256019,1.2609733917561754
5,2,condensed,36,0.0,1.360155388480286
5,2,condensed,508,0.0,1.1880780416763512
5,2,condensed,274,2.5006159434931803,1.3851064746071333
5,2,condensed,502,0.0,1.0663912265151871
5,2,condensed,198,2.50470927708418,1.2854587916084312
5,2,condensed,73,0.0,1.1056258058085824
5,2,condensed,457,4.427836170705175,1.2244386602888893
5,2,condensed,90,0.0,1.334102504994306
5,2,condensed,353,1.000631880307906,1.5227061366645678
5,2,condensed,461,0.0,1.2609733917561754
5,2,condensed,306,0.34358970439007686,1.2867402266991856
5,2,condensed,270,0.41871033485818504,1.2627635270607358
5,2,condensed,2,0.0,1.3849508436310087
5,2,condensed,360,0.7371640659767196,1.9644267701153548
5,2,condensed,335,0.0,1.1744337099685784
