repetition,fold,model,row_position,actual,prediction
1,1,null,145,4.30406509320417,4.181929935885778
1,1,null,83,2.772588722239781,4.181929935885778
1,1,null,45,4.276666119016055,4.181929935885778
1,1,null,103,2.5649493574615367,4.181929935885778
1,1,null,90,4.948759890378168,4.181929935885778
1,1,null,132,3.258096538021482,4.181929935885778
1,1,null,18,3.4339872044851463,4.181929935885778
1,1,null,143,4.189654742026425,4.181929935885778
1,1,null,78,3.58351893845611,4.181929935885778
1,1,null,127,4.02535169073515,4.181929935885778
1,1,null,135,3.9889840465642745,4.181929935885778
1,1,null,187,4.31748811353631,4.181929935885778
1,1,null,72,3.091042453358316,4.181929935885778
1,1,null,201,2.6390573296152584,4.181929935885778
1,1,null,111,3.6109179126442243,4.181929935885778
1,1,null,91,5.241747015059643,4.181929935885778
1,1,null,100,3.1780538303479458,4.181929935885778
1,1,null,73,3.58351893845611,4.181929935885778
1,1,null,124,2.995732273553991,4.181929935885778
1,1,null,21,3.4965075614664802,4.181929935885778
1,1,null,133,3.4657359027997265,4.181929935885778
1,1,null,93,4.882801922586371,4.181929935885778
1,1,null,95,6.142037405587356,4.181929935885778
1,1,null,87,3.5553480614894135,4.181929935885778
1,1,null,172,3.713572066704308,4.181929935885778
1,1,null,65,5.556828061699537,4.181929935885778
1,1,null,185,4.060443010546419,4.181929935885778
1,1,null,99,1.791759469228055,4.181929935885778
1,1,null,71,4.1588830833596715,4.181929935885778
1,1,null,166,4.7535901911063645,4.181929935885778
1,1,null,153,6.234410725718371,4.181929935885778
1,1,null,125,3.295836866004329,4.181929935885778
1,1,null,206,3.9512437185814275,4.181929935885778
1,1,null,117,3.1780538303479458,4.181929935885778
1,1,null,74,3.784189633918261,4.181929935885778
1,1,null,202,2.8903717578961645,4.181929935885778
1,1,null,10,3.6375861597263857,4.181929935885778
1,1,null,116,4.189654742026425,4.181929935885778
1,1,null,149,4.653960350157523,4.181929935885778
1,1,null,63,4.969813299576001,4.181929935885778
1,1,null,1,5.594711379601839,4.181929935885778
1,1,null,42,3.9512437185814275,4.181929935885778
1,1,null,122,2.4849066497880004,4.181929935885778
1,1,null,17,3.332204510175204,4.181929935885778
1,1,null,190,5.153291594497779,4.181929935885778
1,1,null,53,3.58351893845611,4.181929935885778
1,1,null,76,3.8066624897703196,4.181929935885778
1,1,null,165,3.9318256327243257,4.181929935885778
1,1,null,40,3.58351893845611,4.181929935885778
1,1,null,69,3.4657359027997265,4.181929935885778
1,1,null,174,3.912023005428146,4.181929935885778
1,1,null,129,4.382026634673881,4.181929935885778
1,1,null,158,2.4849066497880004,4.181929935885778
1,1,null,105,3.4657359027997265,4.181929935885778
1,1,null,162,3.5263605246161616,4.181929935885778
1,1,null,11,3.6888794541139363,4.181929935885778
1,1,null,142,3.912023005428146,4.181929935885778
1,1,null,43,4.0943445622221,4.181929935885778
1,1,null,179,4.0943445622221,4.181929935885778
1,1,null,160,3.044522437723423,4.181929935885778
1,1,null,61,3.091042453358316,4.181929935885778
1,1,null,57,2.4849066497880004,4.181929935885778
1,1,null,167,4.605170185988092,4.181929935885778
1,1,null,23,4.330733340286331,4.181929935885778
1,1,null,164,3.828641396489095,4.181929935885778
1,1,null,178,3.6375861597263857,4.181929935885778
1,1,null,15,3.5553480614894135,4.181929935885778
1,1,null,60,2.772588722239781,4.181929935885778
1,1,null,109,2.8903717578961645,4.181929935885778
1,1,null,137,3.4011973816621555,4.181929935885778
1,1,null,31,5.908082938168931,4.181929935885778
1,1,null,16,2.9444389791664403,4.181929935885778
1,1,null,44,4.276666119016055,4.181929935885778
1,1,null,192,6.003887067106539,4.181929935885778
1,1,null,188,4.727387818712341,4.181929935885778
1,1,null,34,4.663439094112067,4.181929935885778
1,1,null,30,5.6131281063880705,4.181929935885778
1,1,null,58,2.6390573296152584,4.181929935885778
1,1,null,35,5.337538079701318,4.181929935885778
1,1,null,77,3.970291913552122,4.181929935885778
1,1,null,182,2.3978952727983707,4.181929935885778
1,1,null,49,4.127134385045092,4.181929935885778
1,1,null,6,5.905361848054571,4.181929935885778
1,1,null,102,1.9459101490553132,4.181929935885778
1,1,null,175,3.912023005428146,4.181929935885778
1,1,null,139,3.6888794541139363,4.181929935885778
1,1,null,191,5.5134287461649825,4.181929935885778
1,1,null,41,3.6888794541139363,4.181929935885778
1,1,null,110,3.091042453358316,4.181929935885778
1,1,null,22,4.110873864173311,4.181929935885778
1,1,null,19,4.787491742782046,4.181929935885778
1,1,null,163,3.7376696182833684,4.181929935885778
1,1,null,64,4.969813299576001,4.181929935885778
1,1,null,47,2.995732273553991,4.181929935885778
1,1,null,113,3.5263605246161616,4.181929935885778
1,1,null,140,4.127134385045092,4.181929935885778
1,1,null,181,1.791759469228055,4.181929935885778
1,1,null,14,2.302585092994046,4.181929935885778
1,1,null,141,4.0943445622221,4.181929935885778
1,1,null,194,4.736198448394496,4.181929935885778
1,1,null,36,2.995732273553991,4.181929935885778
1,1,null,97,5.6240175061873385,4.181929935885778
1,1,null,193,4.248495242049359,4.181929935885778
1,1,null,205,3.828641396489095,4.181929935885778
1,1,null,136,4.174387269895637,4.181929935885778
1,1,knn,145,4.30406509320417,4.666846523454126
1,1,knn,83,2.772588722239781,3.495453998580678
1,1,knn,45,4.276666119016055,3.464018585988647
1,1,knn,103,2.5649493574615367,2.4079761980694068
1,1,knn,90,4.948759890378168,4.904309886817979
1,1,knn,132,3.258096538021482,3.792731396417102
1,1,knn,18,3.4339872044851463,3.362117100567669
1,1,knn,143,4.189654742026425,4.372187782747149
1,1,knn,78,3.58351893845611,3.427460541045661
1,1,knn,127,4.02535169073515,3.908038511538887
1,1,knn,135,3.9889840465642745,4.314773845672459
1,1,knn,187,4.31748811353631,4.416109693061401
1,1,knn,72,3.091042453358316,3.352988104470993
1,1,knn,201,2.6390573296152584,3.0312640277885454
1,1,knn,111,3.6109179126442243,2.4598020269761514
1,1,knn,91,5.241747015059643,4.904309886817979
1,1,knn,100,3.1780538303479458,3.200319716611145
1,1,knn,73,3.58351893845611,3.467876927763802
1,1,knn,124,2.995732273553991,2.8380419798691596
1,1,knn,21,3.4965075614664802,3.538259159408181
1,1,knn,133,3.4657359027997265,3.764815195586522
1,1,knn,93,4.882801922586371,4.580129417910223
1,1,knn,95,6.142037405587356,6.192267299729691
1,1,knn,87,3.5553480614894135,3.131151237417732
1,1,knn,172,3.713572066704308,4.544469045262314
1,1,knn,65,5.556828061699537,4.8066187799670335
1,1,knn,185,4.060443010546419,3.6268545383990007
1,1,knn,99,1.791759469228055,3.6358403892221363
1,1,knn,71,4.1588830833596715,3.9075903330654564
1,1,knn,166,4.7535901911063645,3.8075343700256075
1,1,knn,153,6.234410725718371,6.189384101548069
1,1,knn,125,3.295836866004329,3.2753573395146187
1,1,knn,206,3.9512437185814275,3.475914099017215
1,1,knn,117,3.1780538303479458,3.355189759698953
1,1,knn,74,3.784189633918261,3.4969985658971
1,1,knn,202,2.8903717578961645,2.9181857090235725
1,1,knn,10,3.6375861597263857,3.484409744924283
1,1,knn,116,4.189654742026425,4.365034186761433
1,1,knn,149,4.653960350157523,3.5992546591782606
1,1,knn,63,4.969813299576001,4.375461054076251
1,1,knn,1,5.594711379601839,5.272006454047582
1,1,knn,42,3.9512437185814275,4.0442079800799124
1,1,knn,122,2.4849066497880004,2.890371757748821
1,1,knn,17,3.332204510175204,3.4519462767639406
1,1,knn,190,5.153291594497779,5.1800300663104455
1,1,knn,53,3.58351893845611,3.421867081777777
1,1,knn,76,3.8066624897703196,3.3556525639680537
1,1,knn,165,3.9318256327243257,3.8075343700256075
1,1,knn,40,3.58351893845611,3.5365510550620844
1,1,knn,69,3.4657359027997265,3.3919021927352895
1,1,knn,174,3.912023005428146,3.3202649438292364
1,1,knn,129,4.382026634673881,4.245961496546317
1,1,knn,158,2.4849066497880004,2.8101183660913183
1,1,knn,105,3.4657359027997265,3.4620545368662112
1,1,knn,162,3.5263605246161616,3.6290945490603463
1,1,knn,11,3.6888794541139363,3.5186973916836086
1,1,knn,142,3.912023005428146,3.5696809135778955
1,1,knn,43,4.0943445622221,4.0442079800799124
1,1,knn,179,4.0943445622221,3.750148025020776
1,1,knn,160,3.044522437723423,3.368263207334831
1,1,knn,61,3.091042453358316,2.996659147768319
1,1,knn,57,2.4849066497880004,2.996659147768319
1,1,knn,167,4.605170185988092,4.913219037882949
1,1,knn,23,4.330733340286331,3.8289252854803313
1,1,knn,164,3.828641396489095,4.093576544746947
1,1,knn,178,3.6375861597263857,3.266002076178669
1,1,knn,15,3.5553480614894135,4.253365367601288
1,1,knn,60,2.772588722239781,2.996659147768319
1,1,knn,109,2.8903717578961645,2.443128213679178
1,1,knn,137,3.4011973816621555,3.6375958123026524
1,1,knn,31,5.908082938168931,5.353612998400731
1,1,knn,16,2.9444389791664403,3.30920187190748
1,1,knn,44,4.276666119016055,3.859981427264608
1,1,knn,192,6.003887067106539,5.364151148120001
1,1,knn,188,4.727387818712341,4.796341569107569
1,1,knn,34,4.663439094112067,5.234609684602829
1,1,knn,30,5.6131281063880705,5.353612998400731
1,1,knn,58,2.6390573296152584,2.996659147768319
1,1,knn,35,5.337538079701318,5.234552488308953
1,1,knn,77,3.970291913552122,3.8069568916553265
1,1,knn,182,2.3978952727983707,3.3393281398433583
1,1,knn,49,4.127134385045092,3.5547955410521435
1,1,knn,6,5.905361848054571,6.19235537181663
1,1,knn,102,1.9459101490553132,2.4079150922657337
1,1,knn,175,3.912023005428146,4.220729076558642
1,1,knn,139,3.6888794541139363,3.223090928362546
1,1,knn,191,5.5134287461649825,5.767407479326589
1,1,knn,41,3.6888794541139363,4.0614255614491555
1,1,knn,110,3.091042453358316,2.4601658255616443
1,1,knn,22,4.110873864173311,3.730693791308125
1,1,knn,19,4.787491742782046,5.354848049348604
1,1,knn,163,3.7376696182833684,3.8358999325155345
1,1,knn,64,4.969813299576001,4.627300903370239
1,1,knn,47,2.995732273553991,2.890712186922284
1,1,knn,113,3.5263605246161616,3.6401203004292646
1,1,knn,140,4.127134385045092,4.076149676187095
1,1,knn,181,1.791759469228055,3.345225290027122
1,1,knn,14,2.302585092994046,3.5980022194548376
1,1,knn,141,4.0943445622221,4.076149676187095
1,1,knn,194,4.736198448394496,5.083734619502604
1,1,knn,36,2.995732273553991,3.1394325385552175
1,1,knn,97,5.6240175061873385,5.272521177562956
1,1,knn,193,4.248495242049359,3.79953890299571
1,1,knn,205,3.828641396489095,3.9871294432890707
1,1,knn,136,4.174387269895637,4.314773845672459
1,1,edited,145,4.30406509320417,4.705211792290552
1,1,edited,83,2.772588722239781,3.2164288935323677
1,1,edited,45,4.276666119016055,3.541791263277834
1,1,edited,103,2.5649493574615367,2.527701039669445
1,1,edited,90,4.948759890378168,4.939626243672125
1,1,edited,132,3.258096538021482,3.7712606181470036
1,1,edited,18,3.4339872044851463,3.3691365215690428
1,1,edited,143,4.189654742026425,4.335544621985084
1,1,edited,78,3.58351893845611,3.395636849828824
1,1,edited,127,4.02535169073515,3.5963156419439977
1,1,edited,135,3.9889840465642745,4.328277338026495
1,1,edited,187,4.31748811353631,4.164508568842456
1,1,edited,72,3.091042453358316,3.281327394737767
1,1,edited,201,2.6390573296152584,3.248114763115951
1,1,edited,111,3.6109179126442243,2.626299374884819
1,1,edited,91,5.241747015059643,4.939626243672125
1,1,edited,100,3.1780538303479458,3.2814612760952797
1,1,edited,73,3.58351893845611,3.406826091458089
1,1,edited,124,2.995732273553991,2.826315009690025
1,1,edited,21,3.4965075614664802,3.5245561795353098
1,1,edited,133,3.4657359027997265,3.702064969173315
1,1,edited,93,4.882801922586371,4.45161419412343
1,1,edited,95,6.142037405587356,6.179936800308548
1,1,edited,87,3.5553480614894135,3.4159912415061005
1,1,edited,172,3.713572066704308,4.450663110157097
1,1,edited,65,5.556828061699537,4.834973285809836
1,1,edited,185,4.060443010546419,3.6735064275750364
1,1,edited,99,1.791759469228055,3.2017344973251265
1,1,edited,71,4.1588830833596715,3.7788248801044166
1,1,edited,166,4.7535901911063645,4.037592115346486
1,1,edited,153,6.234410725718371,6.11674547709392
1,1,edited,125,3.295836866004329,3.3430377508063476
1,1,edited,206,3.9512437185814275,3.5184775568399016
1,1,edited,117,3.1780538303479458,3.3439933607891987
1,1,edited,74,3.784189633918261,3.417314683644318
1,1,edited,202,2.8903717578961645,3.195806743018272
1,1,edited,10,3.6375861597263857,3.2404084107372495
1,1,edited,116,4.189654742026425,4.328438675758514
1,1,edited,149,4.653960350157523,3.6461141173035454
1,1,edited,63,4.969813299576001,4.418565277194853
1,1,edited,1,5.594711379601839,5.336465811275968
1,1,edited,42,3.9512437185814275,4.191631585578789
1,1,edited,122,2.4849066497880004,2.8902106781522874
1,1,edited,17,3.332204510175204,3.478369216494723
1,1,edited,190,5.153291594497779,5.270577927547142
1,1,edited,53,3.58351893845611,3.457348894951551
1,1,edited,76,3.8066624897703196,3.261629699535262
1,1,edited,165,3.9318256327243257,4.037592115346486
1,1,edited,40,3.58351893845611,3.500372067746797
1,1,edited,69,3.4657359027997265,3.3902359672845885
1,1,edited,174,3.912023005428146,3.2625628361233483
1,1,edited,129,4.382026634673881,4.269731975847254
1,1,edited,158,2.4849066497880004,3.1909735606628593
1,1,edited,105,3.4657359027997265,3.305016146930886
1,1,edited,162,3.5263605246161616,3.608561728463604
1,1,edited,11,3.6888794541139363,3.2669743462327143
1,1,edited,142,3.912023005428146,3.5480745668806195
1,1,edited,43,4.0943445622221,4.191631585578789
1,1,edited,179,4.0943445622221,3.6543082006543437
1,1,edited,160,3.044522437723423,3.4163285253189835
1,1,edited,61,3.091042453358316,2.9566534965287063
1,1,edited,57,2.4849066497880004,2.9566534965287063
1,1,edited,167,4.605170185988092,4.953079965991429
1,1,edited,23,4.330733340286331,3.7471052642915854
1,1,edited,164,3.828641396489095,4.215272925039946
1,1,edited,178,3.6375861597263857,3.296688744166571
1,1,edited,15,3.5553480614894135,3.8373579267035014
1,1,edited,60,2.772588722239781,2.9566534965287063
1,1,edited,109,2.8903717578961645,2.5966668660230505
1,1,edited,137,3.4011973816621555,3.645281729064347
1,1,edited,31,5.908082938168931,5.138381582086846
1,1,edited,16,2.9444389791664403,3.302987813253861
1,1,edited,44,4.276666119016055,4.023819221167875
1,1,edited,192,6.003887067106539,5.473538937989433
1,1,edited,188,4.727387818712341,4.510217189639277
1,1,edited,34,4.663439094112067,4.993265326699276
1,1,edited,30,5.6131281063880705,5.138381582086846
1,1,edited,58,2.6390573296152584,2.9566534965287063
1,1,edited,35,5.337538079701318,4.99310472570571
1,1,edited,77,3.970291913552122,3.5881747658301633
1,1,edited,182,2.3978952727983707,3.291564046161834
1,1,edited,49,4.127134385045092,3.4993475618806964
1,1,edited,6,5.905361848054571,6.187170013978212
1,1,edited,102,1.9459101490553132,2.526795769310373
1,1,edited,175,3.912023005428146,3.891806418314251
1,1,edited,139,3.6888794541139363,3.3288961282095126
1,1,edited,191,5.5134287461649825,5.666085232561544
1,1,edited,41,3.6888794541139363,4.195856541500545
1,1,edited,110,3.091042453358316,2.6125664181558155
1,1,edited,22,4.110873864173311,3.714532073503121
1,1,edited,19,4.787491742782046,5.194741841766703
1,1,edited,163,3.7376696182833684,3.9858855589975186
1,1,edited,64,4.969813299576001,4.621118204526167
1,1,edited,47,2.995732273553991,2.8523643805744703
1,1,edited,113,3.5263605246161616,3.441318820653112
1,1,edited,140,4.127134385045092,3.948760435233042
1,1,edited,181,1.791759469228055,3.2605642896580616
1,1,edited,14,2.302585092994046,3.2193749558187537
1,1,edited,141,4.0943445622221,3.948760435233042
1,1,edited,194,4.736198448394496,4.985194355075231
1,1,edited,36,2.995732273553991,3.2443788350044627
1,1,edited,97,5.6240175061873385,5.300791388744943
1,1,edited,193,4.248495242049359,3.8208470900585785
1,1,edited,205,3.828641396489095,3.897649010884613
1,1,edited,136,4.174387269895637,4.328277338026495
1,1,condensed,145,4.30406509320417,4.709530201312332
1,1,condensed,83,2.772588722239781,3.6078694769919277
1,1,condensed,45,4.276666119016055,3.177171830182576
1,1,condensed,103,2.5649493574615367,2.3978952727983707
1,1,condensed,90,4.948759890378168,5.365976015020889
1,1,condensed,132,3.258096538021482,4.094801430257478
1,1,condensed,18,3.4339872044851463,3.2894033302911154
1,1,condensed,143,4.189654742026425,4.24849640942275
1,1,condensed,78,3.58351893845611,3.654363535218434
1,1,condensed,127,4.02535169073515,4.262597441408818
1,1,condensed,135,3.9889840465642745,4.602503170610734
1,1,condensed,187,4.31748811353631,4.605170182667563
1,1,condensed,72,3.091042453358316,3.4657272123699454
1,1,condensed,201,2.6390573296152584,2.5074984777934692
1,1,condensed,111,3.6109179126442243,2.3978952727983742
1,1,condensed,91,5.241747015059643,5.365976015020889
1,1,condensed,100,3.1780538303479458,3.3990857320956227
1,1,condensed,73,3.58351893845611,3.911755407519481
1,1,condensed,124,2.995732273553991,2.3979158228612403
1,1,condensed,21,3.4965075614664802,3.5915539499962796
1,1,condensed,133,3.4657359027997265,4.0807605417262875
1,1,condensed,93,4.882801922586371,4.605170185988092
1,1,condensed,95,6.142037405587356,6.192362489474872
1,1,condensed,87,3.5553480614894135,3.4757118663265043
1,1,condensed,172,3.713572066704308,4.332885407985257
1,1,condensed,65,5.556828061699537,4.714306980869509
1,1,condensed,185,4.060443010546419,3.4970121843021986
1,1,condensed,99,1.791759469228055,3.8066580221177113
1,1,condensed,71,4.1588830833596715,4.12709813673178
1,1,condensed,166,4.7535901911063645,3.8044353145956293
1,1,condensed,153,6.234410725718371,6.192362489474872
1,1,condensed,125,3.295836866004329,3.2579186037273287
1,1,condensed,206,3.9512437185814275,3.654032909587597
1,1,condensed,117,3.1780538303479458,3.3977607991003085
1,1,condensed,74,3.784189633918261,3.911958268889675
1,1,condensed,202,2.8903717578961645,2.4852608944250436
1,1,condensed,10,3.6375861597263857,2.827924240987548
1,1,condensed,116,4.189654742026425,4.9272483132239016
1,1,condensed,149,4.653960350157523,3.4965073926445407
1,1,condensed,63,4.969813299576001,4.696218426043618
1,1,condensed,1,5.594711379601839,5.365976015021852
1,1,condensed,42,3.9512437185814275,4.248861258462161
1,1,condensed,122,2.4849066497880004,2.3978952727983707
1,1,condensed,17,3.332204510175204,3.465738574459477
1,1,condensed,190,5.153291594497779,5.365976015021851
1,1,condensed,53,3.58351893845611,3.3561195602019382
1,1,condensed,76,3.8066624897703196,3.5035060363880017
1,1,condensed,165,3.9318256327243257,3.8044353145956293
1,1,condensed,40,3.58351893845611,3.0891116161760865
1,1,condensed,69,3.4657359027997265,3.54121082056081
1,1,condensed,174,3.912023005428146,3.159400798682788
1,1,condensed,129,4.382026634673881,4.248495242049426
1,1,condensed,158,2.4849066497880004,2.0794682419639874
1,1,condensed,105,3.4657359027997265,3.0408554009323043
1,1,condensed,162,3.5263605246161616,3.2513756938563025
1,1,condensed,11,3.6888794541139363,3.4911540893263906
1,1,condensed,142,3.912023005428146,3.495637296472962
1,1,condensed,43,4.0943445622221,4.248861258462161
1,1,condensed,179,4.0943445622221,3.79006968018396
1,1,condensed,160,3.044522437723423,3.1802330720369154
1,1,condensed,61,3.091042453358316,3.1780533187411426
1,1,condensed,57,2.4849066497880004,3.1780533187411426
1,1,condensed,167,4.605170185988092,5.224687035115604
1,1,condensed,23,4.330733340286331,4.077634745728302
1,1,condensed,164,3.828641396489095,4.56352552787012
1,1,condensed,178,3.6375861597263857,3.4011973816621555
1,1,condensed,15,3.5553480614894135,3.9120230131382314
1,1,condensed,60,2.772588722239781,3.1780533187411426
1,1,condensed,109,2.8903717578961645,2.3978952727983707
1,1,condensed,137,3.4011973816621555,3.5145864827662474
1,1,condensed,31,5.908082938168931,5.356586274672012
1,1,condensed,16,2.9444389791664403,3.2585544297098368
1,1,condensed,44,4.276666119016055,3.515968842379436
1,1,condensed,192,6.003887067106539,5.356586274672012
1,1,condensed,188,4.727387818712341,4.6047460998885565
1,1,condensed,34,4.663439094112067,5.36597601502185
1,1,condensed,30,5.6131281063880705,5.356586274672012
1,1,condensed,58,2.6390573296152584,3.1780533187411426
1,1,condensed,35,5.337538079701318,5.36597601502185
1,1,condensed,77,3.970291913552122,3.910184096374742
1,1,condensed,182,2.3978952727983707,3.3542461254402527
1,1,condensed,49,4.127134385045092,4.257390347561982
1,1,condensed,6,5.905361848054571,6.192362489474872
1,1,condensed,102,1.9459101490553132,2.3978952727983707
1,1,condensed,175,3.912023005428146,4.918455582958161
1,1,condensed,139,3.6888794541139363,3.3109702660617075
1,1,condensed,191,5.5134287461649825,5.365976015021851
1,1,condensed,41,3.6888794541139363,4.249020096725612
1,1,condensed,110,3.091042453358316,2.3978952727983707
1,1,condensed,22,4.110873864173311,3.7908091906325754
1,1,condensed,19,4.787491742782046,5.356586274672012
1,1,condensed,163,3.7376696182833684,3.284135625199042
1,1,condensed,64,4.969813299576001,4.709529913662981
1,1,condensed,47,2.995732273553991,2.455915300598687
1,1,condensed,113,3.5263605246161616,3.3917302394313635
1,1,condensed,140,4.127134385045092,4.12410958401409
1,1,condensed,181,1.791759469228055,3.635084176002652
1,1,condensed,14,2.302585092994046,4.138657791443584
1,1,condensed,141,4.0943445622221,4.12410958401409
1,1,condensed,194,4.736198448394496,5.365976015021851
1,1,condensed,36,2.995732273553991,3.177936760486738
1,1,condensed,97,5.6240175061873385,5.365976015021851
1,1,condensed,193,4.248495242049359,3.5113236447412555
1,1,condensed,205,3.828641396489095,4.094516872333386
1,1,condensed,136,4.174387269895637,4.602503170610734
1,2,null,51,3.1780538303479458,3.8939322839542165
1,2,null,7,6.192362489474872,3.8939322839542165
1,2,null,161,3.1780538303479458,3.8939322839542165
1,2,null,81,3.6375861597263857,3.8939322839542165
1,2,null,152,5.91350300563827,3.8939322839542165
1,2,null,92,3.091042453358316,3.8939322839542165
1,2,null,38,4.2626798770413155,3.8939322839542165
1,2,null,26,3.4965075614664802,3.8939322839542165
1,2,null,46,2.8903717578961645,3.8939322839542165
1,2,null,197,5.983936280687191,3.8939322839542165
1,2,null,20,3.4011973816621555,3.8939322839542165
1,2,null,101,3.8066624897703196,3.8939322839542165
1,2,null,204,3.7376696182833684,3.8939322839542165
1,2,null,186,4.867534450455582,3.8939322839542165
1,2,null,115,4.330733340286331,3.8939322839542165
1,2,null,54,3.258096538021482,3.8939322839542165
1,2,null,156,6.234410725718371,3.8939322839542165
1,2,null,138,3.912023005428146,3.8939322839542165
1,2,null,24,3.1354942159291497,3.8939322839542165
1,2,null,128,4.248495242049359,3.8939322839542165
1,2,null,104,2.772588722239781,3.8939322839542165
1,2,null,131,2.772588722239781,3.8939322839542165
1,2,null,84,3.091042453358316,3.8939322839542165
1,2,null,148,4.962844630259907,3.8939322839542165
1,2,null,195,5.337538079701318,3.8939322839542165
1,2,null,169,5.356586274672012,3.8939322839542165
1,2,null,177,3.4657359027997265,3.8939322839542165
1,2,null,25,4.23410650459726,3.8939322839542165
1,2,null,189,5.236441962829949,3.8939322839542165
1,2,null,50,3.1780538303479458,3.8939322839542165
1,2,null,170,3.2188758248682006,3.8939322839542165
1,2,null,183,3.091042453358316,3.8939322839542165
1,2,null,37,3.367295829986474,3.8939322839542165
1,2,null,96,6.142037405587356,3.8939322839542165
1,2,null,134,3.8066624897703196,3.8939322839542165
1,2,null,9,7.042286171939743,3.8939322839542165
1,2,null,75,3.912023005428146,3.8939322839542165
1,2,null,154,5.365976015021851,3.8939322839542165
1,2,null,146,4.532599493153256,3.8939322839542165
1,2,null,147,4.709530201312334,3.8939322839542165
1,2,null,4,4.882801922586371,3.8939322839542165
1,2,null,106,3.4657359027997265,3.8939322839542165
1,2,null,33,4.143134726391533,3.8939322839542165
1,2,null,3,5.147494476813453,3.8939322839542165
1,2,null,29,3.295836866004329,3.8939322839542165
1,2,null,180,4.6913478822291435,3.8939322839542165
1,2,null,80,2.772588722239781,3.8939322839542165
1,2,null,86,3.6888794541139363,3.8939322839542165
1,2,null,8,6.455198563340122,3.8939322839542165
1,2,null,68,3.4657359027997265,3.8939322839542165
1,2,null,108,2.3978952727983707,3.8939322839542165
1,2,null,196,5.726847747587197,3.8939322839542165
1,2,null,79,4.430816798843313,3.8939322839542165
1,2,null,118,3.8918202981106265,3.8939322839542165
1,2,null,27,3.295836866004329,3.8939322839542165
1,2,null,119,4.189654742026425,3.8939322839542165
1,2,null,207,4.204692619390966,3.8939322839542165
1,2,null,56,4.2626798770413155,3.8939322839542165
1,2,null,120,4.605170185988092,3.8939322839542165
1,2,null,151,5.6240175061873385,3.8939322839542165
1,2,null,184,3.4965075614664802,3.8939322839542165
1,2,null,98,5.220355825078324,3.8939322839542165
1,2,null,2,5.393627546352362,3.8939322839542165
1,2,null,89,4.189654742026425,3.8939322839542165
1,2,null,32,3.4657359027997265,3.8939322839542165
1,2,null,67,3.258096538021482,3.8939322839542165
1,2,null,70,4.127134385045092,3.8939322839542165
1,2,null,94,5.4680601411351315,3.8939322839542165
1,2,null,55,4.0943445622221,3.8939322839542165
1,2,null,66,2.833213344056216,3.8939322839542165
1,2,null,52,4.927253685157205,3.8939322839542165
1,2,null,28,4.343805421853684,3.8939322839542165
1,2,null,159,2.833213344056216,3.8939322839542165
1,2,null,12,4.5217885770490405,3.8939322839542165
1,2,null,173,3.2188758248682006,3.8939322839542165
1,2,null,123,2.8903717578961645,3.8939322839542165
1,2,null,0,5.288267030694535,3.8939322839542165
1,2,null,199,7.047517221357296,3.8939322839542165
1,2,null,88,4.897839799950911,3.8939322839542165
1,2,null,62,3.58351893845611,3.8939322839542165
1,2,null,126,3.8066624897703196,3.8939322839542165
1,2,null,82,3.6375861597263857,3.8939322839542165
1,2,null,39,3.258096538021482,3.8939322839542165
1,2,null,157,2.0794415416798357,3.8939322839542165
1,2,null,155,5.786897381366708,3.8939322839542165
1,2,null,171,3.4011973816621555,3.8939322839542165
1,2,null,203,3.044522437723423,3.8939322839542165
1,2,null,13,4.927253685157205,3.8939322839542165
1,2,null,168,4.941642422609304,3.8939322839542165
1,2,null,107,2.3978952727983707,3.8939322839542165
1,2,null,198,6.818924065275521,3.8939322839542165
1,2,null,5,5.762051382780177,3.8939322839542165
1,2,null,85,3.367295829986474,3.8939322839542165
1,2,null,59,2.995732273553991,3.8939322839542165
1,2,null,48,3.6888794541139363,3.8939322839542165
1,2,null,200,2.4849066497880004,3.8939322839542165
1,2,null,121,4.890349128221754,3.8939322839542165
1,2,null,114,3.912023005428146,3.8939322839542165
1,2,null,130,4.912654885736052,3.8939322839542165
1,2,null,144,4.454347296253507,3.8939322839542165
1,2,null,150,5.365976015021851,3.8939322839542165
1,2,null,208,3.8066624897703196,3.8939322839542165
1,2,null,112,3.6888794541139363,3.8939322839542165
1,2,null,176,3.4011973816621555,3.8939322839542165
1,2,knn,51,3.1780538303479458,2.8797870883040146
1,2,knn,7,6.192362489474872,5.948021577298198
1,2,knn,161,3.1780538303479458,3.7018151723391766
1,2,knn,81,3.6375861597263857,4.142215851393242
1,2,knn,152,5.91350300563827,5.4810627771922835
1,2,knn,92,3.091042453358316,3.5969050165936785
1,2,knn,38,4.2626798770413155,3.769068467209012
1,2,knn,26,3.4965075614664802,3.1181396275127717
1,2,knn,46,2.8903717578961645,2.921038084115077
1,2,knn,197,5.983936280687191,6.001983813525466
1,2,knn,20,3.4011973816621555,3.513528409138123
1,2,knn,101,3.8066624897703196,3.5692723268027113
1,2,knn,204,3.7376696182833684,3.6930765433326465
1,2,knn,186,4.867534450455582,4.304430577558832
1,2,knn,115,4.330733340286331,4.127350098880118
1,2,knn,54,3.258096538021482,3.0588164874058794
1,2,knn,156,6.234410725718371,6.229559183598214
1,2,knn,138,3.912023005428146,3.773212995646495
1,2,knn,24,3.1354942159291497,3.362163982447429
1,2,knn,128,4.248495242049359,4.226598501555973
1,2,knn,104,2.772588722239781,2.781258222529824
1,2,knn,131,2.772588722239781,3.6462410726112187
1,2,knn,84,3.091042453358316,3.201502782249479
1,2,knn,148,4.962844630259907,4.473816764751769
1,2,knn,195,5.337538079701318,5.3937119876084205
1,2,knn,169,5.356586274672012,5.689568661254381
1,2,knn,177,3.4657359027997265,3.0419191287313776
1,2,knn,25,4.23410650459726,2.767529270815223
1,2,knn,189,5.236441962829949,4.999948110294842
1,2,knn,50,3.1780538303479458,2.8179844813524393
1,2,knn,170,3.2188758248682006,2.779601451859243
1,2,knn,183,3.091042453358316,3.5080118793135155
1,2,knn,37,3.367295829986474,3.189616688617858
1,2,knn,96,6.142037405587356,6.016596498218429
1,2,knn,134,3.8066624897703196,4.07715183451821
1,2,knn,9,7.042286171939743,6.137095377794943
1,2,knn,75,3.912023005428146,3.8175203542498997
1,2,knn,154,5.365976015021851,4.792768774238853
1,2,knn,146,4.532599493153256,4.329449168808857
1,2,knn,147,4.709530201312334,4.337797796595706
1,2,knn,4,4.882801922586371,4.988289168629023
1,2,knn,106,3.4657359027997265,3.5184384595514535
1,2,knn,33,4.143134726391533,4.430636404215651
1,2,knn,3,5.147494476813453,5.5872187327440015
1,2,knn,29,3.295836866004329,3.0526610432382797
1,2,knn,180,4.6913478822291435,3.913741732376448
1,2,knn,80,2.772588722239781,3.059708632546295
1,2,knn,86,3.6888794541139363,3.542054229777064
1,2,knn,8,6.455198563340122,6.02724848845901
1,2,knn,68,3.4657359027997265,3.4649311821751256
1,2,knn,108,2.3978952727983707,2.8805318344219177
1,2,knn,196,5.726847747587197,6.000923707735597
1,2,knn,79,4.430816798843313,3.8587626079150636
1,2,knn,118,3.8918202981106265,3.8864450252838276
1,2,knn,27,3.295836866004329,2.80514504190441
1,2,knn,119,4.189654742026425,3.898305619145147
1,2,knn,207,4.204692619390966,3.1679706634212472
1,2,knn,56,4.2626798770413155,3.5843294810383473
1,2,knn,120,4.605170185988092,4.529261098782766
1,2,knn,151,5.6240175061873385,5.480987608815885
1,2,knn,184,3.4965075614664802,3.918916715809324
1,2,knn,98,5.220355825078324,4.840955969321109
1,2,knn,2,5.393627546352362,5.5872187327440015
1,2,knn,89,4.189654742026425,4.316531694116225
1,2,knn,32,3.4657359027997265,4.430636404215651
1,2,knn,67,3.258096538021482,3.081912786864433
1,2,knn,70,4.127134385045092,3.7854683731464775
1,2,knn,94,5.4680601411351315,4.998958944663684
1,2,knn,55,4.0943445622221,3.8824285546449895
1,2,knn,66,2.833213344056216,3.0634411830231065
1,2,knn,52,4.927253685157205,4.065703192340335
1,2,knn,28,4.343805421853684,3.055178130714398
1,2,knn,159,2.833213344056216,3.139609143524666
1,2,knn,12,4.5217885770490405,3.8454763879377154
1,2,knn,173,3.2188758248682006,2.9324898272276627
1,2,knn,123,2.8903717578961645,2.482289158526396
1,2,knn,0,5.288267030694535,4.801831393186278
1,2,knn,199,7.047517221357296,4.84601353118606
1,2,knn,88,4.897839799950911,4.634196529132741
1,2,knn,62,3.58351893845611,3.51028194683677
1,2,knn,126,3.8066624897703196,3.7277951834628285
1,2,knn,82,3.6375861597263857,3.4773640690280216
1,2,knn,39,3.258096538021482,3.3275413875415887
1,2,knn,157,2.0794415416798357,2.8454548581260872
1,2,knn,155,5.786897381366708,5.481020188770817
1,2,knn,171,3.4011973816621555,2.948254983464604
1,2,knn,203,3.044522437723423,2.856455587140754
1,2,knn,13,4.927253685157205,4.2126622548163235
1,2,knn,168,4.941642422609304,5.136888924118097
1,2,knn,107,2.3978952727983707,2.905720258150036
1,2,knn,198,6.818924065275521,4.522565475511332
1,2,knn,5,5.762051382780177,5.519933089202591
1,2,knn,85,3.367295829986474,3.3690945364853446
1,2,knn,59,2.995732273553991,2.775720006890849
1,2,knn,48,3.6888794541139363,3.4054368253286187
1,2,knn,200,2.4849066497880004,2.860267675174247
1,2,knn,121,4.890349128221754,4.414702943437872
1,2,knn,114,3.912023005428146,3.7901400932448177
1,2,knn,130,4.912654885736052,4.560499046991891
1,2,knn,144,4.454347296253507,4.133511514813799
1,2,knn,150,5.365976015021851,4.987377675340939
1,2,knn,208,3.8066624897703196,3.0500537319447782
1,2,knn,112,3.6888794541139363,3.3651732999768176
1,2,knn,176,3.4011973816621555,2.9307796195517897
1,2,edited,51,3.1780538303479458,2.8797870883040146
1,2,edited,7,6.192362489474872,5.948021577298198
1,2,edited,161,3.1780538303479458,3.7018151723391766
1,2,edited,81,3.6375861597263857,4.142215851393242
1,2,edited,152,5.91350300563827,5.4810627771922835
1,2,edited,92,3.091042453358316,3.5969050165936785
1,2,edited,38,4.2626798770413155,3.769068467209012
1,2,edited,26,3.4965075614664802,3.1181396275127717
1,2,edited,46,2.8903717578961645,2.921038084115077
1,2,edited,197,5.983936280687191,6.001983813525466
1,2,edited,20,3.4011973816621555,3.513528409138123
1,2,edited,101,3.8066624897703196,3.5692723268027113
1,2,edited,204,3.7376696182833684,3.6930765433326465
1,2,edited,186,4.867534450455582,4.304430577558832
1,2,edited,115,4.330733340286331,4.127350098880118
1,2,edited,54,3.258096538021482,3.0588164874058794
1,2,edited,156,6.234410725718371,6.229559183598214
1,2,edited,138,3.912023005428146,3.773212995646495
1,2,edited,24,3.1354942159291497,3.362163982447429
1,2,edited,128,4.248495242049359,4.226598501555973
1,2,edited,104,2.772588722239781,2.781258222529824
1,2,edited,131,2.772588722239781,3.6462410726112187
1,2,edited,84,3.091042453358316,3.201502782249479
1,2,edited,148,4.962844630259907,4.473816764751769
1,2,edited,195,5.337538079701318,5.3937119876084205
1,2,edited,169,5.356586274672012,5.689568661254381
1,2,edited,177,3.4657359027997265,3.0419191287313776
1,2,edited,25,4.23410650459726,2.767529270815223
1,2,edited,189,5.236441962829949,4.999948110294842
1,2,edited,50,3.1780538303479458,2.8179844813524393
1,2,edited,170,3.2188758248682006,2.779601451859243
1,2,edited,183,3.091042453358316,3.5080118793135155
1,2,edited,37,3.367295829986474,3.189616688617858
1,2,edited,96,6.142037405587356,6.016596498218429
1,2,edited,134,3.8066624897703196,4.07715183451821
1,2,edited,9,7.042286171939743,6.137095377794943
1,2,edited,75,3.912023005428146,3.8175203542498997
1,2,edited,154,5.365976015021851,4.792768774238853
1,2,edited,146,4.532599493153256,4.329449168808857
1,2,edited,147,4.709530201312334,4.337797796595706
1,2,edited,4,4.882801922586371,4.988289168629023
1,2,edited,106,3.4657359027997265,3.5184384595514535
1,2,edited,33,4.143134726391533,4.430636404215651
1,2,edited,3,5.147494476813453,5.5872187327440015
1,2,edited,29,3.295836866004329,3.0526610432382797
1,2,edited,180,4.6913478822291435,3.913741732376448
1,2,edited,80,2.772588722239781,3.059708632546295
1,2,edited,86,3.6888794541139363,3.542054229777064
1,2,edited,8,6.455198563340122,6.02724848845901
1,2,edited,68,3.4657359027997265,3.4649311821751256
1,2,edited,108,2.3978952727983707,2.8805318344219177
1,2,edited,196,5.726847747587197,6.000923707735597
1,2,edited,79,4.430816798843313,3.8587626079150636
1,2,edited,118,3.8918202981106265,3.8864450252838276
1,2,edited,27,3.295836866004329,2.80514504190441
1,2,edited,119,4.189654742026425,3.898305619145147
1,2,edited,207,4.204692619390966,3.1679706634212472
1,2,edited,56,4.2626798770413155,3.5843294810383473
1,2,edited,120,4.605170185988092,4.529261098782766
1,2,edited,151,5.6240175061873385,5.480987608815885
1,2,edited,184,3.4965075614664802,3.918916715809324
1,2,edited,98,5.220355825078324,4.840955969321109
1,2,edited,2,5.393627546352362,5.5872187327440015
1,2,edited,89,4.189654742026425,4.316531694116225
1,2,edited,32,3.4657359027997265,4.430636404215651
1,2,edited,67,3.258096538021482,3.081912786864433
1,2,edited,70,4.127134385045092,3.7854683731464775
1,2,edited,94,5.4680601411351315,4.998958944663684
1,2,edited,55,4.0943445622221,3.8824285546449895
1,2,edited,66,2.833213344056216,3.0634411830231065
1,2,edited,52,4.927253685157205,4.065703192340335
1,2,edited,28,4.343805421853684,3.055178130714398
1,2,edited,159,2.833213344056216,3.139609143524666
1,2,edited,12,4.5217885770490405,3.8454763879377154
1,2,edited,173,3.2188758248682006,2.9324898272276627
1,2,edited,123,2.8903717578961645,2.482289158526396
1,2,edited,0,5.288267030694535,4.801831393186278
1,2,edited,199,7.047517221357296,4.84601353118606
1,2,edited,88,4.897839799950911,4.634196529132741
1,2,edited,62,3.58351893845611,3.51028194683677
1,2,edited,126,3.8066624897703196,3.7277951834628285
1,2,edited,82,3.6375861597263857,3.4773640690280216
1,2,edited,39,3.258096538021482,3.3275413875415887
1,2,edited,157,2.0794415416798357,2.8454548581260872
1,2,edited,155,5.786897381366708,5.481020188770817
1,2,edited,171,3.4011973816621555,2.948254983464604
1,2,edited,203,3.044522437723423,2.856455587140754
1,2,edited,13,4.927253685157205,4.2126622548163235
1,2,edited,168,4.941642422609304,5.136888924118097
1,2,edited,107,2.3978952727983707,2.905720258150036
1,2,edited,198,6.818924065275521,4.522565475511332
1,2,edited,5,5.762051382780177,5.519933089202591
1,2,edited,85,3.367295829986474,3.3690945364853446
1,2,edited,59,2.995732273553991,2.775720006890849
1,2,edited,48,3.6888794541139363,3.4054368253286187
1,2,edited,200,2.4849066497880004,2.860267675174247
1,2,edited,121,4.890349128221754,4.414702943437872
1,2,edited,114,3.912023005428146,3.7901400932448177
1,2,edited,130,4.912654885736052,4.560499046991891
1,2,edited,144,4.454347296253507,4.133511514813799
1,2,edited,150,5.365976015021851,4.987377675340939
1,2,edited,208,3.8066624897703196,3.0500537319447782
1,2,edited,112,3.6888794541139363,3.3651732999768176
1,2,edited,176,3.4011973816621555,2.9307796195517897
1,2,condensed,51,3.1780538303479458,2.72998658794108
1,2,condensed,7,6.192362489474872,5.904328510642611
1,2,condensed,161,3.1780538303479458,3.6051850091494035
1,2,condensed,81,3.6375861597263857,3.989676210983727
1,2,condensed,152,5.91350300563827,5.422133615188991
1,2,condensed,92,3.091042453358316,3.553516319402137
1,2,condensed,38,4.2626798770413155,3.632077493331684
1,2,condensed,26,3.4965075614664802,3.4436950849333856
1,2,condensed,46,2.8903717578961645,2.7737938827694624
1,2,condensed,197,5.983936280687191,4.7584630561111485
1,2,condensed,20,3.4011973816621555,3.636504682730545
1,2,condensed,101,3.8066624897703196,3.4532576000168986
1,2,condensed,204,3.7376696182833684,3.76234950800892
1,2,condensed,186,4.867534450455582,4.46537519908531
1,2,condensed,115,4.330733340286331,4.038480204696408
1,2,condensed,54,3.258096538021482,2.6836178068646652
1,2,condensed,156,6.234410725718371,5.657034808901663
1,2,condensed,138,3.912023005428146,3.6919302035663057
1,2,condensed,24,3.1354942159291497,3.4470352650595117
1,2,condensed,128,4.248495242049359,3.943774387840282
1,2,condensed,104,2.772588722239781,2.9018652114025585
1,2,condensed,131,2.772588722239781,3.713615927034053
1,2,condensed,84,3.091042453358316,3.236618323346681
1,2,condensed,148,4.962844630259907,4.606818610611871
1,2,condensed,195,5.337538079701318,4.713375958447836
1,2,condensed,169,5.356586274672012,5.282910344185902
1,2,condensed,177,3.4657359027997265,2.8871868449551843
1,2,condensed,25,4.23410650459726,2.826069574698369
1,2,condensed,189,5.236441962829949,4.96563663975133
1,2,condensed,50,3.1780538303479458,2.810674777751474
1,2,condensed,170,3.2188758248682006,2.6544982428991397
1,2,condensed,183,3.091042453358316,3.550395833707734
1,2,condensed,37,3.367295829986474,3.150162900200452
1,2,condensed,96,6.142037405587356,5.842850955770733
1,2,condensed,134,3.8066624897703196,4.174928903038773
1,2,condensed,9,7.042286171939743,5.903210718763614
1,2,condensed,75,3.912023005428146,3.8265312558647095
1,2,condensed,154,5.365976015021851,4.7793083160100425
1,2,condensed,146,4.532599493153256,4.516468274209797
1,2,condensed,147,4.709530201312334,4.519886044283013
1,2,condensed,4,4.882801922586371,4.8399336890944324
1,2,condensed,106,3.4657359027997265,3.4324655372859145
1,2,condensed,33,4.143134726391533,4.490273297362574
1,2,condensed,3,5.147494476813453,5.422379765643326
1,2,condensed,29,3.295836866004329,3.116476319749708
1,2,condensed,180,4.6913478822291435,3.9732598539881834
1,2,condensed,80,2.772588722239781,3.193951702374197
1,2,condensed,86,3.6888794541139363,3.5649326448920515
1,2,condensed,8,6.455198563340122,5.856122657929251
1,2,condensed,68,3.4657359027997265,3.4950391278451534
1,2,condensed,108,2.3978952727983707,2.6866880179334296
1,2,condensed,196,5.726847747587197,4.635317607654901
1,2,condensed,79,4.430816798843313,3.740479371861563
1,2,condensed,118,3.8918202981106265,3.7537938872641616
1,2,condensed,27,3.295836866004329,2.8627565929431977
1,2,condensed,119,4.189654742026425,4.038889817171169
1,2,condensed,207,4.204692619390966,3.3919193738144537
1,2,condensed,56,4.2626798770413155,3.4954756339398765
1,2,condensed,120,4.605170185988092,4.629421402201993
1,2,condensed,151,5.6240175061873385,5.421919881493899
1,2,condensed,184,3.4965075614664802,4.075453014617664
1,2,condensed,98,5.220355825078324,4.99987843035526
1,2,condensed,2,5.393627546352362,5.422379765643326
1,2,condensed,89,4.189654742026425,4.279007670177145
1,2,condensed,32,3.4657359027997265,4.490273297362574
1,2,condensed,67,3.258096538021482,2.78901957277636
1,2,condensed,70,4.127134385045092,3.8306393018936062
1,2,condensed,94,5.4680601411351315,5.016946360290323
1,2,condensed,55,4.0943445622221,3.8575708140752143
1,2,condensed,66,2.833213344056216,2.784257868810588
1,2,condensed,52,4.927253685157205,3.99745462362536
1,2,condensed,28,4.343805421853684,3.118184659565042
1,2,condensed,159,2.833213344056216,3.0110466575145187
1,2,condensed,12,4.5217885770490405,4.248901292739839
1,2,condensed,173,3.2188758248682006,2.6422055165987435
1,2,condensed,123,2.8903717578961645,2.4682290763078116
1,2,condensed,0,5.288267030694535,4.816400188857767
1,2,condensed,199,7.047517221357296,4.248283200084251
1,2,condensed,88,4.897839799950911,4.540333605914811
1,2,condensed,62,3.58351893845611,3.694608444968668
1,2,condensed,126,3.8066624897703196,3.6323953876020587
1,2,condensed,82,3.6375861597263857,3.5048984051964824
1,2,condensed,39,3.258096538021482,3.270340639454912
1,2,condensed,157,2.0794415416798357,2.8003786964328685
1,2,condensed,155,5.786897381366708,5.422008401287561
1,2,condensed,171,3.4011973816621555,2.834165947679331
1,2,condensed,203,3.044522437723423,2.648279825066706
1,2,condensed,13,4.927253685157205,4.462083367408651
1,2,condensed,168,4.941642422609304,5.272542524229616
1,2,condensed,107,2.3978952727983707,2.6999729315345546
1,2,condensed,198,6.818924065275521,3.982594935092949
1,2,condensed,5,5.762051382780177,5.387916594542513
1,2,condensed,85,3.367295829986474,3.2574014784768486
1,2,condensed,59,2.995732273553991,2.79043871415406
1,2,condensed,48,3.6888794541139363,3.519182266664555
1,2,condensed,200,2.4849066497880004,2.6572044612253727
1,2,condensed,121,4.890349128221754,4.536640835210348
1,2,condensed,114,3.912023005428146,3.7689525944245643
1,2,condensed,130,4.912654885736052,4.433661143494662
1,2,condensed,144,4.454347296253507,4.110025190057971
1,2,condensed,150,5.365976015021851,4.840257523439097
1,2,condensed,208,3.8066624897703196,3.1347021051949646
1,2,condensed,112,3.6888794541139363,3.2041830215510454
1,2,condensed,176,3.4011973816621555,2.63266053457972
2,1,null,189,5.236441962829949,4.011531834674617
2,1,null,3,5.147494476813453,4.011531834674617
2,1,null,52,4.927253685157205,4.011531834674617
2,1,null,16,2.9444389791664403,4.011531834674617
2,1,null,65,5.556828061699537,4.011531834674617
2,1,null,152,5.91350300563827,4.011531834674617
2,1,null,167,4.605170185988092,4.011531834674617
2,1,null,125,3.295836866004329,4.011531834674617
2,1,null,142,3.912023005428146,4.011531834674617
2,1,null,199,7.047517221357296,4.011531834674617
2,1,null,117,3.1780538303479458,4.011531834674617
2,1,null,87,3.5553480614894135,4.011531834674617
2,1,null,33,4.143134726391533,4.011531834674617
2,1,null,47,2.995732273553991,4.011531834674617
2,1,null,128,4.248495242049359,4.011531834674617
2,1,null,72,3.091042453358316,4.011531834674617
2,1,null,153,6.234410725718371,4.011531834674617
2,1,null,127,4.02535169073515,4.011531834674617
2,1,null,18,3.4339872044851463,4.011531834674617
2,1,null,82,3.6375861597263857,4.011531834674617
2,1,null,21,3.4965075614664802,4.011531834674617
2,1,null,27,3.295836866004329,4.011531834674617
2,1,null,121,4.890349128221754,4.011531834674617
2,1,null,123,2.8903717578961645,4.011531834674617
2,1,null,187,4.31748811353631,4.011531834674617
2,1,null,10,3.6375861597263857,4.011531834674617
2,1,null,36,2.995732273553991,4.011531834674617
2,1,null,9,7.042286171939743,4.011531834674617
2,1,null,74,3.784189633918261,4.011531834674617
2,1,null,176,3.4011973816621555,4.011531834674617
2,1,null,171,3.4011973816621555,4.011531834674617
2,1,null,32,3.4657359027997265,4.011531834674617
2,1,null,38,4.2626798770413155,4.011531834674617
2,1,null,22,4.110873864173311,4.011531834674617
2,1,null,29,3.295836866004329,4.011531834674617
2,1,null,89,4.189654742026425,4.011531834674617
2,1,null,98,5.220355825078324,4.011531834674617
2,1,null,119,4.189654742026425,4.011531834674617
2,1,null,134,3.8066624897703196,4.011531834674617
2,1,null,12,4.5217885770490405,4.011531834674617
2,1,null,162,3.5263605246161616,4.011531834674617
2,1,null,67,3.258096538021482,4.011531834674617
2,1,null,108,2.3978952727983707,4.011531834674617
2,1,null,84,3.091042453358316,4.011531834674617
2,1,null,203,3.044522437723423,4.011531834674617
2,1,null,192,6.003887067106539,4.011531834674617
2,1,null,30,5.6131281063880705,4.011531834674617
2,1,null,206,3.9512437185814275,4.011531834674617
2,1,null,161,3.1780538303479458,4.011531834674617
2,1,null,113,3.5263605246161616,4.011531834674617
2,1,null,177,3.4657359027997265,4.011531834674617
2,1,null,25,4.23410650459726,4.011531834674617
2,1,null,201,2.6390573296152584,4.011531834674617
2,1,null,48,3.6888794541139363,4.011531834674617
2,1,null,102,1.9459101490553132,4.011531834674617
2,1,null,174,3.912023005428146,4.011531834674617
2,1,null,41,3.6888794541139363,4.011531834674617
2,1,null,88,4.897839799950911,4.011531834674617
2,1,null,178,3.6375861597263857,4.011531834674617
2,1,null,40,3.58351893845611,4.011531834674617
2,1,null,99,1.791759469228055,4.011531834674617
2,1,null,156,6.234410725718371,4.011531834674617
2,1,null,35,5.337538079701318,4.011531834674617
2,1,null,193,4.248495242049359,4.011531834674617
2,1,null,104,2.772588722239781,4.011531834674617
2,1,null,75,3.912023005428146,4.011531834674617
2,1,null,122,2.4849066497880004,4.011531834674617
2,1,null,179,4.0943445622221,4.011531834674617
2,1,null,135,3.9889840465642745,4.011531834674617
2,1,null,165,3.9318256327243257,4.011531834674617
2,1,null,188,4.727387818712341,4.011531834674617
2,1,null,182,2.3978952727983707,4.011531834674617
2,1,null,145,4.30406509320417,4.011531834674617
2,1,null,137,3.4011973816621555,4.011531834674617
2,1,null,109,2.8903717578961645,4.011531834674617
2,1,null,149,4.653960350157523,4.011531834674617
2,1,null,126,3.8066624897703196,4.011531834674617
2,1,null,198,6.818924065275521,4.011531834674617
2,1,null,70,4.127134385045092,4.011531834674617
2,1,null,37,3.367295829986474,4.011531834674617
2,1,null,172,3.713572066704308,4.011531834674617
2,1,null,54,3.258096538021482,4.011531834674617
2,1,null,208,3.8066624897703196,4.011531834674617
2,1,null,62,3.58351893845611,4.011531834674617
2,1,null,91,5.241747015059643,4.011531834674617
2,1,null,169,5.356586274672012,4.011531834674617
2,1,null,181,1.791759469228055,4.011531834674617
2,1,null,13,4.927253685157205,4.011531834674617
2,1,null,66,2.833213344056216,4.011531834674617
2,1,null,204,3.7376696182833684,4.011531834674617
2,1,null,43,4.0943445622221,4.011531834674617
2,1,null,23,4.330733340286331,4.011531834674617
2,1,null,158,2.4849066497880004,4.011531834674617
2,1,null,136,4.174387269895637,4.011531834674617
2,1,null,31,5.908082938168931,4.011531834674617
2,1,null,95,6.142037405587356,4.011531834674617
2,1,null,78,3.58351893845611,4.011531834674617
2,1,null,92,3.091042453358316,4.011531834674617
2,1,null,175,3.912023005428146,4.011531834674617
2,1,null,85,3.367295829986474,4.011531834674617
2,1,null,93,4.882801922586371,4.011531834674617
2,1,null,186,4.867534450455582,4.011531834674617
2,1,null,7,6.192362489474872,4.011531834674617
2,1,null,155,5.786897381366708,4.011531834674617
2,1,null,1,5.594711379601839,4.011531834674617
2,1,knn,189,5.236441962829949,5.005685429870491
2,1,knn,3,5.147494476813453,5.511393608036291
2,1,knn,52,4.927253685157205,4.189604930638991
2,1,knn,16,2.9444389791664403,3.5976123249007244
2,1,knn,65,5.556828061699537,4.879914045703775
2,1,knn,152,5.91350300563827,5.489357067757528
2,1,knn,167,4.605170185988092,4.880737760237896
2,1,knn,125,3.295836866004329,3.3542779648909455
2,1,knn,142,3.912023005428146,3.4659979607775804
2,1,knn,199,7.047517221357296,5.457125574849912
2,1,knn,117,3.1780538303479458,3.157926773672777
2,1,knn,87,3.5553480614894135,3.671899012449142
2,1,knn,33,4.143134726391533,4.387354919190293
2,1,knn,47,2.995732273553991,2.841296351248632
2,1,knn,128,4.248495242049359,4.149119775222241
2,1,knn,72,3.091042453358316,3.530772833078122
2,1,knn,153,6.234410725718371,5.789496526960111
2,1,knn,127,4.02535169073515,3.461963842596691
2,1,knn,18,3.4339872044851463,3.4415856995651954
2,1,knn,82,3.6375861597263857,4.146232828981587
2,1,knn,21,3.4965075614664802,3.622550768772655
2,1,knn,27,3.295836866004329,3.137633272377744
2,1,knn,121,4.890349128221754,4.498262273354673
2,1,knn,123,2.8903717578961645,2.9109709565241704
2,1,knn,187,4.31748811353631,4.062502825965192
2,1,knn,10,3.6375861597263857,3.4086971121746394
2,1,knn,36,2.995732273553991,3.133213557435981
2,1,knn,9,7.042286171939743,5.955970351637511
2,1,knn,74,3.784189633918261,3.517881095768464
2,1,knn,176,3.4011973816621555,2.9981943371785587
2,1,knn,171,3.4011973816621555,2.9982186839567038
2,1,knn,32,3.4657359027997265,4.387354919190293
2,1,knn,38,4.2626798770413155,3.4619678050398948
2,1,knn,22,4.110873864173311,3.792127993436363
2,1,knn,29,3.295836866004329,3.5767435119680364
2,1,knn,89,4.189654742026425,4.433340648816534
2,1,knn,98,5.220355825078324,4.934184534411457
2,1,knn,119,4.189654742026425,4.046286420297028
2,1,knn,134,3.8066624897703196,4.138281364449703
2,1,knn,12,4.5217885770490405,4.254797604641796
2,1,knn,162,3.5263605246161616,3.63829977217875
2,1,knn,67,3.258096538021482,2.7092026351231886
2,1,knn,108,2.3978952727983707,2.9971348840202237
2,1,knn,84,3.091042453358316,3.4148532818373827
2,1,knn,203,3.044522437723423,2.9981904335657266
2,1,knn,192,6.003887067106539,5.461878307098719
2,1,knn,30,5.6131281063880705,4.79246831881437
2,1,knn,206,3.9512437185814275,3.6132531190166914
2,1,knn,161,3.1780538303479458,3.246186397337926
2,1,knn,113,3.5263605246161616,3.5117954662238007
2,1,knn,177,3.4657359027997265,2.7703307094410627
2,1,knn,25,4.23410650459726,3.1760669252127705
2,1,knn,201,2.6390573296152584,2.9981904335657266
2,1,knn,48,3.6888794541139363,3.6643728813608822
2,1,knn,102,1.9459101490553132,2.910957409690913
2,1,knn,174,3.912023005428146,3.199645303032805
2,1,knn,41,3.6888794541139363,4.149071043171523
2,1,knn,88,4.897839799950911,4.7245726831410435
2,1,knn,178,3.6375861597263857,3.7708558261213656
2,1,knn,40,3.58351893845611,3.4062166727521634
2,1,knn,99,1.791759469228055,3.0004732025843777
2,1,knn,156,6.234410725718371,5.457945377048545
2,1,knn,35,5.337538079701318,5.203245021887207
2,1,knn,193,4.248495242049359,3.823043592271237
2,1,knn,104,2.772588722239781,3.186217088309176
2,1,knn,75,3.912023005428146,3.963313886694308
2,1,knn,122,2.4849066497880004,2.9109693258524865
2,1,knn,179,4.0943445622221,3.9490577386753203
2,1,knn,135,3.9889840465642745,4.255109299146271
2,1,knn,165,3.9318256327243257,4.496399318439892
2,1,knn,188,4.727387818712341,4.4038339385988
2,1,knn,182,2.3978952727983707,2.9982262936050508
2,1,knn,145,4.30406509320417,4.608296816537915
2,1,knn,137,3.4011973816621555,3.8956735608548145
2,1,knn,109,2.8903717578961645,2.9971817762327766
2,1,knn,149,4.653960350157523,3.678084687375291
2,1,knn,126,3.8066624897703196,3.342393481078536
2,1,knn,198,6.818924065275521,5.690446536343733
2,1,knn,70,4.127134385045092,3.5779260756421674
2,1,knn,37,3.367295829986474,3.133252529728929
2,1,knn,172,3.713572066704308,3.999950450794992
2,1,knn,54,3.258096538021482,3.5847550919923457
2,1,knn,208,3.8066624897703196,3.4087212962447544
2,1,knn,62,3.58351893845611,3.468737593282373
2,1,knn,91,5.241747015059643,4.715351896261539
2,1,knn,169,5.356586274672012,4.892147954949676
2,1,knn,181,1.791759469228055,2.998226883636493
2,1,knn,13,4.927253685157205,4.608282118414701
2,1,knn,66,2.833213344056216,2.7091997757467374
2,1,knn,204,3.7376696182833684,3.7343440600510354
2,1,knn,43,4.0943445622221,4.14906973913045
2,1,knn,23,4.330733340286331,3.7921419097949305
2,1,knn,158,2.4849066497880004,3.007486868013331
2,1,knn,136,4.174387269895637,4.255109299146271
2,1,knn,31,5.908082938168931,4.79246831881437
2,1,knn,95,6.142037405587356,5.789546232753161
2,1,knn,78,3.58351893845611,3.4647513623105644
2,1,knn,92,3.091042453358316,3.671899012449142
2,1,knn,175,3.912023005428146,4.203714020728457
2,1,knn,85,3.367295829986474,3.4404550004679497
2,1,knn,93,4.882801922586371,4.06252726702385
2,1,knn,186,4.867534450455582,4.46813627923509
2,1,knn,7,6.192362489474872,5.789555225824307
2,1,knn,155,5.786897381366708,5.489357345929317
2,1,knn,1,5.594711379601839,5.511393608036291
2,1,edited,189,5.236441962829949,5.018052174803173
2,1,edited,3,5.147494476813453,5.498754274563897
2,1,edited,52,4.927253685157205,4.2293368550139725
2,1,edited,16,2.9444389791664403,3.5978638419507036
2,1,edited,65,5.556828061699537,4.892959898172658
2,1,edited,152,5.91350300563827,5.545315360618478
2,1,edited,167,4.605170185988092,4.8999986143860825
2,1,edited,125,3.295836866004329,3.3492265669082686
2,1,edited,142,3.912023005428146,3.5300355936069945
2,1,edited,199,7.047517221357296,5.504738450529187
2,1,edited,117,3.1780538303479458,3.1647822722851426
2,1,edited,87,3.5553480614894135,3.650461540305982
2,1,edited,33,4.143134726391533,4.38298428681677
2,1,edited,47,2.995732273553991,2.8431038996183253
2,1,edited,128,4.248495242049359,4.171845651640503
2,1,edited,72,3.091042453358316,3.5314913628242244
2,1,edited,153,6.234410725718371,5.884119647778006
2,1,edited,127,4.02535169073515,3.6759957649427593
2,1,edited,18,3.4339872044851463,3.446068809975814
2,1,edited,82,3.6375861597263857,4.1364465470603005
2,1,edited,21,3.4965075614664802,3.6207198761297787
2,1,edited,27,3.295836866004329,2.8281585226074304
2,1,edited,121,4.890349128221754,4.500032193463473
2,1,edited,123,2.8903717578961645,2.8469998510719727
2,1,edited,187,4.31748811353631,4.086443695283587
2,1,edited,10,3.6375861597263857,2.902370181052562
2,1,edited,36,2.995732273553991,3.2073108411406768
2,1,edited,9,7.042286171939743,6.193077170811102
2,1,edited,74,3.784189633918261,3.5324937947606774
2,1,edited,176,3.4011973816621555,2.9795023811305064
2,1,edited,171,3.4011973816621555,2.999851590904559
2,1,edited,32,3.4657359027997265,4.38298428681677
2,1,edited,38,4.2626798770413155,3.6788188900675247
2,1,edited,22,4.110873864173311,3.6702716477960378
2,1,edited,29,3.295836866004329,2.8582375354999456
2,1,edited,89,4.189654742026425,4.2321369619319675
2,1,edited,98,5.220355825078324,4.9731814982614315
2,1,edited,119,4.189654742026425,3.9271544728290873
2,1,edited,134,3.8066624897703196,4.137060758662523
2,1,edited,12,4.5217885770490405,4.241971995114445
2,1,edited,162,3.5263605246161616,3.63366655781273
2,1,edited,67,3.258096538021482,2.929894357778779
2,1,edited,108,2.3978952727983707,2.9496604724003244
2,1,edited,84,3.091042453358316,3.049209086884082
2,1,edited,203,3.044522437723423,2.9761955587972464
2,1,edited,192,6.003887067106539,5.49069557778647
2,1,edited,30,5.6131281063880705,4.8023180273601564
2,1,edited,206,3.9512437185814275,3.7538215367320285
2,1,edited,161,3.1780538303479458,3.4501459225731406
2,1,edited,113,3.5263605246161616,3.5295518427566637
2,1,edited,177,3.4657359027997265,2.995915810812678
2,1,edited,25,4.23410650459726,2.829144427033039
2,1,edited,201,2.6390573296152584,2.9761955587972464
2,1,edited,48,3.6888794541139363,3.364881063634617
2,1,edited,102,1.9459101490553132,2.8386686098699396
2,1,edited,174,3.912023005428146,2.9154360278592124
2,1,edited,41,3.6888794541139363,4.127088263894362
2,1,edited,88,4.897839799950911,4.760540241641703
2,1,edited,178,3.6375861597263857,3.775237567554849
2,1,edited,40,3.58351893845611,3.6087148097798134
2,1,edited,99,1.791759469228055,2.8680003136084924
2,1,edited,156,6.234410725718371,5.363971747171795
2,1,edited,35,5.337538079701318,5.098899186152892
2,1,edited,193,4.248495242049359,3.8205276862119253
2,1,edited,104,2.772588722239781,3.142539532319105
2,1,edited,75,3.912023005428146,3.8138710422372295
2,1,edited,122,2.4849066497880004,2.8458134818374594
2,1,edited,179,4.0943445622221,3.9596565135999793
2,1,edited,135,3.9889840465642745,4.254449191295591
2,1,edited,165,3.9318256327243257,4.593630663202055
2,1,edited,188,4.727387818712341,4.408040690635723
2,1,edited,182,2.3978952727983707,3.0060277674147664
2,1,edited,145,4.30406509320417,4.628539892065736
2,1,edited,137,3.4011973816621555,3.840037127073951
2,1,edited,109,2.8903717578961645,2.9892813857336873
2,1,edited,149,4.653960350157523,3.6831411235134093
2,1,edited,126,3.8066624897703196,3.435674254484536
2,1,edited,198,6.818924065275521,5.684101449364276
2,1,edited,70,4.127134385045092,3.5795623906080785
2,1,edited,37,3.367295829986474,3.30811386928255
2,1,edited,172,3.713572066704308,4.029582291699988
2,1,edited,54,3.258096538021482,3.587947334301173
2,1,edited,208,3.8066624897703196,2.9078170669158308
2,1,edited,62,3.58351893845611,3.4662114197919385
2,1,edited,91,5.241747015059643,4.997626250587645
2,1,edited,169,5.356586274672012,4.926962250435427
2,1,edited,181,1.791759469228055,3.006550447036274
2,1,edited,13,4.927253685157205,4.616408678332103
2,1,edited,66,2.833213344056216,2.9327870269891676
2,1,edited,204,3.7376696182833684,3.7954097256267807
2,1,edited,43,4.0943445622221,4.125631558937897
2,1,edited,23,4.330733340286331,3.6872333638298893
2,1,edited,158,2.4849066497880004,3.2240541206456563
2,1,edited,136,4.174387269895637,4.254449191295591
2,1,edited,31,5.908082938168931,4.8023180273601564
2,1,edited,95,6.142037405587356,5.912651020284121
2,1,edited,78,3.58351893845611,3.488351564547003
2,1,edited,92,3.091042453358316,3.650461540305982
2,1,edited,175,3.912023005428146,4.1184624694185565
2,1,edited,85,3.367295829986474,3.4521464877671897
2,1,edited,93,4.882801922586371,4.110756470184819
2,1,edited,186,4.867534450455582,4.460548348778073
2,1,edited,7,6.192362489474872,5.9103908425656
2,1,edited,155,5.786897381366708,5.545527311070147
2,1,edited,1,5.594711379601839,5.498754274563897
2,1,condensed,189,5.236441962829949,5.015787130398771
2,1,condensed,3,5.147494476813453,5.354244205634644
2,1,condensed,52,4.927253685157205,4.027493916797438
2,1,condensed,16,2.9444389791664403,3.374034959050833
2,1,condensed,65,5.556828061699537,4.944786581488373
2,1,condensed,152,5.91350300563827,5.317184045637599
2,1,condensed,167,4.605170185988092,4.946679678015695
2,1,condensed,125,3.295836866004329,3.2613431969824314
2,1,condensed,142,3.912023005428146,3.430156749754957
2,1,condensed,199,7.047517221357296,5.743296063294481
2,1,condensed,117,3.1780538303479458,2.971366694239048
2,1,condensed,87,3.5553480614894135,3.543004963665872
2,1,condensed,33,4.143134726391533,4.353802604308428
2,1,condensed,47,2.995732273553991,2.8031838815835073
2,1,condensed,128,4.248495242049359,4.239141030257001
2,1,condensed,72,3.091042453358316,3.5145806898593603
2,1,condensed,153,6.234410725718371,5.883876142974306
2,1,condensed,127,4.02535169073515,3.4289325121770013
2,1,condensed,18,3.4339872044851463,3.4494859132248927
2,1,condensed,82,3.6375861597263857,3.7475277565057032
2,1,condensed,21,3.4965075614664802,3.6578433392394256
2,1,condensed,27,3.295836866004329,3.283510977650813
2,1,condensed,121,4.890349128221754,4.6124792811790405
2,1,condensed,123,2.8903717578961645,2.9861694475414957
2,1,condensed,187,4.31748811353631,4.157274965020558
2,1,condensed,10,3.6375861597263857,3.527143194506796
2,1,condensed,36,2.995732273553991,2.938079879935071
2,1,condensed,9,7.042286171939743,6.361353276505541
2,1,condensed,74,3.784189633918261,3.5826361169810546
2,1,condensed,176,3.4011973816621555,2.8986307200349346
2,1,condensed,171,3.4011973816621555,2.95370820641144
2,1,condensed,32,3.4657359027997265,4.353802604308428
2,1,condensed,38,4.2626798770413155,3.4396763356045272
2,1,condensed,22,4.110873864173311,3.8590297787958128
2,1,condensed,29,3.295836866004329,3.752605295240279
2,1,condensed,89,4.189654742026425,4.191343603904534
2,1,condensed,98,5.220355825078324,5.001878455160625
2,1,condensed,119,4.189654742026425,3.891538487852568
2,1,condensed,134,3.8066624897703196,4.213335731727984
2,1,condensed,12,4.5217885770490405,4.26161741487465
2,1,condensed,162,3.5263605246161616,3.572863944834498
2,1,condensed,67,3.258096538021482,2.6593715668217532
2,1,condensed,108,2.3978952727983707,2.8459395762349406
2,1,condensed,84,3.091042453358316,3.4984337900019726
2,1,condensed,203,3.044522437723423,2.8923949382390046
2,1,condensed,192,6.003887067106539,5.390887000478133
2,1,condensed,30,5.6131281063880705,4.9315831440549065
2,1,condensed,206,3.9512437185814275,3.4121928877918917
2,1,condensed,161,3.1780538303479458,3.304184929991205
2,1,condensed,113,3.5263605246161616,3.4299102704822264
2,1,condensed,177,3.4657359027997265,2.6604818091810882
2,1,condensed,25,4.23410650459726,3.239729703450673
2,1,condensed,201,2.6390573296152584,2.8923949382390046
2,1,condensed,48,3.6888794541139363,3.8109154216210133
2,1,condensed,102,1.9459101490553132,2.9414216902005887
2,1,condensed,174,3.912023005428146,3.20252558462097
2,1,condensed,41,3.6888794541139363,4.181567084021068
2,1,condensed,88,4.897839799950911,4.765411290949859
2,1,condensed,178,3.6375861597263857,3.626136976982895
2,1,condensed,40,3.58351893845611,3.2916196979867367
2,1,condensed,99,1.791759469228055,3.049082456568865
2,1,condensed,156,6.234410725718371,5.056587597600151
2,1,condensed,35,5.337538079701318,4.880856838745445
2,1,condensed,193,4.248495242049359,3.9026184784623377
2,1,condensed,104,2.772588722239781,3.2959065944527834
2,1,condensed,75,3.912023005428146,4.006422177007908
2,1,condensed,122,2.4849066497880004,2.9815160964510885
2,1,condensed,179,4.0943445622221,3.878123500200331
2,1,condensed,135,3.9889840465642745,4.172757053769776
2,1,condensed,165,3.9318256327243257,4.723877388160562
2,1,condensed,188,4.727387818712341,4.429351317022555
2,1,condensed,182,2.3978952727983707,2.973614917392407
2,1,condensed,145,4.30406509320417,4.564616898038923
2,1,condensed,137,3.4011973816621555,3.702477319191433
2,1,condensed,109,2.8903717578961645,2.9767309012153067
2,1,condensed,149,4.653960350157523,3.545880123430774
2,1,condensed,126,3.8066624897703196,3.3216040456858824
2,1,condensed,198,6.818924065275521,5.85469220307187
2,1,condensed,70,4.127134385045092,3.61081284230661
2,1,condensed,37,3.367295829986474,3.006683976668038
2,1,condensed,172,3.713572066704308,4.06565241726115
2,1,condensed,54,3.258096538021482,3.57457684509366
2,1,condensed,208,3.8066624897703196,3.556299279876729
2,1,condensed,62,3.58351893845611,3.508914466666457
2,1,condensed,91,5.241747015059643,4.745994374085229
2,1,condensed,169,5.356586274672012,5.07956567554657
2,1,condensed,181,1.791759469228055,2.974048242379213
2,1,condensed,13,4.927253685157205,4.560780386951969
2,1,condensed,66,2.833213344056216,2.654133953761701
2,1,condensed,204,3.7376696182833684,3.430093710724825
2,1,condensed,43,4.0943445622221,4.185159033621388
2,1,condensed,23,4.330733340286331,3.9204447406805425
2,1,condensed,158,2.4849066497880004,2.845151754710754
2,1,condensed,136,4.174387269895637,4.172757053769776
2,1,condensed,31,5.908082938168931,4.9315831440549065
2,1,condensed,95,6.142037405587356,5.902454676150359
2,1,condensed,78,3.58351893845611,3.5359529005643595
2,1,condensed,92,3.091042453358316,3.543004963665872
2,1,condensed,175,3.912023005428146,4.039696455405159
2,1,condensed,85,3.367295829986474,3.427788627683322
2,1,condensed,93,4.882801922586371,4.358471047563466
2,1,condensed,186,4.867534450455582,4.412318506101387
2,1,condensed,7,6.192362489474872,5.904150436996839
2,1,condensed,155,5.786897381366708,5.317090791371107
2,1,condensed,1,5.594711379601839,5.354244205634644
2,2,null,144,4.454347296253507,4.062707546106225
2,2,null,148,4.962844630259907,4.062707546106225
2,2,null,133,3.4657359027997265,4.062707546106225
2,2,null,4,4.882801922586371,4.062707546106225
2,2,null,168,4.941642422609304,4.062707546106225
2,2,null,147,4.709530201312334,4.062707546106225
2,2,null,44,4.276666119016055,4.062707546106225
2,2,null,97,5.6240175061873385,4.062707546106225
2,2,null,79,4.430816798843313,4.062707546106225
2,2,null,194,4.736198448394496,4.062707546106225
2,2,null,77,3.970291913552122,4.062707546106225
2,2,null,207,4.204692619390966,4.062707546106225
2,2,null,20,3.4011973816621555,4.062707546106225
2,2,null,101,3.8066624897703196,4.062707546106225
2,2,null,15,3.5553480614894135,4.062707546106225
2,2,null,205,3.828641396489095,4.062707546106225
2,2,null,163,3.7376696182833684,4.062707546106225
2,2,null,53,3.58351893845611,4.062707546106225
2,2,null,49,4.127134385045092,4.062707546106225
2,2,null,173,3.2188758248682006,4.062707546106225
2,2,null,39,3.258096538021482,4.062707546106225
2,2,null,141,4.0943445622221,4.062707546106225
2,2,null,26,3.4965075614664802,4.062707546106225
2,2,null,80,2.772588722239781,4.062707546106225
2,2,null,130,4.912654885736052,4.062707546106225
2,2,null,61,3.091042453358316,4.062707546106225
2,2,null,45,4.276666119016055,4.062707546106225
2,2,null,114,3.912023005428146,4.062707546106225
2,2,null,185,4.060443010546419,4.062707546106225
2,2,null,112,3.6888794541139363,4.062707546106225
2,2,null,140,4.127134385045092,4.062707546106225
2,2,null,103,2.5649493574615367,4.062707546106225
2,2,null,55,4.0943445622221,4.062707546106225
2,2,null,154,5.365976015021851,4.062707546106225
2,2,null,28,4.343805421853684,4.062707546106225
2,2,null,81,3.6375861597263857,4.062707546106225
2,2,null,139,3.6888794541139363,4.062707546106225
2,2,null,183,3.091042453358316,4.062707546106225
2,2,null,166,4.7535901911063645,4.062707546106225
2,2,null,86,3.6888794541139363,4.062707546106225
2,2,null,131,2.772588722239781,4.062707546106225
2,2,null,191,5.5134287461649825,4.062707546106225
2,2,null,57,2.4849066497880004,4.062707546106225
2,2,null,2,5.393627546352362,4.062707546106225
2,2,null,118,3.8918202981106265,4.062707546106225
2,2,null,195,5.337538079701318,4.062707546106225
2,2,null,159,2.833213344056216,4.062707546106225
2,2,null,157,2.0794415416798357,4.062707546106225
2,2,null,94,5.4680601411351315,4.062707546106225
2,2,null,58,2.6390573296152584,4.062707546106225
2,2,null,51,3.1780538303479458,4.062707546106225
2,2,null,64,4.969813299576001,4.062707546106225
2,2,null,110,3.091042453358316,4.062707546106225
2,2,null,63,4.969813299576001,4.062707546106225
2,2,null,116,4.189654742026425,4.062707546106225
2,2,null,115,4.330733340286331,4.062707546106225
2,2,null,8,6.455198563340122,4.062707546106225
2,2,null,111,3.6109179126442243,4.062707546106225
2,2,null,164,3.828641396489095,4.062707546106225
2,2,null,46,2.8903717578961645,4.062707546106225
2,2,null,96,6.142037405587356,4.062707546106225
2,2,null,6,5.905361848054571,4.062707546106225
2,2,null,0,5.288267030694535,4.062707546106225
2,2,null,50,3.1780538303479458,4.062707546106225
2,2,null,5,5.762051382780177,4.062707546106225
2,2,null,197,5.983936280687191,4.062707546106225
2,2,null,184,3.4965075614664802,4.062707546106225
2,2,null,143,4.189654742026425,4.062707546106225
2,2,null,105,3.4657359027997265,4.062707546106225
2,2,null,180,4.6913478822291435,4.062707546106225
2,2,null,200,2.4849066497880004,4.062707546106225
2,2,null,90,4.948759890378168,4.062707546106225
2,2,null,151,5.6240175061873385,4.062707546106225
2,2,null,71,4.1588830833596715,4.062707546106225
2,2,null,120,4.605170185988092,4.062707546106225
2,2,null,132,3.258096538021482,4.062707546106225
2,2,null,124,2.995732273553991,4.062707546106225
2,2,null,83,2.772588722239781,4.062707546106225
2,2,null,170,3.2188758248682006,4.062707546106225
2,2,null,190,5.153291594497779,4.062707546106225
2,2,null,42,3.9512437185814275,4.062707546106225
2,2,null,160,3.044522437723423,4.062707546106225
2,2,null,17,3.332204510175204,4.062707546106225
2,2,null,59,2.995732273553991,4.062707546106225
2,2,null,24,3.1354942159291497,4.062707546106225
2,2,null,138,3.912023005428146,4.062707546106225
2,2,null,11,3.6888794541139363,4.062707546106225
2,2,null,14,2.302585092994046,4.062707546106225
2,2,null,68,3.4657359027997265,4.062707546106225
2,2,null,202,2.8903717578961645,4.062707546106225
2,2,null,100,3.1780538303479458,4.062707546106225
2,2,null,56,4.2626798770413155,4.062707546106225
2,2,null,129,4.382026634673881,4.062707546106225
2,2,null,76,3.8066624897703196,4.062707546106225
2,2,null,196,5.726847747587197,4.062707546106225
2,2,null,19,4.787491742782046,4.062707546106225
2,2,null,34,4.663439094112067,4.062707546106225
2,2,null,107,2.3978952727983707,4.062707546106225
2,2,null,146,4.532599493153256,4.062707546106225
2,2,null,106,3.4657359027997265,4.062707546106225
2,2,null,150,5.365976015021851,4.062707546106225
2,2,null,60,2.772588722239781,4.062707546106225
2,2,null,69,3.4657359027997265,4.062707546106225
2,2,null,73,3.58351893845611,4.062707546106225
2,2,knn,144,4.454347296253507,4.248526098694754
2,2,knn,148,4.962844630259907,4.304080196707281
2,2,knn,133,3.4657359027997265,3.5844215738455745
2,2,knn,4,4.882801922586371,5.220355825061624
2,2,knn,168,4.941642422609304,5.556828061699398
2,2,knn,147,4.709530201312334,4.30406509320454
2,2,knn,44,4.276666119016055,3.9092746804849847
2,2,knn,97,5.6240175061873385,5.371102928207646
2,2,knn,79,4.430816798843313,4.096907668650629
2,2,knn,194,4.736198448394496,4.897839799949943
2,2,knn,77,3.970291913552122,3.90915024168006
2,2,knn,207,4.204692619390966,3.806655903797476
2,2,knn,20,3.4011973816621555,3.507757738558986
2,2,knn,101,3.8066624897703196,3.258097678438884
2,2,knn,15,3.5553480614894135,3.9120230054204463
2,2,knn,205,3.828641396489095,4.082185412698229
2,2,knn,163,3.7376696182833684,3.52636052459784
2,2,knn,53,3.58351893845611,3.297453913865605
2,2,knn,49,4.127134385045092,4.069006326910414
2,2,knn,173,3.2188758248682006,3.2160166104408265
2,2,knn,39,3.258096538021482,3.3336010336906035
2,2,knn,141,4.0943445622221,3.4425651631985636
2,2,knn,26,3.4965075614664802,3.2961141399389877
2,2,knn,80,2.772588722239781,3.1105678329611606
2,2,knn,130,4.912654885736052,4.605170185988097
2,2,knn,61,3.091042453358316,2.9957322735334198
2,2,knn,45,4.276666119016055,3.9293936744818527
2,2,knn,114,3.912023005428146,3.895212707187391
2,2,knn,185,4.060443010546419,4.081236148867899
2,2,knn,112,3.6888794541139363,3.5263605246151752
2,2,knn,140,4.127134385045092,3.4425651631985636
2,2,knn,103,2.5649493574615367,1.9459101490553132
2,2,knn,55,4.0943445622221,4.927253552263393
2,2,knn,154,5.365976015021851,5.259185218177197
2,2,knn,28,4.343805421853684,3.295836884683542
2,2,knn,81,3.6375861597263857,4.110873967121601
2,2,knn,139,3.6888794541139363,2.5815639141025164
2,2,knn,183,3.091042453358316,3.3667655451103697
2,2,knn,166,4.7535901911063645,3.9318256327243257
2,2,knn,86,3.6888794541139363,3.36729582981628
2,2,knn,131,2.772588722239781,3.737685721335137
2,2,knn,191,5.5134287461649825,5.852018855991025
2,2,knn,57,2.4849066497880004,2.9957322735334198
2,2,knn,2,5.393627546352362,5.371102928207646
2,2,knn,118,3.8918202981106265,4.173783652462466
2,2,knn,195,5.337538079701318,6.003887067106537
2,2,knn,159,2.833213344056216,2.881109211190082
2,2,knn,157,2.0794415416798357,2.4849066810527063
2,2,knn,94,5.4680601411351315,5.337538079657756
2,2,knn,58,2.6390573296152584,2.9957322735334198
2,2,knn,51,3.1780538303479458,2.7725920050963033
2,2,knn,64,4.969813299576001,4.885607601810621
2,2,knn,110,3.091042453358316,2.890371757827095
2,2,knn,63,4.969813299576001,4.19036462738559
2,2,knn,116,4.189654742026425,4.927253684246329
2,2,knn,115,4.330733340286331,4.927253678610861
2,2,knn,8,6.455198563340122,6.182868339946584
2,2,knn,111,3.6109179126442243,2.89035958541367
2,2,knn,164,3.828641396489095,3.873925631477565
2,2,knn,46,2.8903717578961645,2.4586224453554832
2,2,knn,96,6.142037405587356,6.145943950849812
2,2,knn,6,5.905361848054571,6.192362489474788
2,2,knn,0,5.288267030694535,5.356739137900002
2,2,knn,50,3.1780538303479458,2.995729327557361
2,2,knn,5,5.762051382780177,5.855408017296296
2,2,knn,197,5.983936280687191,6.003887067106539
2,2,knn,184,3.4965075614664802,4.653960341615395
2,2,knn,143,4.189654742026425,4.248491694598875
2,2,knn,105,3.4657359027997265,3.6375861622533914
2,2,knn,180,4.6913478822291435,4.094344562187496
2,2,knn,200,2.4849066497880004,2.842075981279176
2,2,knn,90,4.948759890378168,5.241747015059643
2,2,knn,151,5.6240175061873385,5.817669077364063
2,2,knn,71,4.1588830833596715,4.191525411871583
2,2,knn,120,4.605170185988092,4.882801906202653
2,2,knn,132,3.258096538021482,3.5290596076831595
2,2,knn,124,2.995732273553991,2.995730864654491
2,2,knn,83,2.772588722239781,4.231922239477485
2,2,knn,170,3.2188758248682006,3.3772103316674102
2,2,knn,190,5.153291594497779,5.371102898932269
2,2,knn,42,3.9512437185814275,4.081081321394151
2,2,knn,160,3.044522437723423,3.178329576106669
2,2,knn,17,3.332204510175204,3.583518927221522
2,2,knn,59,2.995732273553991,2.9957322735334198
2,2,knn,24,3.1354942159291497,3.2961065558358436
2,2,knn,138,3.912023005428146,4.038145531781966
2,2,knn,11,3.6888794541139363,3.637583969266006
2,2,knn,14,2.302585092994046,4.22030838979551
2,2,knn,68,3.4657359027997265,3.0911315331440505
2,2,knn,202,2.8903717578961645,2.842075981279176
2,2,knn,100,3.1780538303479458,3.3985059588635456
2,2,knn,56,4.2626798770413155,4.051745270188561
2,2,knn,129,4.382026634673881,4.248495242049359
2,2,knn,76,3.8066624897703196,3.252923504598904
2,2,knn,196,5.726847747587197,6.003887067106539
2,2,knn,19,4.787491742782046,5.76060530783297
2,2,knn,34,4.663439094112067,5.337538079701318
2,2,knn,107,2.3978952727983707,2.3978955664989448
2,2,knn,146,4.532599493153256,4.304065093204401
2,2,knn,106,3.4657359027997265,3.6397538705358
2,2,knn,150,5.365976015021851,5.220355825063132
2,2,knn,60,2.772588722239781,2.9957322735334198
2,2,knn,69,3.4657359027997265,3.932641235307238
2,2,knn,73,3.58351893845611,3.7841882919419296
2,2,edited,144,4.454347296253507,4.248526098694754
2,2,edited,148,4.962844630259907,4.304080196707281
2,2,edited,133,3.4657359027997265,3.5844215738455745
2,2,edited,4,4.882801922586371,5.220355825061624
2,2,edited,168,4.941642422609304,5.556828061699398
2,2,edited,147,4.709530201312334,4.30406509320454
2,2,edited,44,4.276666119016055,3.9092746804849847
2,2,edited,97,5.6240175061873385,5.371102928207646
2,2,edited,79,4.430816798843313,4.096907668650629
2,2,edited,194,4.736198448394496,4.897839799949943
2,2,edited,77,3.970291913552122,3.7049881082241733
2,2,edited,207,4.204692619390966,3.806655903797476
2,2,edited,20,3.4011973816621555,3.507757738558986
2,2,edited,101,3.8066624897703196,3.258097678438884
2,2,edited,15,3.5553480614894135,3.9120230054204463
2,2,edited,205,3.828641396489095,4.082185412698229
2,2,edited,163,3.7376696182833684,3.52636052459784
2,2,edited,53,3.58351893845611,3.297453913865605
2,2,edited,49,4.127134385045092,4.069006326910414
2,2,edited,173,3.2188758248682006,3.2160166104408265
2,2,edited,39,3.258096538021482,3.3336010336906035
2,2,edited,141,4.0943445622221,3.4425651631985636
2,2,edited,26,3.4965075614664802,3.2961141399389877
2,2,edited,80,2.772588722239781,3.1105678329611606
2,2,edited,130,4.912654885736052,4.605170185988097
2,2,edited,61,3.091042453358316,2.9957322735334198
2,2,edited,45,4.276666119016055,3.9293936744818527
2,2,edited,114,3.912023005428146,3.895212707187391
2,2,edited,185,4.060443010546419,4.081236148867899
2,2,edited,112,3.6888794541139363,3.5263605246151752
2,2,edited,140,4.127134385045092,3.4425651631985636
2,2,edited,103,2.5649493574615367,1.9459101490553132
2,2,edited,55,4.0943445622221,4.927253552263393
2,2,edited,154,5.365976015021851,4.8895289031752
2,2,edited,28,4.343805421853684,3.295836884683542
2,2,edited,81,3.6375861597263857,4.110873967121601
2,2,edited,139,3.6888794541139363,2.5815639141025164
2,2,edited,183,3.091042453358316,3.3667655451103697
2,2,edited,166,4.7535901911063645,3.9318256327243257
2,2,edited,86,3.6888794541139363,3.36729582981628
2,2,edited,131,2.772588722239781,3.737685721335137
2,2,edited,191,5.5134287461649825,5.852018855991025
2,2,edited,57,2.4849066497880004,2.9957322735334198
2,2,edited,2,5.393627546352362,5.371102928207646
2,2,edited,118,3.8918202981106265,4.173783652462466
2,2,edited,195,5.337538079701318,6.003887067106537
2,2,edited,159,2.833213344056216,2.881109211190082
2,2,edited,157,2.0794415416798357,2.4849066810527063
2,2,edited,94,5.4680601411351315,5.236441963152006
2,2,edited,58,2.6390573296152584,2.9957322735334198
2,2,edited,51,3.1780538303479458,2.9957322735499035
2,2,edited,64,4.969813299576001,4.885607601810621
2,2,edited,110,3.091042453358316,2.890371757827095
2,2,edited,63,4.969813299576001,4.19036462738559
2,2,edited,116,4.189654742026425,4.927253685120393
2,2,edited,115,4.330733340286331,4.927253685139687
2,2,edited,8,6.455198563340122,6.182868339946584
2,2,edited,111,3.6109179126442243,2.89035958541367
2,2,edited,164,3.828641396489095,3.873925631477565
2,2,edited,46,2.8903717578961645,2.4586224453554832
2,2,edited,96,6.142037405587356,6.145943950849812
2,2,edited,6,5.905361848054571,6.192362489474788
2,2,edited,0,5.288267030694535,5.356739137900002
2,2,edited,50,3.1780538303479458,2.995732273553991
2,2,edited,5,5.762051382780177,5.855408017296296
2,2,edited,197,5.983936280687191,6.003887067106539
2,2,edited,184,3.4965075614664802,4.653960341615395
2,2,edited,143,4.189654742026425,4.248491694598875
2,2,edited,105,3.4657359027997265,3.6375861622533914
2,2,edited,180,4.6913478822291435,4.094344562187496
2,2,edited,200,2.4849066497880004,2.842075981279176
2,2,edited,90,4.948759890378168,5.241747015059643
2,2,edited,151,5.6240175061873385,5.817669077364063
2,2,edited,71,4.1588830833596715,4.191525411871583
2,2,edited,120,4.605170185988092,4.882801906202653
2,2,edited,132,3.258096538021482,3.5290596076831595
2,2,edited,124,2.995732273553991,2.995730864654491
2,2,edited,83,2.772588722239781,4.231922239477485
2,2,edited,170,3.2188758248682006,3.3772103316674102
2,2,edited,190,5.153291594497779,5.371102898932269
2,2,edited,42,3.9512437185814275,4.081081321394151
2,2,edited,160,3.044522437723423,3.178329576106669
2,2,edited,17,3.332204510175204,3.583518927221522
2,2,edited,59,2.995732273553991,2.9957322735334198
2,2,edited,24,3.1354942159291497,3.2961065558358436
2,2,edited,138,3.912023005428146,4.038145531781966
2,2,edited,11,3.6888794541139363,3.637583969266006
2,2,edited,14,2.302585092994046,4.22030838979551
2,2,edited,68,3.4657359027997265,3.0911315331440505
2,2,edited,202,2.8903717578961645,2.842075981279176
2,2,edited,100,3.1780538303479458,3.3985059588635456
2,2,edited,56,4.2626798770413155,4.051745270188561
2,2,edited,129,4.382026634673881,4.248495242049359
2,2,edited,76,3.8066624897703196,3.252923504598904
2,2,edited,196,5.726847747587197,6.003887067106539
2,2,edited,19,4.787491742782046,5.76060530783297
2,2,edited,34,4.663439094112067,3.8051693892269105
2,2,edited,107,2.3978952727983707,2.3978955664989448
2,2,edited,146,4.532599493153256,4.304065093204401
2,2,edited,106,3.4657359027997265,3.6397538705358
2,2,edited,150,5.365976015021851,5.220355825063132
2,2,edited,60,2.772588722239781,2.9957322735334198
2,2,edited,69,3.4657359027997265,3.932641235307238
2,2,edited,73,3.58351893845611,3.7841882919419296
2,2,condensed,144,4.454347296253507,4.248495242049595
2,2,condensed,148,4.962844630259907,4.30407978760362
2,2,condensed,133,3.4657359027997265,3.5844215738455745
2,2,condensed,4,4.882801922586371,5.220355825061734
2,2,condensed,168,4.941642422609304,5.556828061699398
2,2,condensed,147,4.709530201312334,4.304065093204533
2,2,condensed,44,4.276666119016055,3.9092746804849847
2,2,condensed,97,5.6240175061873385,5.371102928207646
2,2,condensed,79,4.430816798843313,4.096907668650629
2,2,condensed,194,4.736198448394496,4.897839799950373
2,2,condensed,77,3.970291913552122,3.90915024168006
2,2,condensed,207,4.204692619390966,3.806655903797476
2,2,condensed,20,3.4011973816621555,3.507771364280564
2,2,condensed,101,3.8066624897703196,3.258097678438884
2,2,condensed,15,3.5553480614894135,3.9120230054204463
2,2,condensed,205,3.828641396489095,4.082185412698229
2,2,condensed,163,3.7376696182833684,3.52636052459784
2,2,condensed,53,3.58351893845611,3.297453913865605
2,2,condensed,49,4.127134385045092,4.069006326910414
2,2,condensed,173,3.2188758248682006,3.214820485259876
2,2,condensed,39,3.258096538021482,3.3336010336906035
2,2,condensed,141,4.0943445622221,3.4425651631985636
2,2,condensed,26,3.4965075614664802,3.6887247932440927
2,2,condensed,80,2.772588722239781,3.1105678329611606
2,2,condensed,130,4.912654885736052,4.605170185988097
2,2,condensed,61,3.091042453358316,2.9957322735334198
2,2,condensed,45,4.276666119016055,3.9293936744818527
2,2,condensed,114,3.912023005428146,3.895212707187391
2,2,condensed,185,4.060443010546419,4.081236148867899
2,2,condensed,112,3.6888794541139363,3.526360524615175
2,2,condensed,140,4.127134385045092,3.4425651631985636
2,2,condensed,103,2.5649493574615367,1.9459101490553132
2,2,condensed,55,4.0943445622221,4.927253552263393
2,2,condensed,154,5.365976015021851,5.259185218177197
2,2,condensed,28,4.343805421853684,3.2988860565811087
2,2,condensed,81,3.6375861597263857,4.189654742026425
2,2,condensed,139,3.6888794541139363,2.5815639141025164
2,2,condensed,183,3.091042453358316,3.295875613925952
2,2,condensed,166,4.7535901911063645,3.9318256327243257
2,2,condensed,86,3.6888794541139363,3.3163016025035423
2,2,condensed,131,2.772588722239781,3.737685721335137
2,2,condensed,191,5.5134287461649825,5.786897381366708
2,2,condensed,57,2.4849066497880004,2.9957322735334198
2,2,condensed,2,5.393627546352362,5.371102928207646
2,2,condensed,118,3.8918202981106265,4.173783652462466
2,2,condensed,195,5.337538079701318,6.003887067106537
2,2,condensed,159,2.833213344056216,2.881109211190082
2,2,condensed,157,2.0794415416798357,2.4849066810527063
2,2,condensed,94,5.4680601411351315,5.337538079657756
2,2,condensed,58,2.6390573296152584,2.9957322735334198
2,2,condensed,51,3.1780538303479458,2.7725920050963033
2,2,condensed,64,4.969813299576001,4.885607601810621
2,2,condensed,110,3.091042453358316,2.890371757827095
2,2,condensed,63,4.969813299576001,4.190364619406156
2,2,condensed,116,4.189654742026425,4.927253684246329
2,2,condensed,115,4.330733340286331,4.927253678610861
2,2,condensed,8,6.455198563340122,6.234410725718371
2,2,condensed,111,3.6109179126442243,2.89035958541367
2,2,condensed,164,3.828641396489095,3.873925631477565
2,2,condensed,46,2.8903717578961645,2.4586224453554832
2,2,condensed,96,6.142037405587356,5.786897335506151
2,2,condensed,6,5.905361848054571,6.234410725718371
2,2,condensed,0,5.288267030694535,5.356739137900002
2,2,condensed,50,3.1780538303479458,2.995729327557361
2,2,condensed,5,5.762051382780177,5.786897381366708
2,2,condensed,197,5.983936280687191,6.003887067106539
2,2,condensed,184,3.4965075614664802,4.653960341615395
2,2,condensed,143,4.189654742026425,4.248491694598875
2,2,condensed,105,3.4657359027997265,3.6375861622533914
2,2,condensed,180,4.6913478822291435,4.094344562192252
2,2,condensed,200,2.4849066497880004,2.842075981279176
2,2,condensed,90,4.948759890378168,5.241747015059643
2,2,condensed,151,5.6240175061873385,5.786897381366708
2,2,condensed,71,4.1588830833596715,4.1895743703422355
2,2,condensed,120,4.605170185988092,4.882801906202653
2,2,condensed,132,3.258096538021482,3.5290596076831595
2,2,condensed,124,2.995732273553991,2.995730864654491
2,2,condensed,83,2.772588722239781,4.231922239477485
2,2,condensed,170,3.2188758248682006,3.3772103316674102
2,2,condensed,190,5.153291594497779,5.371102898932269
2,2,condensed,42,3.9512437185814275,4.081081321394151
2,2,condensed,160,3.044522437723423,3.178329576106669
2,2,condensed,17,3.332204510175204,3.583518927221522
2,2,condensed,59,2.995732273553991,2.9957322735334198
2,2,condensed,24,3.1354942159291497,3.68880607354352
2,2,condensed,138,3.912023005428146,4.038145531781966
2,2,condensed,11,3.6888794541139363,3.6375854704601682
2,2,condensed,14,2.302585092994046,4.22030838979551
2,2,condensed,68,3.4657359027997265,4.1220591442809065
2,2,condensed,202,2.8903717578961645,2.842075981279176
2,2,condensed,100,3.1780538303479458,3.3985059588635456
2,2,condensed,56,4.2626798770413155,4.051745270188561
2,2,condensed,129,4.382026634673881,4.248495242049359
2,2,condensed,76,3.8066624897703196,3.4039395366958725
2,2,condensed,196,5.726847747587197,6.003887067106539
2,2,condensed,19,4.787491742782046,5.76060530783297
2,2,condensed,34,4.663439094112067,5.337538079701318
2,2,condensed,107,2.3978952727983707,2.3978955664989448
2,2,condensed,146,4.532599493153256,4.3040650932044
2,2,condensed,106,3.4657359027997265,3.6397538705358
2,2,condensed,150,5.365976015021851,5.220355825063326
2,2,condensed,60,2.772588722239781,2.9957322735334198
2,2,condensed,69,3.4657359027997265,3.932641235307238
2,2,condensed,73,3.58351893845611,3.7841882919419296
3,1,null,60,2.772588722239781,3.958692154159771
3,1,null,113,3.5263605246161616,3.958692154159771
3,1,null,104,2.772588722239781,3.958692154159771
3,1,null,115,4.330733340286331,3.958692154159771
3,1,null,135,3.9889840465642745,3.958692154159771
3,1,null,129,4.382026634673881,3.958692154159771
3,1,null,98,5.220355825078324,3.958692154159771
3,1,null,194,4.736198448394496,3.958692154159771
3,1,null,152,5.91350300563827,3.958692154159771
3,1,null,9,7.042286171939743,3.958692154159771
3,1,null,151,5.6240175061873385,3.958692154159771
3,1,null,81,3.6375861597263857,3.958692154159771
3,1,null,22,4.110873864173311,3.958692154159771
3,1,null,70,4.127134385045092,3.958692154159771
3,1,null,15,3.5553480614894135,3.958692154159771
3,1,null,138,3.912023005428146,3.958692154159771
3,1,null,46,2.8903717578961645,3.958692154159771
3,1,null,107,2.3978952727983707,3.958692154159771
3,1,null,77,3.970291913552122,3.958692154159771
3,1,null,27,3.295836866004329,3.958692154159771
3,1,null,146,4.532599493153256,3.958692154159771
3,1,null,161,3.1780538303479458,3.958692154159771
3,1,null,56,4.2626798770413155,3.958692154159771
3,1,null,192,6.003887067106539,3.958692154159771
3,1,null,205,3.828641396489095,3.958692154159771
3,1,null,197,5.983936280687191,3.958692154159771
3,1,null,156,6.234410725718371,3.958692154159771
3,1,null,112,3.6888794541139363,3.958692154159771
3,1,null,53,3.58351893845611,3.958692154159771
3,1,null,168,4.941642422609304,3.958692154159771
3,1,null,3,5.147494476813453,3.958692154159771
3,1,null,38,4.2626798770413155,3.958692154159771
3,1,null,66,2.833213344056216,3.958692154159771
3,1,null,80,2.772588722239781,3.958692154159771
3,1,null,95,6.142037405587356,3.958692154159771
3,1,null,187,4.31748811353631,3.958692154159771
3,1,null,57,2.4849066497880004,3.958692154159771
3,1,null,89,4.189654742026425,3.958692154159771
3,1,null,0,5.288267030694535,3.958692154159771
3,1,null,133,3.4657359027997265,3.958692154159771
3,1,null,19,4.787491742782046,3.958692154159771
3,1,null,145,4.30406509320417,3.958692154159771
3,1,null,62,3.58351893845611,3.958692154159771
3,1,null,50,3.1780538303479458,3.958692154159771
3,1,null,90,4.948759890378168,3.958692154159771
3,1,null,200,2.4849066497880004,3.958692154159771
3,1,null,1,5.594711379601839,3.958692154159771
3,1,null,72,3.091042453358316,3.958692154159771
3,1,null,108,2.3978952727983707,3.958692154159771
3,1,null,148,4.962844630259907,3.958692154159771
3,1,null,82,3.6375861597263857,3.958692154159771
3,1,null,68,3.4657359027997265,3.958692154159771
3,1,null,166,4.7535901911063645,3.958692154159771
3,1,null,169,5.356586274672012,3.958692154159771
3,1,null,114,3.912023005428146,3.958692154159771
3,1,null,155,5.786897381366708,3.958692154159771
3,1,null,31,5.908082938168931,3.958692154159771
3,1,null,130,4.912654885736052,3.958692154159771
3,1,null,33,4.143134726391533,3.958692154159771
3,1,null,160,3.044522437723423,3.958692154159771
3,1,null,183,3.091042453358316,3.958692154159771
3,1,null,39,3.258096538021482,3.958692154159771
3,1,null,184,3.4965075614664802,3.958692154159771
3,1,null,154,5.365976015021851,3.958692154159771
3,1,null,10,3.6375861597263857,3.958692154159771
3,1,null,198,6.818924065275521,3.958692154159771
3,1,null,43,4.0943445622221,3.958692154159771
3,1,null,5,5.762051382780177,3.958692154159771
3,1,null,142,3.912023005428146,3.958692154159771
3,1,null,32,3.4657359027997265,3.958692154159771
3,1,null,49,4.127134385045092,3.958692154159771
3,1,null,63,4.969813299576001,3.958692154159771
3,1,null,162,3.5263605246161616,3.958692154159771
3,1,null,185,4.060443010546419,3.958692154159771
3,1,null,125,3.295836866004329,3.958692154159771
3,1,null,167,4.605170185988092,3.958692154159771
3,1,null,24,3.1354942159291497,3.958692154159771
3,1,null,153,6.234410725718371,3.958692154159771
3,1,null,42,3.9512437185814275,3.958692154159771
3,1,null,99,1.791759469228055,3.958692154159771
3,1,null,58,2.6390573296152584,3.958692154159771
3,1,null,37,3.367295829986474,3.958692154159771
3,1,null,118,3.8918202981106265,3.958692154159771
3,1,null,101,3.8066624897703196,3.958692154159771
3,1,null,26,3.4965075614664802,3.958692154159771
3,1,null,87,3.5553480614894135,3.958692154159771
3,1,null,178,3.6375861597263857,3.958692154159771
3,1,null,4,4.882801922586371,3.958692154159771
3,1,null,17,3.332204510175204,3.958692154159771
3,1,null,67,3.258096538021482,3.958692154159771
3,1,null,110,3.091042453358316,3.958692154159771
3,1,null,69,3.4657359027997265,3.958692154159771
3,1,null,97,5.6240175061873385,3.958692154159771
3,1,null,196,5.726847747587197,3.958692154159771
3,1,null,195,5.337538079701318,3.958692154159771
3,1,null,44,4.276666119016055,3.958692154159771
3,1,null,84,3.091042453358316,3.958692154159771
3,1,null,149,4.653960350157523,3.958692154159771
3,1,null,79,4.430816798843313,3.958692154159771
3,1,null,117,3.1780538303479458,3.958692154159771
3,1,null,16,2.9444389791664403,3.958692154159771
3,1,null,47,2.995732273553991,3.958692154159771
3,1,null,163,3.7376696182833684,3.958692154159771
3,1,null,121,4.890349128221754,3.958692154159771
3,1,null,103,2.5649493574615367,3.958692154159771
3,1,knn,60,2.772588722239781,3.043174995521951
3,1,knn,113,3.5263605246161616,3.5681850017847836
3,1,knn,104,2.772588722239781,3.3110492207163174
3,1,knn,115,4.330733340286331,4.216918690741315
3,1,knn,135,3.9889840465642745,4.175171639495054
3,1,knn,129,4.382026634673881,4.252462977977959
3,1,knn,98,5.220355825078324,5.206341325372892
3,1,knn,194,4.736198448394496,4.756249660471836
3,1,knn,152,5.91350300563827,5.476758633737751
3,1,knn,9,7.042286171939743,6.4512278507955685
3,1,knn,151,5.6240175061873385,5.476697223283236
3,1,knn,81,3.6375861597263857,4.241457067627011
3,1,knn,22,4.110873864173311,4.330631556721079
3,1,knn,70,4.127134385045092,3.779368659108726
3,1,knn,15,3.5553480614894135,3.819340903353389
3,1,knn,138,3.912023005428146,3.822279187571685
3,1,knn,46,2.8903717578961645,3.0137348561302284
3,1,knn,107,2.3978952727983707,2.9234725549046283
3,1,knn,77,3.970291913552122,3.854353770526111
3,1,knn,27,3.295836866004329,3.73340959637152
3,1,knn,146,4.532599493153256,4.7095960189894805
3,1,knn,161,3.1780538303479458,3.688521724375774
3,1,knn,56,4.2626798770413155,3.6449273110578457
3,1,knn,192,6.003887067106539,5.743462120702959
3,1,knn,205,3.828641396489095,3.7231565299929303
3,1,knn,197,5.983936280687191,4.588024290240593
3,1,knn,156,6.234410725718371,5.94905066931648
3,1,knn,112,3.6888794541139363,3.5681850017847836
3,1,knn,53,3.58351893845611,3.180056043638315
3,1,knn,168,4.941642422609304,5.556677669691654
3,1,knn,3,5.147494476813453,5.393600841843209
3,1,knn,38,4.2626798770413155,3.983078775605125
3,1,knn,66,2.833213344056216,3.3006397319643646
3,1,knn,80,2.772588722239781,3.4182217813528757
3,1,knn,95,6.142037405587356,6.048862185983653
3,1,knn,187,4.31748811353631,4.708958001206689
3,1,knn,57,2.4849066497880004,3.043174995521951
3,1,knn,89,4.189654742026425,4.171878717745555
3,1,knn,0,5.288267030694535,5.6130405485690815
3,1,knn,133,3.4657359027997265,3.376827200508967
3,1,knn,19,4.787491742782046,5.602575781088043
3,1,knn,145,4.30406509320417,4.70889160136355
3,1,knn,62,3.58351893845611,3.5561818594540546
3,1,knn,50,3.1780538303479458,3.0581618423326757
3,1,knn,90,4.948759890378168,5.241746521125692
3,1,knn,200,2.4849066497880004,2.9602631685685923
3,1,knn,1,5.594711379601839,5.393600841843209
3,1,knn,72,3.091042453358316,3.554944007800801
3,1,knn,108,2.3978952727983707,2.918407268479428
3,1,knn,148,4.962844630259907,4.724374145838574
3,1,knn,82,3.6375861597263857,3.405332251175566
3,1,knn,68,3.4657359027997265,3.567947359497445
3,1,knn,166,4.7535901911063645,3.9318265240661088
3,1,knn,169,5.356586274672012,5.613036639212918
3,1,knn,114,3.912023005428146,3.7306769605416044
3,1,knn,155,5.786897381366708,5.476723447263937
3,1,knn,31,5.908082938168931,5.613128106387905
3,1,knn,130,4.912654885736052,4.692304121382775
3,1,knn,33,4.143134726391533,4.452831011433209
3,1,knn,160,3.044522437723423,3.4834933701023996
3,1,knn,183,3.091042453358316,3.605304969907624
3,1,knn,39,3.258096538021482,3.529414847552076
3,1,knn,184,3.4965075614664802,3.699050342832315
3,1,knn,154,5.365976015021851,4.826278368298865
3,1,knn,10,3.6375861597263857,3.44036777967763
3,1,knn,198,6.818924065275521,7.047517221357296
3,1,knn,43,4.0943445622221,3.7054184224259186
3,1,knn,5,5.762051382780177,5.429419880203289
3,1,knn,142,3.912023005428146,3.7920743200881533
3,1,knn,32,3.4657359027997265,4.452831011433209
3,1,knn,49,4.127134385045092,3.5511463820349167
3,1,knn,63,4.969813299576001,4.966278799509543
3,1,knn,162,3.5263605246161616,3.8830165547931954
3,1,knn,185,4.060443010546419,4.005890883510685
3,1,knn,125,3.295836866004329,3.465029398178584
3,1,knn,167,4.605170185988092,4.779355072788658
3,1,knn,24,3.1354942159291497,3.6393483599569323
3,1,knn,153,6.234410725718371,6.048907619192387
3,1,knn,42,3.9512437185814275,3.7054184224259186
3,1,knn,99,1.791759469228055,3.3347712590451515
3,1,knn,58,2.6390573296152584,3.043174995521951
3,1,knn,37,3.367295829986474,2.9607481281464585
3,1,knn,118,3.8918202981106265,3.955200293998306
3,1,knn,101,3.8066624897703196,3.4116976853576824
3,1,knn,26,3.4965075614664802,3.695983762427415
3,1,knn,87,3.5553480614894135,3.1023616919554518
3,1,knn,178,3.6375861597263857,3.3567552912869316
3,1,knn,4,4.882801922586371,5.365532634835261
3,1,knn,17,3.332204510175204,3.49821551243109
3,1,knn,67,3.258096538021482,3.365652914539243
3,1,knn,110,3.091042453358316,2.900272140146142
3,1,knn,69,3.4657359027997265,3.6198451156861413
3,1,knn,97,5.6240175061873385,5.359041443577169
3,1,knn,196,5.726847747587197,4.0660678653974776
3,1,knn,195,5.337538079701318,3.982848267385654
3,1,knn,44,4.276666119016055,4.034331085397365
3,1,knn,84,3.091042453358316,3.7310003550556634
3,1,knn,149,4.653960350157523,4.0008609965371305
3,1,knn,79,4.430816798843313,3.813968529037023
3,1,knn,117,3.1780538303479458,3.603446062559904
3,1,knn,16,2.9444389791664403,3.5585336497421474
3,1,knn,47,2.995732273553991,3.008622825001976
3,1,knn,163,3.7376696182833684,3.8503528965647624
3,1,knn,121,4.890349128221754,4.736744936631782
3,1,knn,103,2.5649493574615367,1.9486100810905924
3,1,edited,60,2.772588722239781,2.9934790576376638
3,1,edited,113,3.5263605246161616,3.6083231680634946
3,1,edited,104,2.772588722239781,3.065358298405727
3,1,edited,115,4.330733340286331,3.8993768117052308
3,1,edited,135,3.9889840465642745,4.393273438513697
3,1,edited,129,4.382026634673881,4.1307958035779695
3,1,edited,98,5.220355825078324,5.002140066967234
3,1,edited,194,4.736198448394496,4.437077957819355
3,1,edited,152,5.91350300563827,5.324689273190881
3,1,edited,9,7.042286171939743,6.1746571554462175
3,1,edited,151,5.6240175061873385,5.324688623500407
3,1,edited,81,3.6375861597263857,3.5878837805932386
3,1,edited,22,4.110873864173311,3.566002308132237
3,1,edited,70,4.127134385045092,3.664053601088846
3,1,edited,15,3.5553480614894135,3.767606896915155
3,1,edited,138,3.912023005428146,3.876039481689957
3,1,edited,46,2.8903717578961645,3.038716352444468
3,1,edited,107,2.3978952727983707,3.0384388980266896
3,1,edited,77,3.970291913552122,3.7486168816673
3,1,edited,27,3.295836866004329,3.126625822137223
3,1,edited,146,4.532599493153256,4.8075691650051935
3,1,edited,161,3.1780538303479458,3.654402813424455
3,1,edited,56,4.2626798770413155,2.958246360507521
3,1,edited,192,6.003887067106539,5.712157717764805
3,1,edited,205,3.828641396489095,4.043714626194916
3,1,edited,197,5.983936280687191,5.948116541470651
3,1,edited,156,6.234410725718371,5.963087151456272
3,1,edited,112,3.6888794541139363,3.6083231680634946
3,1,edited,53,3.58351893845611,2.948115765479928
3,1,edited,168,4.941642422609304,5.203419640419687
3,1,edited,3,5.147494476813453,5.356264088836583
3,1,edited,38,4.2626798770413155,3.5632972592694183
3,1,edited,66,2.833213344056216,2.866708683508037
3,1,edited,80,2.772588722239781,3.381708111444192
3,1,edited,95,6.142037405587356,5.94114464353481
3,1,edited,187,4.31748811353631,4.4292736489951015
3,1,edited,57,2.4849066497880004,2.9934790576376638
3,1,edited,89,4.189654742026425,4.328386058133506
3,1,edited,0,5.288267030694535,5.864008813601069
3,1,edited,133,3.4657359027997265,3.998603841931685
3,1,edited,19,4.787491742782046,5.346804384374261
3,1,edited,145,4.30406509320417,4.807718871707052
3,1,edited,62,3.58351893845611,3.596238130736276
3,1,edited,50,3.1780538303479458,3.0651608595118396
3,1,edited,90,4.948759890378168,4.7355706103269855
3,1,edited,200,2.4849066497880004,2.947918364983406
3,1,edited,1,5.594711379601839,5.356264088836583
3,1,edited,72,3.091042453358316,3.5530576085617542
3,1,edited,108,2.3978952727983707,3.038487208380208
3,1,edited,148,4.962844630259907,4.884371235062629
3,1,edited,82,3.6375861597263857,4.467291176714658
3,1,edited,68,3.4657359027997265,3.56303208560519
3,1,edited,166,4.7535901911063645,4.877510372366259
3,1,edited,169,5.356586274672012,5.271416835145399
3,1,edited,114,3.912023005428146,3.469106353246546
3,1,edited,155,5.786897381366708,5.324688894837895
3,1,edited,31,5.908082938168931,5.284390361322076
3,1,edited,130,4.912654885736052,4.739599310554725
3,1,edited,33,4.143134726391533,4.438795403676265
3,1,edited,160,3.044522437723423,3.323887601564085
3,1,edited,183,3.091042453358316,3.611505467095667
3,1,edited,39,3.258096538021482,3.5558859204820075
3,1,edited,184,3.4965075614664802,3.716827998669701
3,1,edited,154,5.365976015021851,4.730337786527389
3,1,edited,10,3.6375861597263857,3.0639606010992564
3,1,edited,198,6.818924065275521,6.063659173076893
3,1,edited,43,4.0943445622221,3.8726842838120197
3,1,edited,5,5.762051382780177,5.324678689290771
3,1,edited,142,3.912023005428146,3.6546535448862874
3,1,edited,32,3.4657359027997265,4.438795403676265
3,1,edited,49,4.127134385045092,2.94822990694931
3,1,edited,63,4.969813299576001,4.7101945935257605
3,1,edited,162,3.5263605246161616,3.9030428410863465
3,1,edited,185,4.060443010546419,3.817219893496264
3,1,edited,125,3.295836866004329,3.611469081334208
3,1,edited,167,4.605170185988092,4.967254751525177
3,1,edited,24,3.1354942159291497,2.9485399045919043
3,1,edited,153,6.234410725718371,5.93999077195593
3,1,edited,42,3.9512437185814275,3.8726842838120197
3,1,edited,99,1.791759469228055,3.198453558985868
3,1,edited,58,2.6390573296152584,2.9934790576376638
3,1,edited,37,3.367295829986474,2.8929918866762114
3,1,edited,118,3.8918202981106265,3.927798283579737
3,1,edited,101,3.8066624897703196,3.278042493515215
3,1,edited,26,3.4965075614664802,2.9484887036643954
3,1,edited,87,3.5553480614894135,3.3242883557725262
3,1,edited,178,3.6375861597263857,2.8802839692156224
3,1,edited,4,4.882801922586371,5.122239658168179
3,1,edited,17,3.332204510175204,3.587959448553861
3,1,edited,67,3.258096538021482,2.8503269376641245
3,1,edited,110,3.091042453358316,2.9929958841448707
3,1,edited,69,3.4657359027997265,3.61051582817169
3,1,edited,97,5.6240175061873385,5.19962303913014
3,1,edited,196,5.726847747587197,5.737866898634316
3,1,edited,195,5.337538079701318,5.5113690846156835
3,1,edited,44,4.276666119016055,3.786964381102884
3,1,edited,84,3.091042453358316,3.444171351620589
3,1,edited,149,4.653960350157523,3.9385452733829633
3,1,edited,79,4.430816798843313,3.7679755205801504
3,1,edited,117,3.1780538303479458,3.6085651033719004
3,1,edited,16,2.9444389791664403,3.6249165346231145
3,1,edited,47,2.995732273553991,2.9932158641955957
3,1,edited,163,3.7376696182833684,3.9984983760082424
3,1,edited,121,4.890349128221754,4.594033795956143
3,1,edited,103,2.5649493574615367,2.9930078293216758
3,1,condensed,60,2.772588722239781,3.043174995521951
3,1,condensed,113,3.5263605246161616,3.5681850017847836
3,1,condensed,104,2.772588722239781,3.3110492207163174
3,1,condensed,115,4.330733340286331,4.216918690741315
3,1,condensed,135,3.9889840465642745,4.175171639495054
3,1,condensed,129,4.382026634673881,4.252462977977959
3,1,condensed,98,5.220355825078324,5.206341325372892
3,1,condensed,194,4.736198448394496,4.756249660471836
3,1,condensed,152,5.91350300563827,5.476758633737751
3,1,condensed,9,7.042286171939743,6.4512278507955685
3,1,condensed,151,5.6240175061873385,5.476697223283236
3,1,condensed,81,3.6375861597263857,4.241457067627011
3,1,condensed,22,4.110873864173311,4.330631556721079
3,1,condensed,70,4.127134385045092,3.779368659108726
3,1,condensed,15,3.5553480614894135,3.819340903353389
3,1,condensed,138,3.912023005428146,3.822279187571685
3,1,condensed,46,2.8903717578961645,3.0137348561302284
3,1,condensed,107,2.3978952727983707,2.9234725549046283
3,1,condensed,77,3.970291913552122,3.854353770526111
3,1,condensed,27,3.295836866004329,3.73340959637152
3,1,condensed,146,4.532599493153256,4.7095960189894805
3,1,condensed,161,3.1780538303479458,3.688521724375774
3,1,condensed,56,4.2626798770413155,3.6449273110578457
3,1,condensed,192,6.003887067106539,5.743462120702959
3,1,condensed,205,3.828641396489095,3.7231565299929303
3,1,condensed,197,5.983936280687191,4.588024290240593
3,1,condensed,156,6.234410725718371,5.94905066931648
3,1,condensed,112,3.6888794541139363,3.5681850017847836
3,1,condensed,53,3.58351893845611,3.180056043638315
3,1,condensed,168,4.941642422609304,5.556677669691654
3,1,condensed,3,5.147494476813453,5.393600841843209
3,1,condensed,38,4.2626798770413155,3.983078775605125
3,1,condensed,66,2.833213344056216,3.3006397319643646
3,1,condensed,80,2.772588722239781,3.4182217813528757
3,1,condensed,95,6.142037405587356,6.048862185983653
3,1,condensed,187,4.31748811353631,4.708958001206689
3,1,condensed,57,2.4849066497880004,3.043174995521951
3,1,condensed,89,4.189654742026425,4.171878717745555
3,1,condensed,0,5.288267030694535,5.6130405485690815
3,1,condensed,133,3.4657359027997265,3.376827200508967
3,1,condensed,19,4.787491742782046,5.602575781088043
3,1,condensed,145,4.30406509320417,4.70889160136355
3,1,condensed,62,3.58351893845611,3.5561818594540546
3,1,condensed,50,3.1780538303479458,3.0581618423326757
3,1,condensed,90,4.948759890378168,5.241746521125692
3,1,condensed,200,2.4849066497880004,2.9602631685685923
3,1,condensed,1,5.594711379601839,5.393600841843209
3,1,condensed,72,3.091042453358316,3.554944007800801
3,1,condensed,108,2.3978952727983707,2.918407268479428
3,1,condensed,148,4.962844630259907,4.724374145838574
3,1,condensed,82,3.6375861597263857,3.405332251175566
3,1,condensed,68,3.4657359027997265,3.567947359497445
3,1,condensed,166,4.7535901911063645,3.9318265240661088
3,1,condensed,169,5.356586274672012,5.613036639212918
3,1,condensed,114,3.912023005428146,3.7306769605416044
3,1,condensed,155,5.786897381366708,5.476723447263937
3,1,condensed,31,5.908082938168931,5.613128106387905
3,1,condensed,130,4.912654885736052,4.692304121382775
3,1,condensed,33,4.143134726391533,4.452831011433209
3,1,condensed,160,3.044522437723423,3.4834933701023996
3,1,condensed,183,3.091042453358316,3.605304969907624
3,1,condensed,39,3.258096538021482,3.529414847552076
3,1,condensed,184,3.4965075614664802,3.699050342832315
3,1,condensed,154,5.365976015021851,4.826278368298865
3,1,condensed,10,3.6375861597263857,3.44036777967763
3,1,condensed,198,6.818924065275521,7.047517221357296
3,1,condensed,43,4.0943445622221,3.7054184224259186
3,1,condensed,5,5.762051382780177,5.429419880203289
3,1,condensed,142,3.912023005428146,3.7920743200881533
3,1,condensed,32,3.4657359027997265,4.452831011433209
3,1,condensed,49,4.127134385045092,3.5511463820349167
3,1,condensed,63,4.969813299576001,4.966278799509543
3,1,condensed,162,3.5263605246161616,3.8830165547931954
3,1,condensed,185,4.060443010546419,4.005890883510685
3,1,condensed,125,3.295836866004329,3.465029398178584
3,1,condensed,167,4.605170185988092,4.779355072788658
3,1,condensed,24,3.1354942159291497,3.6393483599569323
3,1,condensed,153,6.234410725718371,6.048907619192387
3,1,condensed,42,3.9512437185814275,3.7054184224259186
3,1,condensed,99,1.791759469228055,3.3347712590451515
3,1,condensed,58,2.6390573296152584,3.043174995521951
3,1,condensed,37,3.367295829986474,2.9607481281464585
3,1,condensed,118,3.8918202981106265,3.955200293998306
3,1,condensed,101,3.8066624897703196,3.4116976853576824
3,1,condensed,26,3.4965075614664802,3.695983762427415
3,1,condensed,87,3.5553480614894135,3.1023616919554518
3,1,condensed,178,3.6375861597263857,3.3567552912869316
3,1,condensed,4,4.882801922586371,5.365532634835261
3,1,condensed,17,3.332204510175204,3.49821551243109
3,1,condensed,67,3.258096538021482,3.365652914539243
3,1,condensed,110,3.091042453358316,2.900272140146142
3,1,condensed,69,3.4657359027997265,3.6198451156861413
3,1,condensed,97,5.6240175061873385,5.359041443577169
3,1,condensed,196,5.726847747587197,4.0660678653974776
3,1,condensed,195,5.337538079701318,3.982848267385654
3,1,condensed,44,4.276666119016055,4.034331085397365
3,1,condensed,84,3.091042453358316,3.7310003550556634
3,1,condensed,149,4.653960350157523,4.0008609965371305
3,1,condensed,79,4.430816798843313,3.813968529037023
3,1,condensed,117,3.1780538303479458,3.603446062559904
3,1,condensed,16,2.9444389791664403,3.5585336497421474
3,1,condensed,47,2.995732273553991,3.008622825001976
3,1,condensed,163,3.7376696182833684,3.8503528965647624
3,1,condensed,121,4.890349128221754,4.736744936631782
3,1,condensed,103,2.5649493574615367,1.9486100810905924
3,2,null,36,2.995732273553991,4.115043991568547
3,2,null,76,3.8066624897703196,4.115043991568547
3,2,null,86,3.6888794541139363,4.115043991568547
3,2,null,134,3.8066624897703196,4.115043991568547
3,2,null,202,2.8903717578961645,4.115043991568547
3,2,null,96,6.142037405587356,4.115043991568547
3,2,null,61,3.091042453358316,4.115043991568547
3,2,null,116,4.189654742026425,4.115043991568547
3,2,null,65,5.556828061699537,4.115043991568547
3,2,null,119,4.189654742026425,4.115043991568547
3,2,null,41,3.6888794541139363,4.115043991568547
3,2,null,11,3.6888794541139363,4.115043991568547
3,2,null,83,2.772588722239781,4.115043991568547
3,2,null,144,4.454347296253507,4.115043991568547
3,2,null,8,6.455198563340122,4.115043991568547
3,2,null,14,2.302585092994046,4.115043991568547
3,2,null,124,2.995732273553991,4.115043991568547
3,2,null,111,3.6109179126442243,4.115043991568547
3,2,null,140,4.127134385045092,4.115043991568547
3,2,null,165,3.9318256327243257,4.115043991568547
3,2,null,6,5.905361848054571,4.115043991568547
3,2,null,48,3.6888794541139363,4.115043991568547
3,2,null,122,2.4849066497880004,4.115043991568547
3,2,null,137,3.4011973816621555,4.115043991568547
3,2,null,171,3.4011973816621555,4.115043991568547
3,2,null,174,3.912023005428146,4.115043991568547
3,2,null,106,3.4657359027997265,4.115043991568547
3,2,null,207,4.204692619390966,4.115043991568547
3,2,null,25,4.23410650459726,4.115043991568547
3,2,null,179,4.0943445622221,4.115043991568547
3,2,null,157,2.0794415416798357,4.115043991568547
3,2,null,180,4.6913478822291435,4.115043991568547
3,2,null,23,4.330733340286331,4.115043991568547
3,2,null,170,3.2188758248682006,4.115043991568547
3,2,null,102,1.9459101490553132,4.115043991568547
3,2,null,109,2.8903717578961645,4.115043991568547
3,2,null,59,2.995732273553991,4.115043991568547
3,2,null,123,2.8903717578961645,4.115043991568547
3,2,null,147,4.709530201312334,4.115043991568547
3,2,null,75,3.912023005428146,4.115043991568547
3,2,null,91,5.241747015059643,4.115043991568547
3,2,null,55,4.0943445622221,4.115043991568547
3,2,null,18,3.4339872044851463,4.115043991568547
3,2,null,29,3.295836866004329,4.115043991568547
3,2,null,12,4.5217885770490405,4.115043991568547
3,2,null,51,3.1780538303479458,4.115043991568547
3,2,null,189,5.236441962829949,4.115043991568547
3,2,null,181,1.791759469228055,4.115043991568547
3,2,null,100,3.1780538303479458,4.115043991568547
3,2,null,73,3.58351893845611,4.115043991568547
3,2,null,150,5.365976015021851,4.115043991568547
3,2,null,52,4.927253685157205,4.115043991568547
3,2,null,164,3.828641396489095,4.115043991568547
3,2,null,131,2.772588722239781,4.115043991568547
3,2,null,54,3.258096538021482,4.115043991568547
3,2,null,173,3.2188758248682006,4.115043991568547
3,2,null,201,2.6390573296152584,4.115043991568547
3,2,null,34,4.663439094112067,4.115043991568547
3,2,null,203,3.044522437723423,4.115043991568547
3,2,null,20,3.4011973816621555,4.115043991568547
3,2,null,71,4.1588830833596715,4.115043991568547
3,2,null,127,4.02535169073515,4.115043991568547
3,2,null,172,3.713572066704308,4.115043991568547
3,2,null,182,2.3978952727983707,4.115043991568547
3,2,null,93,4.882801922586371,4.115043991568547
3,2,null,7,6.192362489474872,4.115043991568547
3,2,null,141,4.0943445622221,4.115043991568547
3,2,null,64,4.969813299576001,4.115043991568547
3,2,null,74,3.784189633918261,4.115043991568547
3,2,null,94,5.4680601411351315,4.115043991568547
3,2,null,159,2.833213344056216,4.115043991568547
3,2,null,191,5.5134287461649825,4.115043991568547
3,2,null,88,4.897839799950911,4.115043991568547
3,2,null,143,4.189654742026425,4.115043991568547
3,2,null,120,4.605170185988092,4.115043991568547
3,2,null,190,5.153291594497779,4.115043991568547
3,2,null,126,3.8066624897703196,4.115043991568547
3,2,null,78,3.58351893845611,4.115043991568547
3,2,null,132,3.258096538021482,4.115043991568547
3,2,null,208,3.8066624897703196,4.115043991568547
3,2,null,193,4.248495242049359,4.115043991568547
3,2,null,21,3.4965075614664802,4.115043991568547
3,2,null,188,4.727387818712341,4.115043991568547
3,2,null,206,3.9512437185814275,4.115043991568547
3,2,null,175,3.912023005428146,4.115043991568547
3,2,null,176,3.4011973816621555,4.115043991568547
3,2,null,128,4.248495242049359,4.115043991568547
3,2,null,30,5.6131281063880705,4.115043991568547
3,2,null,139,3.6888794541139363,4.115043991568547
3,2,null,40,3.58351893845611,4.115043991568547
3,2,null,136,4.174387269895637,4.115043991568547
3,2,null,186,4.867534450455582,4.115043991568547
3,2,null,158,2.4849066497880004,4.115043991568547
3,2,null,199,7.047517221357296,4.115043991568547
3,2,null,13,4.927253685157205,4.115043991568547
3,2,null,2,5.393627546352362,4.115043991568547
3,2,null,177,3.4657359027997265,4.115043991568547
3,2,null,45,4.276666119016055,4.115043991568547
3,2,null,35,5.337538079701318,4.115043991568547
3,2,null,204,3.7376696182833684,4.115043991568547
3,2,null,105,3.4657359027997265,4.115043991568547
3,2,null,92,3.091042453358316,4.115043991568547
3,2,null,28,4.343805421853684,4.115043991568547
3,2,null,85,3.367295829986474,4.115043991568547
3,2,knn,36,2.995732273553991,3.2978478303896397
3,2,knn,76,3.8066624897703196,3.368565728032165
3,2,knn,86,3.6888794541139363,3.341327070483995
3,2,knn,134,3.8066624897703196,4.086222215373645
3,2,knn,202,2.8903717578961645,3.108887535721006
3,2,knn,96,6.142037405587356,6.099232533922953
3,2,knn,61,3.091042453358316,2.714003773377371
3,2,knn,116,4.189654742026425,4.257181596001998
3,2,knn,65,5.556828061699537,4.91385720037555
3,2,knn,119,4.189654742026425,4.143235474498596
3,2,knn,41,3.6888794541139363,4.057780994770886
3,2,knn,11,3.6888794541139363,3.2854443010684773
3,2,knn,83,2.772588722239781,3.1910157717864007
3,2,knn,144,4.454347296253507,4.230081028478043
3,2,knn,8,6.455198563340122,6.087839429986924
3,2,knn,14,2.302585092994046,3.0912891870992283
3,2,knn,124,2.995732273553991,2.793297409675953
3,2,knn,111,3.6109179126442243,2.751805063337617
3,2,knn,140,4.127134385045092,3.8452942960640306
3,2,knn,165,3.9318256327243257,4.595519066966493
3,2,knn,6,5.905361848054571,6.14185414515187
3,2,knn,48,3.6888794541139363,3.3324351180437937
3,2,knn,122,2.4849066497880004,2.5817555176473235
3,2,knn,137,3.4011973816621555,3.664750091403279
3,2,knn,171,3.4011973816621555,3.2908943508051576
3,2,knn,174,3.912023005428146,3.1563955143798976
3,2,knn,106,3.4657359027997265,3.3467097199005127
3,2,knn,207,4.204692619390966,2.970189820528416
3,2,knn,25,4.23410650459726,3.2080057668640922
3,2,knn,179,4.0943445622221,3.8814616264278063
3,2,knn,157,2.0794415416798357,3.04638390667735
3,2,knn,180,4.6913478822291435,3.8263045693110285
3,2,knn,23,4.330733340286331,4.076937089699386
3,2,knn,170,3.2188758248682006,3.211217720796893
3,2,knn,102,1.9459101490553132,2.5824712116033717
3,2,knn,109,2.8903717578961645,2.7850308415316354
3,2,knn,59,2.995732273553991,2.714003773377371
3,2,knn,123,2.8903717578961645,2.5823763814767524
3,2,knn,147,4.709530201312334,4.58633182197698
3,2,knn,75,3.912023005428146,3.8222918374373265
3,2,knn,91,5.241747015059643,4.945576083277402
3,2,knn,55,4.0943445622221,3.9445110215025703
3,2,knn,18,3.4339872044851463,3.169997352985716
3,2,knn,29,3.295836866004329,3.247989867896832
3,2,knn,12,4.5217885770490405,4.040211784418144
3,2,knn,51,3.1780538303479458,2.8766526268766297
3,2,knn,189,5.236441962829949,4.901738345487799
3,2,knn,181,1.791759469228055,3.121837238415925
3,2,knn,100,3.1780538303479458,3.2400353293970308
3,2,knn,73,3.58351893845611,3.1747174649862586
3,2,knn,150,5.365976015021851,4.9040280608145475
3,2,knn,52,4.927253685157205,4.2018573099254635
3,2,knn,164,3.828641396489095,3.891569637169591
3,2,knn,131,2.772588722239781,3.674709176330794
3,2,knn,54,3.258096538021482,3.515156776041788
3,2,knn,173,3.2188758248682006,3.0657344183988937
3,2,knn,201,2.6390573296152584,3.1752629412569724
3,2,knn,34,4.663439094112067,4.905541564815539
3,2,knn,203,3.044522437723423,3.1752629412569724
3,2,knn,20,3.4011973816621555,3.493763477176199
3,2,knn,71,4.1588830833596715,4.03818479992465
3,2,knn,127,4.02535169073515,3.7564882289536135
3,2,knn,172,3.713572066704308,3.991915936994019
3,2,knn,182,2.3978952727983707,3.1268149603940483
3,2,knn,93,4.882801922586371,4.199819801369819
3,2,knn,7,6.192362489474872,6.14185414515187
3,2,knn,141,4.0943445622221,3.8452942960640306
3,2,knn,64,4.969813299576001,4.71779264004476
3,2,knn,74,3.784189633918261,3.1178086617152636
3,2,knn,94,5.4680601411351315,5.004020679973314
3,2,knn,159,2.833213344056216,3.2465656335299817
3,2,knn,191,5.5134287461649825,5.728156940471048
3,2,knn,88,4.897839799950911,4.765479776694914
3,2,knn,143,4.189654742026425,4.052451791943662
3,2,knn,120,4.605170185988092,4.259935908148676
3,2,knn,190,5.153291594497779,5.218450569163296
3,2,knn,126,3.8066624897703196,3.5533203654979353
3,2,knn,78,3.58351893845611,3.1725029324541336
3,2,knn,132,3.258096538021482,3.7888207040759023
3,2,knn,208,3.8066624897703196,2.815567454692576
3,2,knn,193,4.248495242049359,3.8699056856823697
3,2,knn,21,3.4965075614664802,3.6940125078600103
3,2,knn,188,4.727387818712341,4.494845539636013
3,2,knn,206,3.9512437185814275,3.60044594139937
3,2,knn,175,3.912023005428146,4.136903931886304
3,2,knn,176,3.4011973816621555,3.276635252456962
3,2,knn,128,4.248495242049359,4.21755692381115
3,2,knn,30,5.6131281063880705,5.897993103748126
3,2,knn,139,3.6888794541139363,3.3060102563963993
3,2,knn,40,3.58351893845611,3.588983909121925
3,2,knn,136,4.174387269895637,4.125317846242381
3,2,knn,186,4.867534450455582,4.515653521005444
3,2,knn,158,2.4849066497880004,3.190762627707158
3,2,knn,199,7.047517221357296,6.81892389312281
3,2,knn,13,4.927253685157205,4.575392012055565
3,2,knn,2,5.393627546352362,5.431764926340446
3,2,knn,177,3.4657359027997265,3.0511017472476842
3,2,knn,45,4.276666119016055,3.92188566020001
3,2,knn,35,5.337538079701318,4.9046520790058326
3,2,knn,204,3.7376696182833684,3.7596784000488106
3,2,knn,105,3.4657359027997265,3.1637853526811455
3,2,knn,92,3.091042453358316,3.551133084296085
3,2,knn,28,4.343805421853684,3.238793663045753
3,2,knn,85,3.367295829986474,3.2902799357131483
3,2,edited,36,2.995732273553991,3.2978478303896397
3,2,edited,76,3.8066624897703196,3.368565728032165
3,2,edited,86,3.6888794541139363,3.341327070483995
3,2,edited,134,3.8066624897703196,4.086222215373645
3,2,edited,202,2.8903717578961645,3.108887535721006
3,2,edited,96,6.142037405587356,6.099232533922953
3,2,edited,61,3.091042453358316,2.714003773377371
3,2,edited,116,4.189654742026425,4.257181596001998
3,2,edited,65,5.556828061699537,4.91385720037555
3,2,edited,119,4.189654742026425,4.143235474498596
3,2,edited,41,3.6888794541139363,4.057780994770886
3,2,edited,11,3.6888794541139363,3.2854443010684773
3,2,edited,83,2.772588722239781,3.1910157717864007
3,2,edited,144,4.454347296253507,4.230081028478043
3,2,edited,8,6.455198563340122,6.087839429986924
3,2,edited,14,2.302585092994046,3.2301404237456017
3,2,edited,124,2.995732273553991,2.793297409675953
3,2,edited,111,3.6109179126442243,2.751805063337617
3,2,edited,140,4.127134385045092,3.8452942960640306
3,2,edited,165,3.9318256327243257,4.595519066966493
3,2,edited,6,5.905361848054571,6.14185414515187
3,2,edited,48,3.6888794541139363,3.3324351180437937
3,2,edited,122,2.4849066497880004,2.5817555176473235
3,2,edited,137,3.4011973816621555,3.664750091403279
3,2,edited,171,3.4011973816621555,3.2908943508051576
3,2,edited,174,3.912023005428146,3.1563955143798976
3,2,edited,106,3.4657359027997265,3.3467097199005127
3,2,edited,207,4.204692619390966,3.2341722068138616
3,2,edited,25,4.23410650459726,3.2080057668640922
3,2,edited,179,4.0943445622221,3.8814616264278063
3,2,edited,157,2.0794415416798357,3.04638390667735
3,2,edited,180,4.6913478822291435,3.8263045693110285
3,2,edited,23,4.330733340286331,4.076937089699386
3,2,edited,170,3.2188758248682006,3.211217720796893
3,2,edited,102,1.9459101490553132,2.5824712116033717
3,2,edited,109,2.8903717578961645,2.7850308415316354
3,2,edited,59,2.995732273553991,2.714003773377371
3,2,edited,123,2.8903717578961645,2.5823763814767524
3,2,edited,147,4.709530201312334,4.58633182197698
3,2,edited,75,3.912023005428146,3.8222918374373265
3,2,edited,91,5.241747015059643,4.945576083277402
3,2,edited,55,4.0943445622221,3.9445110215025703
3,2,edited,18,3.4339872044851463,3.169997352985716
3,2,edited,29,3.295836866004329,3.247989867896832
3,2,edited,12,4.5217885770490405,4.040211784418144
3,2,edited,51,3.1780538303479458,2.8766526268766297
3,2,edited,189,5.236441962829949,4.901738345487799
3,2,edited,181,1.791759469228055,3.121837238415925
3,2,edited,100,3.1780538303479458,3.2400353293970308
3,2,edited,73,3.58351893845611,3.1747174649862586
3,2,edited,150,5.365976015021851,4.9040280608145475
3,2,edited,52,4.927253685157205,4.2018573099254635
3,2,edited,164,3.828641396489095,3.891569637169591
3,2,edited,131,2.772588722239781,3.674709176330794
3,2,edited,54,3.258096538021482,3.515156776041788
3,2,edited,173,3.2188758248682006,3.0657344183988937
3,2,edited,201,2.6390573296152584,3.1752629412569724
3,2,edited,34,4.663439094112067,4.905541564815539
3,2,edited,203,3.044522437723423,3.1752629412569724
3,2,edited,20,3.4011973816621555,3.493763477176199
3,2,edited,71,4.1588830833596715,4.03818479992465
3,2,edited,127,4.02535169073515,3.7564882289536135
3,2,edited,172,3.713572066704308,3.991915936994019
3,2,edited,182,2.3978952727983707,3.1268149603940483
3,2,edited,93,4.882801922586371,4.199819801369819
3,2,edited,7,6.192362489474872,6.14185414515187
3,2,edited,141,4.0943445622221,3.8452942960640306
3,2,edited,64,4.969813299576001,4.71779264004476
3,2,edited,74,3.784189633918261,3.1178086617152636
3,2,edited,94,5.4680601411351315,5.004020679973314
3,2,edited,159,2.833213344056216,3.2465656335299817
3,2,edited,191,5.5134287461649825,5.728156940471048
3,2,edited,88,4.897839799950911,4.765479776694914
3,2,edited,143,4.189654742026425,4.052451791943662
3,2,edited,120,4.605170185988092,4.259935908148676
3,2,edited,190,5.153291594497779,5.218450569163296
3,2,edited,126,3.8066624897703196,3.5533203654979353
3,2,edited,78,3.58351893845611,3.1725029324541336
3,2,edited,132,3.258096538021482,3.7888207040759023
3,2,edited,208,3.8066624897703196,3.25177475279861
3,2,edited,193,4.248495242049359,3.8699056856823697
3,2,edited,21,3.4965075614664802,3.6940125078600103
3,2,edited,188,4.727387818712341,4.494845539636013
3,2,edited,206,3.9512437185814275,3.60044594139937
3,2,edited,175,3.912023005428146,4.136903931886304
3,2,edited,176,3.4011973816621555,3.276635252456962
3,2,edited,128,4.248495242049359,4.21755692381115
3,2,edited,30,5.6131281063880705,5.897993103748126
3,2,edited,139,3.6888794541139363,3.3060102563963993
3,2,edited,40,3.58351893845611,3.588983909121925
3,2,edited,136,4.174387269895637,4.125317846242381
3,2,edited,186,4.867534450455582,4.515653521005444
3,2,edited,158,2.4849066497880004,3.190762627707158
3,2,edited,199,7.047517221357296,4.883684937155172
3,2,edited,13,4.927253685157205,4.575392012055565
3,2,edited,2,5.393627546352362,5.431764926340446
3,2,edited,177,3.4657359027997265,3.0511017472476842
3,2,edited,45,4.276666119016055,3.92188566020001
3,2,edited,35,5.337538079701318,4.9046520790058326
3,2,edited,204,3.7376696182833684,3.7596784000488106
3,2,edited,105,3.4657359027997265,3.29004479727652
3,2,edited,92,3.091042453358316,3.551133084296085
3,2,edited,28,4.343805421853684,3.238793663045753
3,2,edited,85,3.367295829986474,3.2902799357131483
3,2,condensed,36,2.995732273553991,3.166496713448728
3,2,condensed,76,3.8066624897703196,3.3219626941416354
3,2,condensed,86,3.6888794541139363,3.50457407236476
3,2,condensed,134,3.8066624897703196,4.053518938545829
3,2,condensed,202,2.8903717578961645,3.3433133624686864
3,2,condensed,96,6.142037405587356,5.6995584016428635
3,2,condensed,61,3.091042453358316,2.949595756618585
3,2,condensed,116,4.189654742026425,4.126998033373507
3,2,condensed,65,5.556828061699537,4.756067346627711
3,2,condensed,119,4.189654742026425,4.21973629273823
3,2,condensed,41,3.6888794541139363,4.053513413713475
3,2,condensed,11,3.6888794541139363,2.914021676476094
3,2,condensed,83,2.772588722239781,3.260556784985424
3,2,condensed,144,4.454347296253507,4.278880566870526
3,2,condensed,8,6.455198563340122,5.699523489629458
3,2,condensed,14,2.302585092994046,2.914001995929935
3,2,condensed,124,2.995732273553991,2.7545969758459057
3,2,condensed,111,3.6109179126442243,2.7545950333883646
3,2,condensed,140,4.127134385045092,3.8375420753205693
3,2,condensed,165,3.9318256327243257,4.3312750692478055
3,2,condensed,6,5.905361848054571,5.699649057007679
3,2,condensed,48,3.6888794541139363,3.654051843933551
3,2,condensed,122,2.4849066497880004,2.754591152876984
3,2,condensed,137,3.4011973816621555,3.893838699636608
3,2,condensed,171,3.4011973816621555,3.2338060461721714
3,2,condensed,174,3.912023005428146,3.110734769531882
3,2,condensed,106,3.4657359027997265,3.38825710566611
3,2,condensed,207,4.204692619390966,2.8343581691582207
3,2,condensed,25,4.23410650459726,3.26054886888029
3,2,condensed,179,4.0943445622221,3.8021772948007935
3,2,condensed,157,2.0794415416798357,3.166465736723195
3,2,condensed,180,4.6913478822291435,3.92521100255873
3,2,condensed,23,4.330733340286331,3.817673616785538
3,2,condensed,170,3.2188758248682006,3.2337988629528125
3,2,condensed,102,1.9459101490553132,2.754590642496189
3,2,condensed,109,2.8903717578961645,2.7546076802423363
3,2,condensed,59,2.995732273553991,2.949595756618585
3,2,condensed,123,2.8903717578961645,2.7545913328380762
3,2,condensed,147,4.709530201312334,4.672443049086063
3,2,condensed,75,3.912023005428146,3.7730050105427524
3,2,condensed,91,5.241747015059643,4.651736860827757
3,2,condensed,55,4.0943445622221,3.7954011615539947
3,2,condensed,18,3.4339872044851463,3.2141567366057306
3,2,condensed,29,3.295836866004329,3.260533936571504
3,2,condensed,12,4.5217885770490405,4.053615043419695
3,2,condensed,51,3.1780538303479458,2.8700255570711466
3,2,condensed,189,5.236441962829949,5.1937052929256184
3,2,condensed,181,1.791759469228055,3.1107057933064484
3,2,condensed,100,3.1780538303479458,3.2338024084344217
3,2,condensed,73,3.58351893845611,3.1624444814348793
3,2,condensed,150,5.365976015021851,4.937945195767716
3,2,condensed,52,4.927253685157205,4.034292280820993
3,2,condensed,164,3.828641396489095,3.9378607983301945
3,2,condensed,131,2.772588722239781,3.646402928781978
3,2,condensed,54,3.258096538021482,3.238437032926944
3,2,condensed,173,3.2188758248682006,3.231376990234148
3,2,condensed,201,2.6390573296152584,3.343326846141357
3,2,condensed,34,4.663439094112067,4.840637111125839
3,2,condensed,203,3.044522437723423,3.343326846141357
3,2,condensed,20,3.4011973816621555,3.5264306815396798
3,2,condensed,71,4.1588830833596715,4.214609993087871
3,2,condensed,127,4.02535169073515,3.723464892673367
3,2,condensed,172,3.713572066704308,3.9861220950238168
3,2,condensed,182,2.3978952727983707,3.110707207362684
3,2,condensed,93,4.882801922586371,4.371118720170466
3,2,condensed,7,6.192362489474872,5.699649057007679
3,2,condensed,141,4.0943445622221,3.8375420753205693
3,2,condensed,64,4.969813299576001,4.606630530145367
3,2,condensed,74,3.784189633918261,3.162444504021615
3,2,condensed,94,5.4680601411351315,4.791428637034231
3,2,condensed,159,2.833213344056216,3.166526275781559
3,2,condensed,191,5.5134287461649825,5.569963005085121
3,2,condensed,88,4.897839799950911,4.858255451882716
3,2,condensed,143,4.189654742026425,3.937889005536834
3,2,condensed,120,4.605170185988092,4.303164959986318
3,2,condensed,190,5.153291594497779,5.433046782851678
3,2,condensed,126,3.8066624897703196,3.708761032551033
3,2,condensed,78,3.58351893845611,3.162443268958316
3,2,condensed,132,3.258096538021482,3.8375261649815795
3,2,condensed,208,3.8066624897703196,2.8232226680613492
3,2,condensed,193,4.248495242049359,3.8098703543022325
3,2,condensed,21,3.4965075614664802,3.809859070936399
3,2,condensed,188,4.727387818712341,4.398468689083133
3,2,condensed,206,3.9512437185814275,3.676467606061225
3,2,condensed,175,3.912023005428146,3.985903525763507
3,2,condensed,176,3.4011973816621555,3.3433439706395194
3,2,condensed,128,4.248495242049359,4.0535593122117755
3,2,condensed,30,5.6131281063880705,5.254064754548463
3,2,condensed,139,3.6888794541139363,3.523276869620831
3,2,condensed,40,3.58351893845611,3.6169533640191354
3,2,condensed,136,4.174387269895637,4.303112495216132
3,2,condensed,186,4.867534450455582,4.44852004690611
3,2,condensed,158,2.4849066497880004,3.166491055365149
3,2,condensed,199,7.047517221357296,5.187745411978618
3,2,condensed,13,4.927253685157205,4.672428722498927
3,2,condensed,2,5.393627546352362,5.569861039580934
3,2,condensed,177,3.4657359027997265,3.1107020205324716
3,2,condensed,45,4.276666119016055,3.8913362656506547
3,2,condensed,35,5.337538079701318,4.840636954671535
3,2,condensed,204,3.7376696182833684,3.7001862566839074
3,2,condensed,105,3.4657359027997265,2.914040785088359
3,2,condensed,92,3.091042453358316,3.4661580187606806
3,2,condensed,28,4.343805421853684,3.260536723937919
3,2,condensed,85,3.367295829986474,3.4674795789907784
4,1,null,45,4.276666119016055,4.082503432820734
4,1,null,162,3.5263605246161616,4.082503432820734
4,1,null,39,3.258096538021482,4.082503432820734
4,1,null,168,4.941642422609304,4.082503432820734
4,1,null,58,2.6390573296152584,4.082503432820734
4,1,null,94,5.4680601411351315,4.082503432820734
4,1,null,167,4.605170185988092,4.082503432820734
4,1,null,158,2.4849066497880004,4.082503432820734
4,1,null,202,2.8903717578961645,4.082503432820734
4,1,null,155,5.786897381366708,4.082503432820734
4,1,null,52,4.927253685157205,4.082503432820734
4,1,null,10,3.6375861597263857,4.082503432820734
4,1,null,165,3.9318256327243257,4.082503432820734
4,1,null,132,3.258096538021482,4.082503432820734
4,1,null,143,4.189654742026425,4.082503432820734
4,1,null,119,4.189654742026425,4.082503432820734
4,1,null,193,4.248495242049359,4.082503432820734
4,1,null,28,4.343805421853684,4.082503432820734
4,1,null,63,4.969813299576001,4.082503432820734
4,1,null,139,3.6888794541139363,4.082503432820734
4,1,null,125,3.295836866004329,4.082503432820734
4,1,null,112,3.6888794541139363,4.082503432820734
4,1,null,121,4.890349128221754,4.082503432820734
4,1,null,69,3.4657359027997265,4.082503432820734
4,1,null,174,3.912023005428146,4.082503432820734
4,1,null,74,3.784189633918261,4.082503432820734
4,1,null,80,2.772588722239781,4.082503432820734
4,1,null,199,7.047517221357296,4.082503432820734
4,1,null,186,4.867534450455582,4.082503432820734
4,1,null,57,2.4849066497880004,4.082503432820734
4,1,null,183,3.091042453358316,4.082503432820734
4,1,null,97,5.6240175061873385,4.082503432820734
4,1,null,18,3.4339872044851463,4.082503432820734
4,1,null,101,3.8066624897703196,4.082503432820734
4,1,null,71,4.1588830833596715,4.082503432820734
4,1,null,104,2.772588722239781,4.082503432820734
4,1,null,77,3.970291913552122,4.082503432820734
4,1,null,34,4.663439094112067,4.082503432820734
4,1,null,136,4.174387269895637,4.082503432820734
4,1,null,0,5.288267030694535,4.082503432820734
4,1,null,134,3.8066624897703196,4.082503432820734
4,1,null,92,3.091042453358316,4.082503432820734
4,1,null,60,2.772588722239781,4.082503432820734
4,1,null,3,5.147494476813453,4.082503432820734
4,1,null,166,4.7535901911063645,4.082503432820734
4,1,null,4,4.882801922586371,4.082503432820734
4,1,null,126,3.8066624897703196,4.082503432820734
4,1,null,22,4.110873864173311,4.082503432820734
4,1,null,59,2.995732273553991,4.082503432820734
4,1,null,46,2.8903717578961645,4.082503432820734
4,1,null,196,5.726847747587197,4.082503432820734
4,1,null,170,3.2188758248682006,4.082503432820734
4,1,null,62,3.58351893845611,4.082503432820734
4,1,null,123,2.8903717578961645,4.082503432820734
4,1,null,148,4.962844630259907,4.082503432820734
4,1,null,163,3.7376696182833684,4.082503432820734
4,1,null,44,4.276666119016055,4.082503432820734
4,1,null,111,3.6109179126442243,4.082503432820734
4,1,null,204,3.7376696182833684,4.082503432820734
4,1,null,153,6.234410725718371,4.082503432820734
4,1,null,161,3.1780538303479458,4.082503432820734
4,1,null,190,5.153291594497779,4.082503432820734
4,1,null,12,4.5217885770490405,4.082503432820734
4,1,null,195,5.337538079701318,4.082503432820734
4,1,null,110,3.091042453358316,4.082503432820734
4,1,null,133,3.4657359027997265,4.082503432820734
4,1,null,49,4.127134385045092,4.082503432820734
4,1,null,89,4.189654742026425,4.082503432820734
4,1,null,159,2.833213344056216,4.082503432820734
4,1,null,205,3.828641396489095,4.082503432820734
4,1,null,175,3.912023005428146,4.082503432820734
4,1,null,32,3.4657359027997265,4.082503432820734
4,1,null,70,4.127134385045092,4.082503432820734
4,1,null,184,3.4965075614664802,4.082503432820734
4,1,null,147,4.709530201312334,4.082503432820734
4,1,null,164,3.828641396489095,4.082503432820734
4,1,null,90,4.948759890378168,4.082503432820734
4,1,null,108,2.3978952727983707,4.082503432820734
4,1,null,67,3.258096538021482,4.082503432820734
4,1,null,191,5.5134287461649825,4.082503432820734
4,1,null,40,3.58351893845611,4.082503432820734
4,1,null,43,4.0943445622221,4.082503432820734
4,1,null,130,4.912654885736052,4.082503432820734
4,1,null,198,6.818924065275521,4.082503432820734
4,1,null,114,3.912023005428146,4.082503432820734
4,1,null,76,3.8066624897703196,4.082503432820734
4,1,null,200,2.4849066497880004,4.082503432820734
4,1,null,142,3.912023005428146,4.082503432820734
4,1,null,188,4.727387818712341,4.082503432820734
4,1,null,150,5.365976015021851,4.082503432820734
4,1,null,78,3.58351893845611,4.082503432820734
4,1,null,56,4.2626798770413155,4.082503432820734
4,1,null,48,3.6888794541139363,4.082503432820734
4,1,null,109,2.8903717578961645,4.082503432820734
4,1,null,102,1.9459101490553132,4.082503432820734
4,1,null,141,4.0943445622221,4.082503432820734
4,1,null,14,2.302585092994046,4.082503432820734
4,1,null,86,3.6888794541139363,4.082503432820734
4,1,null,6,5.905361848054571,4.082503432820734
4,1,null,1,5.594711379601839,4.082503432820734
4,1,null,33,4.143134726391533,4.082503432820734
4,1,null,176,3.4011973816621555,4.082503432820734
4,1,null,47,2.995732273553991,4.082503432820734
4,1,null,173,3.2188758248682006,4.082503432820734
4,1,null,99,1.791759469228055,4.082503432820734
4,1,knn,45,4.276666119016055,4.033353176850748
4,1,knn,162,3.5263605246161616,3.6926571768470935
4,1,knn,39,3.258096538021482,3.264561382008482
4,1,knn,168,4.941642422609304,5.54292253388101
4,1,knn,58,2.6390573296152584,3.0911426867161556
4,1,knn,94,5.4680601411351315,5.342626823783099
4,1,knn,167,4.605170185988092,4.62097934717607
4,1,knn,158,2.4849066497880004,2.3778064511202013
4,1,knn,202,2.8903717578961645,2.878749893854937
4,1,knn,155,5.786897381366708,5.764248869852932
4,1,knn,52,4.927253685157205,4.221779771041285
4,1,knn,10,3.6375861597263857,3.464541319026126
4,1,knn,165,3.9318256327243257,5.328135294629228
4,1,knn,132,3.258096538021482,3.973576769946032
4,1,knn,143,4.189654742026425,4.414447491994945
4,1,knn,119,4.189654742026425,3.856826956007025
4,1,knn,193,4.248495242049359,3.8234028126918185
4,1,knn,28,4.343805421853684,3.3418511284967716
4,1,knn,63,4.969813299576001,4.9698044836354125
4,1,knn,139,3.6888794541139363,2.913694595873317
4,1,knn,125,3.295836866004329,3.202215089320844
4,1,knn,112,3.6888794541139363,3.5184816956654617
4,1,knn,121,4.890349128221754,4.228912998010372
4,1,knn,69,3.4657359027997265,3.5635608333357998
4,1,knn,174,3.912023005428146,3.1876977723145528
4,1,knn,74,3.784189633918261,3.583444405770058
4,1,knn,80,2.772588722239781,3.219893565542186
4,1,knn,199,7.047517221357296,3.6357582769619556
4,1,knn,186,4.867534450455582,4.3647476320653675
4,1,knn,57,2.4849066497880004,3.0911426867161556
4,1,knn,183,3.091042453358316,3.3463255230949946
4,1,knn,97,5.6240175061873385,5.393561523851862
4,1,knn,18,3.4339872044851463,2.9656981114517094
4,1,knn,101,3.8066624897703196,3.3533044004256465
4,1,knn,71,4.1588830833596715,3.9971026410585577
4,1,knn,104,2.772588722239781,3.2676746968706114
4,1,knn,77,3.970291913552122,4.246382230008729
4,1,knn,34,4.663439094112067,5.337540144643684
4,1,knn,136,4.174387269895637,3.989078245011141
4,1,knn,0,5.288267030694535,4.787491765497222
4,1,knn,134,3.8066624897703196,3.8901009271257436
4,1,knn,92,3.091042453358316,3.555689916894836
4,1,knn,60,2.772588722239781,3.0911426867161556
4,1,knn,3,5.147494476813453,5.393636663744923
4,1,knn,166,4.7535901911063645,5.328135294629228
4,1,knn,4,4.882801922586371,5.223121217551248
4,1,knn,126,3.8066624897703196,3.996422499667785
4,1,knn,22,4.110873864173311,4.330688083993743
4,1,knn,59,2.995732273553991,3.0911426867161556
4,1,knn,46,2.8903717578961645,2.9522132818566824
4,1,knn,196,5.726847747587197,5.983936280687191
4,1,knn,170,3.2188758248682006,3.147152593638064
4,1,knn,62,3.58351893845611,3.156152634252183
4,1,knn,123,2.8903717578961645,2.4849066497917756
4,1,knn,148,4.962844630259907,4.510426518087756
4,1,knn,163,3.7376696182833684,3.9959042222240337
4,1,knn,44,4.276666119016055,4.033842595620212
4,1,knn,111,3.6109179126442243,2.4270035056881842
4,1,knn,204,3.7376696182833684,2.861945181993592
4,1,knn,153,6.234410725718371,6.174623629877623
4,1,knn,161,3.1780538303479458,3.566026957303273
4,1,knn,190,5.153291594497779,5.362616173281595
4,1,knn,12,4.5217885770490405,3.80526565486359
4,1,knn,195,5.337538079701318,5.963545131626738
4,1,knn,110,3.091042453358316,2.4330329808199247
4,1,knn,133,3.4657359027997265,4.042562072289564
4,1,knn,49,4.127134385045092,3.714619940015321
4,1,knn,89,4.189654742026425,3.9051609857698404
4,1,knn,159,2.833213344056216,3.2528327529002783
4,1,knn,205,3.828641396489095,4.171881930558366
4,1,knn,175,3.912023005428146,4.2565265930012925
4,1,knn,32,3.4657359027997265,4.680115688494658
4,1,knn,70,4.127134385045092,3.68805588735794
4,1,knn,184,3.4965075614664802,4.17130030115465
4,1,knn,147,4.709530201312334,4.531623075592024
4,1,knn,164,3.828641396489095,3.83996838173802
4,1,knn,90,4.948759890378168,5.241747014853299
4,1,knn,108,2.3978952727983707,2.4009686652381266
4,1,knn,67,3.258096538021482,2.8923962886038304
4,1,knn,191,5.5134287461649825,5.770268385389826
4,1,knn,40,3.58351893845611,3.4898946149253707
4,1,knn,43,4.0943445622221,3.861638456113793
4,1,knn,130,4.912654885736052,4.688673382524574
4,1,knn,198,6.818924065275521,3.635486440304643
4,1,knn,114,3.912023005428146,3.7033120710184484
4,1,knn,76,3.8066624897703196,3.1597022309161544
4,1,knn,200,2.4849066497880004,2.878749893854937
4,1,knn,142,3.912023005428146,3.945020350127692
4,1,knn,188,4.727387818712341,4.23686788071685
4,1,knn,150,5.365976015021851,5.223448876627418
4,1,knn,78,3.58351893845611,3.5822849789102884
4,1,knn,56,4.2626798770413155,3.6094909670172837
4,1,knn,48,3.6888794541139363,3.419576452900434
4,1,knn,109,2.8903717578961645,2.4243361635519665
4,1,knn,102,1.9459101490553132,2.5649477680288775
4,1,knn,141,4.0943445622221,4.127689662385699
4,1,knn,14,2.302585092994046,3.6058752258381745
4,1,knn,86,3.6888794541139363,3.373027276380684
4,1,knn,6,5.905361848054571,6.1921003242376305
4,1,knn,1,5.594711379601839,5.393636663744923
4,1,knn,33,4.143134726391533,4.680115688494658
4,1,knn,176,3.4011973816621555,2.917682530373039
4,1,knn,47,2.995732273553991,3.015343876182286
4,1,knn,173,3.2188758248682006,2.9626297556721415
4,1,knn,99,1.791759469228055,3.7784507078753364
4,1,edited,45,4.276666119016055,4.07530068189725
4,1,edited,162,3.5263605246161616,3.476478426856728
4,1,edited,39,3.258096538021482,3.265002553005469
4,1,edited,168,4.941642422609304,5.551156736527823
4,1,edited,58,2.6390573296152584,3.0911675239746326
4,1,edited,94,5.4680601411351315,5.345948643142877
4,1,edited,167,4.605170185988092,4.621830079743467
4,1,edited,158,2.4849066497880004,2.2419871126222035
4,1,edited,202,2.8903717578961645,2.8417898836693407
4,1,edited,155,5.786897381366708,5.764255264399395
4,1,edited,52,4.927253685157205,4.253905058845615
4,1,edited,10,3.6375861597263857,3.582750147899972
4,1,edited,165,3.9318256327243257,5.331249942561142
4,1,edited,132,3.258096538021482,4.043523530890734
4,1,edited,143,4.189654742026425,4.419876501330186
4,1,edited,119,4.189654742026425,3.8283768669551757
4,1,edited,193,4.248495242049359,3.8525735259578413
4,1,edited,28,4.343805421853684,3.347244178842108
4,1,edited,63,4.969813299576001,4.9698064681404235
4,1,edited,139,3.6888794541139363,3.2317231715823347
4,1,edited,125,3.295836866004329,3.16124381488193
4,1,edited,112,3.6888794541139363,3.5188633275975003
4,1,edited,121,4.890349128221754,4.22529509881368
4,1,edited,69,3.4657359027997265,3.523359628316459
4,1,edited,174,3.912023005428146,3.171310583980092
4,1,edited,74,3.784189633918261,3.583403074327592
4,1,edited,80,2.772588722239781,3.505149622383095
4,1,edited,199,7.047517221357296,3.6356545453700875
4,1,edited,186,4.867534450455582,4.341422792369446
4,1,edited,57,2.4849066497880004,3.0911675239746326
4,1,edited,183,3.091042453358316,3.345196997437066
4,1,edited,97,5.6240175061873385,5.393611245239137
4,1,edited,18,3.4339872044851463,2.9717090817790397
4,1,edited,101,3.8066624897703196,3.3513109876167078
4,1,edited,71,4.1588830833596715,3.986325861282107
4,1,edited,104,2.772588722239781,3.27056092850159
4,1,edited,77,3.970291913552122,4.348545277844145
4,1,edited,34,4.663439094112067,5.337540166141985
4,1,edited,136,4.174387269895637,3.98905394774592
4,1,edited,0,5.288267030694535,4.78749176281489
4,1,edited,134,3.8066624897703196,3.8608686723106524
4,1,edited,92,3.091042453358316,3.5557843603263732
4,1,edited,60,2.772588722239781,3.0911675239746326
4,1,edited,3,5.147494476813453,5.393633937045599
4,1,edited,166,4.7535901911063645,5.331249942561142
4,1,edited,4,4.882801922586371,5.222859325568063
4,1,edited,126,3.8066624897703196,4.1409809923680845
4,1,edited,22,4.110873864173311,4.330688098688104
4,1,edited,59,2.995732273553991,3.0911675239746326
4,1,edited,46,2.8903717578961645,2.9463034998138777
4,1,edited,196,5.726847747587197,5.983936280687191
4,1,edited,170,3.2188758248682006,3.247031059714586
4,1,edited,62,3.58351893845611,3.162576145320447
4,1,edited,123,2.8903717578961645,2.4849066497917756
4,1,edited,148,4.962844630259907,4.5101964680283855
4,1,edited,163,3.7376696182833684,3.929454575996348
4,1,edited,44,4.276666119016055,4.075874987965299
4,1,edited,111,3.6109179126442243,2.4144961038170143
4,1,edited,204,3.7376696182833684,2.785858293281529
4,1,edited,153,6.234410725718371,6.174669291800061
4,1,edited,161,3.1780538303479458,3.390143243296615
4,1,edited,190,5.153291594497779,5.352066885656241
4,1,edited,12,4.5217885770490405,3.7419386663179663
4,1,edited,195,5.337538079701318,5.964950942942074
4,1,edited,110,3.091042453358316,2.4238985231501
4,1,edited,133,3.4657359027997265,4.039035623695981
4,1,edited,49,4.127134385045092,3.7667321408186245
4,1,edited,89,4.189654742026425,3.831213654771334
4,1,edited,159,2.833213344056216,3.2936097082916485
4,1,edited,205,3.828641396489095,4.179339076716605
4,1,edited,175,3.912023005428146,4.266338025932699
4,1,edited,32,3.4657359027997265,4.681793094991237
4,1,edited,70,4.127134385045092,3.637020644087726
4,1,edited,184,3.4965075614664802,4.205894935697478
4,1,edited,147,4.709530201312334,4.531271341496033
4,1,edited,164,3.828641396489095,3.828528668130173
4,1,edited,90,4.948759890378168,5.2417470149238605
4,1,edited,108,2.3978952727983707,2.400895525690901
4,1,edited,67,3.258096538021482,2.8919432220522228
4,1,edited,191,5.5134287461649825,5.770389893704229
4,1,edited,40,3.58351893845611,3.305888544666076
4,1,edited,43,4.0943445622221,3.8616154008915538
4,1,edited,130,4.912654885736052,4.697793522524662
4,1,edited,198,6.818924065275521,3.635460412132109
4,1,edited,114,3.912023005428146,3.7361533999442087
4,1,edited,76,3.8066624897703196,3.1240619914677836
4,1,edited,200,2.4849066497880004,2.8417898836693407
4,1,edited,142,3.912023005428146,4.139744480440794
4,1,edited,188,4.727387818712341,4.177373652089431
4,1,edited,150,5.365976015021851,5.223166340009634
4,1,edited,78,3.58351893845611,3.582723466353278
4,1,edited,56,4.2626798770413155,3.634436185624491
4,1,edited,48,3.6888794541139363,3.4354190008500525
4,1,edited,109,2.8903717578961645,2.417651900347373
4,1,edited,102,1.9459101490553132,2.564947760095396
4,1,edited,141,4.0943445622221,4.126600660733144
4,1,edited,14,2.302585092994046,3.9226557235177
4,1,edited,86,3.6888794541139363,3.370255536855261
4,1,edited,6,5.905361848054571,6.192100325450387
4,1,edited,1,5.594711379601839,5.393633937045599
4,1,edited,33,4.143134726391533,4.681793094991237
4,1,edited,176,3.4011973816621555,2.8417898836693407
4,1,edited,47,2.995732273553991,3.03263701543312
4,1,edited,173,3.2188758248682006,2.8869777827809093
4,1,edited,99,1.791759469228055,3.7875353415679753
4,1,condensed,45,4.276666119016055,4.006836022773252
4,1,condensed,162,3.5263605246161616,3.9348105915238736
4,1,condensed,39,3.258096538021482,3.0926745644851574
4,1,condensed,168,4.941642422609304,5.515750251830056
4,1,condensed,58,2.6390573296152584,3.16686908880068
4,1,condensed,94,5.4680601411351315,5.408846018153553
4,1,condensed,167,4.605170185988092,4.850486538464299
4,1,condensed,158,2.4849066497880004,2.4066978772911387
4,1,condensed,202,2.8903717578961645,2.8417898836693407
4,1,condensed,155,5.786897381366708,5.9082737986518055
4,1,condensed,52,4.927253685157205,4.020869759662952
4,1,condensed,10,3.6375861597263857,3.579394203095769
4,1,condensed,165,3.9318256327243257,5.254328169209282
4,1,condensed,132,3.258096538021482,4.0288853092925585
4,1,condensed,143,4.189654742026425,4.029707169314904
4,1,condensed,119,4.189654742026425,3.89667662488903
4,1,condensed,193,4.248495242049359,3.8832686763073694
4,1,condensed,28,4.343805421853684,3.295836866004329
4,1,condensed,63,4.969813299576001,4.606430573031431
4,1,condensed,139,3.6888794541139363,2.7750185290606306
4,1,condensed,125,3.295836866004329,3.1455739228286435
4,1,condensed,112,3.6888794541139363,3.3831978342725666
4,1,condensed,121,4.890349128221754,4.269138565589245
4,1,condensed,69,3.4657359027997265,3.6807474378038205
4,1,condensed,174,3.912023005428146,3.021011454161012
4,1,condensed,74,3.784189633918261,3.435500841177294
4,1,condensed,80,2.772588722239781,3.42449644506001
4,1,condensed,199,7.047517221357296,3.650325055312144
4,1,condensed,186,4.867534450455582,4.243519944634165
4,1,condensed,57,2.4849066497880004,3.16686908880068
4,1,condensed,183,3.091042453358316,3.391260713240819
4,1,condensed,97,5.6240175061873385,5.3863308347516865
4,1,condensed,18,3.4339872044851463,3.073671022229002
4,1,condensed,101,3.8066624897703196,3.4769033801707536
4,1,condensed,71,4.1588830833596715,4.3532254319717785
4,1,condensed,104,2.772588722239781,3.390392132085977
4,1,condensed,77,3.970291913552122,4.251629267418631
4,1,condensed,34,4.663439094112067,5.3373924678917
4,1,condensed,136,4.174387269895637,4.007394594647961
4,1,condensed,0,5.288267030694535,4.788284292212402
4,1,condensed,134,3.8066624897703196,3.834538056938827
4,1,condensed,92,3.091042453358316,3.5775017126201747
4,1,condensed,60,2.772588722239781,3.16686908880068
4,1,condensed,3,5.147494476813453,5.3985122495310005
4,1,condensed,166,4.7535901911063645,5.254328169209282
4,1,condensed,4,4.882801922586371,5.2423475132489825
4,1,condensed,126,3.8066624897703196,3.2263928878094377
4,1,condensed,22,4.110873864173311,4.313880058658874
4,1,condensed,59,2.995732273553991,3.16686908880068
4,1,condensed,46,2.8903717578961645,3.1681644616664557
4,1,condensed,196,5.726847747587197,5.983936280687217
4,1,condensed,170,3.2188758248682006,3.2725712769851527
4,1,condensed,62,3.58351893845611,3.1214145683656973
4,1,condensed,123,2.8903717578961645,2.564993690726182
4,1,condensed,148,4.962844630259907,4.379376695630223
4,1,condensed,163,3.7376696182833684,3.8083245364160514
4,1,condensed,44,4.276666119016055,4.0065568363793025
4,1,condensed,111,3.6109179126442243,2.8398938414166413
4,1,condensed,204,3.7376696182833684,3.0894688421213905
4,1,condensed,153,6.234410725718371,5.998838111555362
4,1,condensed,161,3.1780538303479458,3.2183644565787137
4,1,condensed,190,5.153291594497779,5.3636352043600946
4,1,condensed,12,4.5217885770490405,3.82484651641289
4,1,condensed,195,5.337538079701318,5.833058525284704
4,1,condensed,110,3.091042453358316,2.8599401906681905
4,1,condensed,133,3.4657359027997265,4.027103643483875
4,1,condensed,49,4.127134385045092,3.8106133887968117
4,1,condensed,89,4.189654742026425,3.921924008855863
4,1,condensed,159,2.833213344056216,2.624007308121117
4,1,condensed,205,3.828641396489095,4.293166678562196
4,1,condensed,175,3.912023005428146,3.745771316915143
4,1,condensed,32,3.4657359027997265,4.670362556768037
4,1,condensed,70,4.127134385045092,3.712047808765446
4,1,condensed,184,3.4965075614664802,4.294215821517213
4,1,condensed,147,4.709530201312334,4.508189990619436
4,1,condensed,164,3.828641396489095,3.8601257316206468
4,1,condensed,90,4.948759890378168,5.24163815448379
4,1,condensed,108,2.3978952727983707,2.8715015939047417
4,1,condensed,67,3.258096538021482,3.0195408991350323
4,1,condensed,191,5.5134287461649825,5.8850850470836225
4,1,condensed,40,3.58351893845611,3.078225638110771
4,1,condensed,43,4.0943445622221,3.7358709092551496
4,1,condensed,130,4.912654885736052,4.883098491068355
4,1,condensed,198,6.818924065275521,3.5513752813472075
4,1,condensed,114,3.912023005428146,3.7433137130012475
4,1,condensed,76,3.8066624897703196,3.4924243841335523
4,1,condensed,200,2.4849066497880004,2.8417898836693407
4,1,condensed,142,3.912023005428146,3.2692424910700506
4,1,condensed,188,4.727387818712341,4.240426098178757
4,1,condensed,150,5.365976015021851,5.243169079866985
4,1,condensed,78,3.58351893845611,3.1964493007995705
4,1,condensed,56,4.2626798770413155,3.6962114035965405
4,1,condensed,48,3.6888794541139363,3.295836866004329
4,1,condensed,109,2.8903717578961645,2.859746537077134
4,1,condensed,102,1.9459101490553132,2.565014002335253
4,1,condensed,141,4.0943445622221,4.107486240726265
4,1,condensed,14,2.302585092994046,3.581963415994948
4,1,condensed,86,3.6888794541139363,3.3878710157017617
4,1,condensed,6,5.905361848054571,5.723786030922682
4,1,condensed,1,5.594711379601839,5.3985122495310005
4,1,condensed,33,4.143134726391533,4.670362556768037
4,1,condensed,176,3.4011973816621555,2.8417898836693407
4,1,condensed,47,2.995732273553991,3.166467089034739
4,1,condensed,173,3.2188758248682006,2.8947302230609218
4,1,condensed,99,1.791759469228055,3.7656920389013218
4,2,null,88,4.897839799950911,3.992411867942451
4,2,null,66,2.833213344056216,3.992411867942451
4,2,null,152,5.91350300563827,3.992411867942451
4,2,null,93,4.882801922586371,3.992411867942451
4,2,null,135,3.9889840465642745,3.992411867942451
4,2,null,178,3.6375861597263857,3.992411867942451
4,2,null,105,3.4657359027997265,3.992411867942451
4,2,null,113,3.5263605246161616,3.992411867942451
4,2,null,206,3.9512437185814275,3.992411867942451
4,2,null,27,3.295836866004329,3.992411867942451
4,2,null,36,2.995732273553991,3.992411867942451
4,2,null,197,5.983936280687191,3.992411867942451
4,2,null,64,4.969813299576001,3.992411867942451
4,2,null,182,2.3978952727983707,3.992411867942451
4,2,null,53,3.58351893845611,3.992411867942451
4,2,null,145,4.30406509320417,3.992411867942451
4,2,null,122,2.4849066497880004,3.992411867942451
4,2,null,131,2.772588722239781,3.992411867942451
4,2,null,65,5.556828061699537,3.992411867942451
4,2,null,17,3.332204510175204,3.992411867942451
4,2,null,15,3.5553480614894135,3.992411867942451
4,2,null,179,4.0943445622221,3.992411867942451
4,2,null,180,4.6913478822291435,3.992411867942451
4,2,null,127,4.02535169073515,3.992411867942451
4,2,null,7,6.192362489474872,3.992411867942451
4,2,null,201,2.6390573296152584,3.992411867942451
4,2,null,38,4.2626798770413155,3.992411867942451
4,2,null,117,3.1780538303479458,3.992411867942451
4,2,null,171,3.4011973816621555,3.992411867942451
4,2,null,187,4.31748811353631,3.992411867942451
4,2,null,181,1.791759469228055,3.992411867942451
4,2,null,137,3.4011973816621555,3.992411867942451
4,2,null,2,5.393627546352362,3.992411867942451
4,2,null,115,4.330733340286331,3.992411867942451
4,2,null,151,5.6240175061873385,3.992411867942451
4,2,null,208,3.8066624897703196,3.992411867942451
4,2,null,37,3.367295829986474,3.992411867942451
4,2,null,207,4.204692619390966,3.992411867942451
4,2,null,20,3.4011973816621555,3.992411867942451
4,2,null,42,3.9512437185814275,3.992411867942451
4,2,null,177,3.4657359027997265,3.992411867942451
4,2,null,24,3.1354942159291497,3.992411867942451
4,2,null,79,4.430816798843313,3.992411867942451
4,2,null,91,5.241747015059643,3.992411867942451
4,2,null,61,3.091042453358316,3.992411867942451
4,2,null,8,6.455198563340122,3.992411867942451
4,2,null,124,2.995732273553991,3.992411867942451
4,2,null,85,3.367295829986474,3.992411867942451
4,2,null,25,4.23410650459726,3.992411867942451
4,2,null,140,4.127134385045092,3.992411867942451
4,2,null,154,5.365976015021851,3.992411867942451
4,2,null,11,3.6888794541139363,3.992411867942451
4,2,null,189,5.236441962829949,3.992411867942451
4,2,null,23,4.330733340286331,3.992411867942451
4,2,null,95,6.142037405587356,3.992411867942451
4,2,null,156,6.234410725718371,3.992411867942451
4,2,null,50,3.1780538303479458,3.992411867942451
4,2,null,107,2.3978952727983707,3.992411867942451
4,2,null,51,3.1780538303479458,3.992411867942451
4,2,null,87,3.5553480614894135,3.992411867942451
4,2,null,21,3.4965075614664802,3.992411867942451
4,2,null,172,3.713572066704308,3.992411867942451
4,2,null,116,4.189654742026425,3.992411867942451
4,2,null,75,3.912023005428146,3.992411867942451
4,2,null,100,3.1780538303479458,3.992411867942451
4,2,null,169,5.356586274672012,3.992411867942451
4,2,null,103,2.5649493574615367,3.992411867942451
4,2,null,26,3.4965075614664802,3.992411867942451
4,2,null,149,4.653960350157523,3.992411867942451
4,2,null,83,2.772588722239781,3.992411867942451
4,2,null,13,4.927253685157205,3.992411867942451
4,2,null,120,4.605170185988092,3.992411867942451
4,2,null,16,2.9444389791664403,3.992411867942451
4,2,null,185,4.060443010546419,3.992411867942451
4,2,null,138,3.912023005428146,3.992411867942451
4,2,null,9,7.042286171939743,3.992411867942451
4,2,null,84,3.091042453358316,3.992411867942451
4,2,null,5,5.762051382780177,3.992411867942451
4,2,null,194,4.736198448394496,3.992411867942451
4,2,null,106,3.4657359027997265,3.992411867942451
4,2,null,73,3.58351893845611,3.992411867942451
4,2,null,118,3.8918202981106265,3.992411867942451
4,2,null,82,3.6375861597263857,3.992411867942451
4,2,null,192,6.003887067106539,3.992411867942451
4,2,null,31,5.908082938168931,3.992411867942451
4,2,null,54,3.258096538021482,3.992411867942451
4,2,null,146,4.532599493153256,3.992411867942451
4,2,null,29,3.295836866004329,3.992411867942451
4,2,null,55,4.0943445622221,3.992411867942451
4,2,null,41,3.6888794541139363,3.992411867942451
4,2,null,160,3.044522437723423,3.992411867942451
4,2,null,30,5.6131281063880705,3.992411867942451
4,2,null,19,4.787491742782046,3.992411867942451
4,2,null,157,2.0794415416798357,3.992411867942451
4,2,null,98,5.220355825078324,3.992411867942451
4,2,null,128,4.248495242049359,3.992411867942451
4,2,null,96,6.142037405587356,3.992411867942451
4,2,null,72,3.091042453358316,3.992411867942451
4,2,null,129,4.382026634673881,3.992411867942451
4,2,null,144,4.454347296253507,3.992411867942451
4,2,null,35,5.337538079701318,3.992411867942451
4,2,null,203,3.044522437723423,3.992411867942451
4,2,null,68,3.4657359027997265,3.992411867942451
4,2,null,81,3.6375861597263857,3.992411867942451
4,2,knn,88,4.897839799950911,4.943328694007226
4,2,knn,66,2.833213344056216,3.2505252216444256
4,2,knn,152,5.91350300563827,5.786877676647544
4,2,knn,93,4.882801922586371,4.164692987468013
4,2,knn,135,3.9889840465642745,4.174309903322289
4,2,knn,178,3.6375861597263857,3.367859484134729
4,2,knn,105,3.4657359027997265,3.517191057731793
4,2,knn,113,3.5263605246161616,3.687735856652081
4,2,knn,206,3.9512437185814275,3.6597373173281453
4,2,knn,27,3.295836866004329,3.7047990895341396
4,2,knn,36,2.995732273553991,2.8183579730747352
4,2,knn,197,5.983936280687191,5.726847747587197
4,2,knn,64,4.969813299576001,4.96927267355026
4,2,knn,182,2.3978952727983707,3.1846530522843715
4,2,knn,53,3.58351893845611,3.7125890609767938
4,2,knn,145,4.30406509320417,4.7205851713317
4,2,knn,122,2.4849066497880004,2.8903717554706483
4,2,knn,131,2.772588722239781,3.703507649960105
4,2,knn,65,5.556828061699537,4.956707534339014
4,2,knn,17,3.332204510175204,3.5947830901354005
4,2,knn,15,3.5553480614894135,4.009132526312343
4,2,knn,179,4.0943445622221,3.960919909565362
4,2,knn,180,4.6913478822291435,4.00146436553937
4,2,knn,127,4.02535169073515,3.660740518933254
4,2,knn,7,6.192362489474872,5.905361848060614
4,2,knn,201,2.6390573296152584,2.8850759487858735
4,2,knn,38,4.2626798770413155,3.6811499202554936
4,2,knn,117,3.1780538303479458,3.6250863921360357
4,2,knn,171,3.4011973816621555,3.1361387984809697
4,2,knn,187,4.31748811353631,4.543925503532171
4,2,knn,181,1.791759469228055,3.1346181609788633
4,2,knn,137,3.4011973816621555,4.110882021973513
4,2,knn,2,5.393627546352362,5.37110345642863
4,2,knn,115,4.330733340286331,4.8033311948492905
4,2,knn,151,5.6240175061873385,5.786878960960488
4,2,knn,208,3.8066624897703196,3.29723279688066
4,2,knn,37,3.367295829986474,2.949440130731967
4,2,knn,207,4.204692619390966,3.703388520084636
4,2,knn,20,3.4011973816621555,3.878825188057259
4,2,knn,42,3.9512437185814275,4.0932208594115345
4,2,knn,177,3.4657359027997265,3.2407213069419454
4,2,knn,24,3.1354942159291497,3.8763485194392047
4,2,knn,79,4.430816798843313,3.9800350208043436
4,2,knn,91,5.241747015059643,4.948759890377974
4,2,knn,61,3.091042453358316,2.7233664462536744
4,2,knn,8,6.455198563340122,5.9057080441856815
4,2,knn,124,2.995732273553991,2.8858879919607525
4,2,knn,85,3.367295829986474,3.549436035994959
4,2,knn,25,4.23410650459726,3.1798885698514563
4,2,knn,140,4.127134385045092,4.091054108651554
4,2,knn,154,5.365976015021851,4.716423778898803
4,2,knn,11,3.6888794541139363,3.5632152415893144
4,2,knn,189,5.236441962829949,5.122348868115059
4,2,knn,23,4.330733340286331,4.110913751035685
4,2,knn,95,6.142037405587356,5.905361848304709
4,2,knn,156,6.234410725718371,6.234401596257471
4,2,knn,50,3.1780538303479458,2.7318165137512116
4,2,knn,107,2.3978952727983707,2.521093415341611
4,2,knn,51,3.1780538303479458,2.809523195211892
4,2,knn,87,3.5553480614894135,3.0949395038117498
4,2,knn,21,3.4965075614664802,3.6196145983397257
4,2,knn,172,3.713572066704308,4.5201523519550495
4,2,knn,116,4.189654742026425,4.810104989343546
4,2,knn,75,3.912023005428146,3.940087640749182
4,2,knn,100,3.1780538303479458,3.1904322989266793
4,2,knn,169,5.356586274672012,5.418017106135401
4,2,knn,103,2.5649493574615367,1.9460955150745245
4,2,knn,26,3.4965075614664802,4.042853032620795
4,2,knn,149,4.653960350157523,3.5384291016337874
4,2,knn,83,2.772588722239781,3.054104083359645
4,2,knn,13,4.927253685157205,4.709279856630851
4,2,knn,120,4.605170185988092,4.707459744982153
4,2,knn,16,2.9444389791664403,3.4239489120562725
4,2,knn,185,4.060443010546419,3.71049723431586
4,2,knn,138,3.912023005428146,3.8308649753603055
4,2,knn,9,7.042286171939743,6.22042774960485
4,2,knn,84,3.091042453358316,2.9716857758563133
4,2,knn,5,5.762051382780177,5.786586696239419
4,2,knn,194,4.736198448394496,4.8552792826176345
4,2,knn,106,3.4657359027997265,3.6621672301051302
4,2,knn,73,3.58351893845611,3.7659209885693827
4,2,knn,118,3.8918202981106265,3.9282941915864127
4,2,knn,82,3.6375861597263857,4.114477888543532
4,2,knn,192,6.003887067106539,5.516585956862345
4,2,knn,31,5.908082938168931,4.899601782835111
4,2,knn,54,3.258096538021482,3.617831277358285
4,2,knn,146,4.532599493153256,4.709840934174743
4,2,knn,29,3.295836866004329,4.216980506495424
4,2,knn,55,4.0943445622221,4.348523077044896
4,2,knn,41,3.6888794541139363,4.093419997594475
4,2,knn,160,3.044522437723423,3.3822636267590673
4,2,knn,30,5.6131281063880705,4.899601782835111
4,2,knn,19,4.787491742782046,4.964286575108622
4,2,knn,157,2.0794415416798357,2.614935447120046
4,2,knn,98,5.220355825078324,5.122285510285036
4,2,knn,128,4.248495242049359,4.300399598064873
4,2,knn,96,6.142037405587356,5.90536314030106
4,2,knn,72,3.091042453358316,3.446427290446841
4,2,knn,129,4.382026634673881,4.300399598064873
4,2,knn,144,4.454347296253507,4.354581469684824
4,2,knn,35,5.337538079701318,4.663439360970505
4,2,knn,203,3.044522437723423,2.8850759487858735
4,2,knn,68,3.4657359027997265,3.4853289387225863
4,2,knn,81,3.6375861597263857,4.115299035626645
4,2,edited,88,4.897839799950911,4.224686836189371
4,2,edited,66,2.833213344056216,3.1645720838774034
4,2,edited,152,5.91350300563827,5.773112450904142
4,2,edited,93,4.882801922586371,4.172082484186173
4,2,edited,135,3.9889840465642745,4.172652278297568
4,2,edited,178,3.6375861597263857,3.410919791088797
4,2,edited,105,3.4657359027997265,3.563184425093986
4,2,edited,113,3.5263605246161616,3.6271006361834055
4,2,edited,206,3.9512437185814275,3.635246352047226
4,2,edited,27,3.295836866004329,3.292462586480062
4,2,edited,36,2.995732273553991,3.108909233684991
4,2,edited,197,5.983936280687191,5.726847747534562
4,2,edited,64,4.969813299576001,4.401129810969124
4,2,edited,182,2.3978952727983707,3.240321833795611
4,2,edited,53,3.58351893845611,3.5997524634888474
4,2,edited,145,4.30406509320417,4.655449094654015
4,2,edited,122,2.4849066497880004,1.9960773284938937
4,2,edited,131,2.772588722239781,3.576199221482728
4,2,edited,65,5.556828061699537,4.672680403912165
4,2,edited,17,3.332204510175204,3.6106364607068966
4,2,edited,15,3.5553480614894135,3.9959995484153317
4,2,edited,179,4.0943445622221,3.8295815993856626
4,2,edited,180,4.6913478822291435,3.823705632654782
4,2,edited,127,4.02535169073515,3.6118256002015694
4,2,edited,7,6.192362489474872,5.905387059547446
4,2,edited,201,2.6390573296152584,3.072994445846498
4,2,edited,38,4.2626798770413155,3.62357182043021
4,2,edited,117,3.1780538303479458,3.408212305062414
4,2,edited,171,3.4011973816621555,3.2389145334160063
4,2,edited,187,4.31748811353631,4.201720497525366
4,2,edited,181,1.791759469228055,3.2101480854543585
4,2,edited,137,3.4011973816621555,4.112686458568155
4,2,edited,2,5.393627546352362,5.372680159737493
4,2,edited,115,4.330733340286331,4.003276824396064
4,2,edited,151,5.6240175061873385,5.773434345395599
4,2,edited,208,3.8066624897703196,3.3703651262853684
4,2,edited,37,3.367295829986474,3.2140459711034453
4,2,edited,207,4.204692619390966,3.689131723331499
4,2,edited,20,3.4011973816621555,3.618506552170704
4,2,edited,42,3.9512437185814275,4.05943696179237
4,2,edited,177,3.4657359027997265,3.229331849899686
4,2,edited,24,3.1354942159291497,3.5865109754403397
4,2,edited,79,4.430816798843313,3.9240889868939757
4,2,edited,91,5.241747015059643,4.286177293601648
4,2,edited,61,3.091042453358316,2.7346328998464196
4,2,edited,8,6.455198563340122,5.9261586292650925
4,2,edited,124,2.995732273553991,2.8303501225919576
4,2,edited,85,3.367295829986474,3.4576649048579253
4,2,edited,25,4.23410650459726,3.286164694105142
4,2,edited,140,4.127134385045092,3.9640026816461362
4,2,edited,154,5.365976015021851,4.834672405522137
4,2,edited,11,3.6888794541139363,3.5152105541440446
4,2,edited,189,5.236441962829949,5.124019624530844
4,2,edited,23,4.330733340286331,4.113074204462599
4,2,edited,95,6.142037405587356,5.9054666224110335
4,2,edited,156,6.234410725718371,6.220786664086664
4,2,edited,50,3.1780538303479458,2.7582498940403526
4,2,edited,107,2.3978952727983707,2.7033159352792513
4,2,edited,51,3.1780538303479458,2.819892752109864
4,2,edited,87,3.5553480614894135,3.2427232608080305
4,2,edited,21,3.4965075614664802,3.5387686135856957
4,2,edited,172,3.713572066704308,4.399319108150258
4,2,edited,116,4.189654742026425,4.0028025174174084
4,2,edited,75,3.912023005428146,3.898679803238628
4,2,edited,100,3.1780538303479458,3.191915673401959
4,2,edited,169,5.356586274672012,5.284307804418695
4,2,edited,103,2.5649493574615367,2.01755079058985
4,2,edited,26,3.4965075614664802,3.472256065117057
4,2,edited,149,4.653960350157523,3.6551736301888873
4,2,edited,83,2.772588722239781,3.3178576073405655
4,2,edited,13,4.927253685157205,4.687158640720361
4,2,edited,120,4.605170185988092,4.377891318614359
4,2,edited,16,2.9444389791664403,3.4327983729612592
4,2,edited,185,4.060443010546419,3.66596168797227
4,2,edited,138,3.912023005428146,3.7796499894302165
4,2,edited,9,7.042286171939743,6.157856541515244
4,2,edited,84,3.091042453358316,3.5050972020077897
4,2,edited,5,5.762051382780177,5.741052352377719
4,2,edited,194,4.736198448394496,4.390575829441624
4,2,edited,106,3.4657359027997265,3.7369723940896793
4,2,edited,73,3.58351893845611,3.7038730701307068
4,2,edited,118,3.8918202981106265,3.898923303577776
4,2,edited,82,3.6375861597263857,4.128070866535587
4,2,edited,192,6.003887067106539,5.573887559110204
4,2,edited,31,5.908082938168931,4.810609418822141
4,2,edited,54,3.258096538021482,3.444297246261472
4,2,edited,146,4.532599493153256,4.728935226157627
4,2,edited,29,3.295836866004329,3.4505123611218393
4,2,edited,55,4.0943445622221,3.8473349569771345
4,2,edited,41,3.6888794541139363,4.058492997876202
4,2,edited,160,3.044522437723423,3.426516850259829
4,2,edited,30,5.6131281063880705,4.810609418822141
4,2,edited,19,4.787491742782046,4.881939211052128
4,2,edited,157,2.0794415416798357,2.9961320584011557
4,2,edited,98,5.220355825078324,5.1176778768173365
4,2,edited,128,4.248495242049359,4.019005657505774
4,2,edited,96,6.142037405587356,5.907641540193003
4,2,edited,72,3.091042453358316,3.447992271089504
4,2,edited,129,4.382026634673881,4.019005657505774
4,2,edited,144,4.454347296253507,4.381870193254553
4,2,edited,35,5.337538079701318,5.134957794961226
4,2,edited,203,3.044522437723423,3.072994445846498
4,2,edited,68,3.4657359027997265,3.445595524553322
4,2,edited,81,3.6375861597263857,4.08612699728536
4,2,condensed,88,4.897839799950911,4.7962723108390914
4,2,condensed,66,2.833213344056216,3.2410498032423667
4,2,condensed,152,5.91350300563827,5.329447323557949
4,2,condensed,93,4.882801922586371,4.095050708664166
4,2,condensed,135,3.9889840465642745,4.048148592198002
4,2,condensed,178,3.6375861597263857,3.5284592628921327
4,2,condensed,105,3.4657359027997265,3.229999329255848
4,2,condensed,113,3.5263605246161616,3.559168394980755
4,2,condensed,206,3.9512437185814275,3.850867522275697
4,2,condensed,27,3.295836866004329,3.3696990414055845
4,2,condensed,36,2.995732273553991,3.1274841400008833
4,2,condensed,197,5.983936280687191,4.97489653982918
4,2,condensed,64,4.969813299576001,4.475839011450667
4,2,condensed,182,2.3978952727983707,3.3273059850729827
4,2,condensed,53,3.58351893845611,3.705980288556529
4,2,condensed,145,4.30406509320417,4.540766623014317
4,2,condensed,122,2.4849066497880004,2.639257448965357
4,2,condensed,131,2.772588722239781,3.722571127341906
4,2,condensed,65,5.556828061699537,4.554307581063363
4,2,condensed,17,3.332204510175204,3.787847788004344
4,2,condensed,15,3.5553480614894135,4.002908478761861
4,2,condensed,179,4.0943445622221,3.884863168105955
4,2,condensed,180,4.6913478822291435,3.765631444742366
4,2,condensed,127,4.02535169073515,3.794439792262813
4,2,condensed,7,6.192362489474872,6.234403459799633
4,2,condensed,201,2.6390573296152584,3.331886515024878
4,2,condensed,38,4.2626798770413155,3.7918192034563893
4,2,condensed,117,3.1780538303479458,3.3954103145585077
4,2,condensed,171,3.4011973816621555,3.3384769600964677
4,2,condensed,187,4.31748811353631,4.226588291478923
4,2,condensed,181,1.791759469228055,3.2505690748367635
4,2,condensed,137,3.4011973816621555,4.071142938145656
4,2,condensed,2,5.393627546352362,5.132738096706648
4,2,condensed,115,4.330733340286331,4.447810941137733
4,2,condensed,151,5.6240175061873385,5.329633964960425
4,2,condensed,208,3.8066624897703196,3.2181207041545936
4,2,condensed,37,3.367295829986474,3.1833799003782013
4,2,condensed,207,4.204692619390966,3.731243084002146
4,2,condensed,20,3.4011973816621555,3.8334879046644983
4,2,condensed,42,3.9512437185814275,4.014287645890498
4,2,condensed,177,3.4657359027997265,3.3324513095676194
4,2,condensed,24,3.1354942159291497,3.605904299180851
4,2,condensed,79,4.430816798843313,4.027017885503634
4,2,condensed,91,5.241747015059643,4.948743064585625
4,2,condensed,61,3.091042453358316,2.6391855653096976
4,2,condensed,8,6.455198563340122,6.2344007688986025
4,2,condensed,124,2.995732273553991,2.6416685623181317
4,2,condensed,85,3.367295829986474,3.534432235874724
4,2,condensed,25,4.23410650459726,3.1848822372203864
4,2,condensed,140,4.127134385045092,3.6429148050710842
4,2,condensed,154,5.365976015021851,4.912043903668451
4,2,condensed,11,3.6888794541139363,3.3184801681178313
4,2,condensed,189,5.236441962829949,5.212897326129233
4,2,condensed,23,4.330733340286331,3.8397061499635305
4,2,condensed,95,6.142037405587356,6.234400323940573
4,2,condensed,156,6.234410725718371,6.234410694346376
4,2,condensed,50,3.1780538303479458,2.646153464536564
4,2,condensed,107,2.3978952727983707,2.640003338676846
4,2,condensed,51,3.1780538303479458,2.662254267315421
4,2,condensed,87,3.5553480614894135,3.6436557508738394
4,2,condensed,21,3.4965075614664802,3.8362540381892813
4,2,condensed,172,3.713572066704308,4.48891688768037
4,2,condensed,116,4.189654742026425,4.454338289101944
4,2,condensed,75,3.912023005428146,3.899058329068753
4,2,condensed,100,3.1780538303479458,3.2540148755366642
4,2,condensed,169,5.356586274672012,5.415144741800159
4,2,condensed,103,2.5649493574615367,2.639321546815975
4,2,condensed,26,3.4965075614664802,3.7152080907692175
4,2,condensed,149,4.653960350157523,3.892468603575107
4,2,condensed,83,2.772588722239781,3.108519604070443
4,2,condensed,13,4.927253685157205,4.6601355889235005
4,2,condensed,120,4.605170185988092,4.301569052660642
4,2,condensed,16,2.9444389791664403,3.5607641711644953
4,2,condensed,185,4.060443010546419,3.9077583317014555
4,2,condensed,138,3.912023005428146,3.8031292809407757
4,2,condensed,9,7.042286171939743,6.234410856565769
4,2,condensed,84,3.091042453358316,3.1825162842236496
4,2,condensed,5,5.762051382780177,5.336219964928699
4,2,condensed,194,4.736198448394496,4.751018116279704
4,2,condensed,106,3.4657359027997265,3.562681401075684
4,2,condensed,73,3.58351893845611,3.7643007012374246
4,2,condensed,118,3.8918202981106265,3.946185093899793
4,2,condensed,82,3.6375861597263857,4.899564292267932
4,2,condensed,192,6.003887067106539,5.8843672083423595
4,2,condensed,31,5.908082938168931,4.552691221033091
4,2,condensed,54,3.258096538021482,3.516119517786373
4,2,condensed,146,4.532599493153256,4.807172228598392
4,2,condensed,29,3.295836866004329,3.7685562793449603
4,2,condensed,55,4.0943445622221,4.169205588613007
4,2,condensed,41,3.6888794541139363,4.041064743823676
4,2,condensed,160,3.044522437723423,3.5997803959397583
4,2,condensed,30,5.6131281063880705,4.552691221033091
4,2,condensed,19,4.787491742782046,4.794089179827776
4,2,condensed,157,2.0794415416798357,3.163216463407982
4,2,condensed,98,5.220355825078324,4.552737153128998
4,2,condensed,128,4.248495242049359,4.2877695972922885
4,2,condensed,96,6.142037405587356,6.2323440015614935
4,2,condensed,72,3.091042453358316,3.538639988063169
4,2,condensed,129,4.382026634673881,4.2877695972922885
4,2,condensed,144,4.454347296253507,4.654563518378194
4,2,condensed,35,5.337538079701318,4.949868074811843
4,2,condensed,203,3.044522437723423,3.331886515024878
4,2,condensed,68,3.4657359027997265,3.6813674826654608
4,2,condensed,81,3.6375861597263857,3.7502676243243904
5,1,null,72,3.091042453358316,4.033395089766557
5,1,null,41,3.6888794541139363,4.033395089766557
5,1,null,92,3.091042453358316,4.033395089766557
5,1,null,137,3.4011973816621555,4.033395089766557
5,1,null,97,5.6240175061873385,4.033395089766557
5,1,null,160,3.044522437723423,4.033395089766557
5,1,null,98,5.220355825078324,4.033395089766557
5,1,null,121,4.890349128221754,4.033395089766557
5,1,null,33,4.143134726391533,4.033395089766557
5,1,null,89,4.189654742026425,4.033395089766557
5,1,null,17,3.332204510175204,4.033395089766557
5,1,null,39,3.258096538021482,4.033395089766557
5,1,null,140,4.127134385045092,4.033395089766557
5,1,null,208,3.8066624897703196,4.033395089766557
5,1,null,197,5.983936280687191,4.033395089766557
5,1,null,177,3.4657359027997265,4.033395089766557
5,1,null,21,3.4965075614664802,4.033395089766557
5,1,null,60,2.772588722239781,4.033395089766557
5,1,null,15,3.5553480614894135,4.033395089766557
5,1,null,135,3.9889840465642745,4.033395089766557
5,1,null,157,2.0794415416798357,4.033395089766557
5,1,null,118,3.8918202981106265,4.033395089766557
5,1,null,108,2.3978952727983707,4.033395089766557
5,1,null,179,4.0943445622221,4.033395089766557
5,1,null,37,3.367295829986474,4.033395089766557
5,1,null,204,3.7376696182833684,4.033395089766557
5,1,null,101,3.8066624897703196,4.033395089766557
5,1,null,13,4.927253685157205,4.033395089766557
5,1,null,153,6.234410725718371,4.033395089766557
5,1,null,105,3.4657359027997265,4.033395089766557
5,1,null,167,4.605170185988092,4.033395089766557
5,1,null,48,3.6888794541139363,4.033395089766557
5,1,null,95,6.142037405587356,4.033395089766557
5,1,null,102,1.9459101490553132,4.033395089766557
5,1,null,173,3.2188758248682006,4.033395089766557
5,1,null,127,4.02535169073515,4.033395089766557
5,1,null,23,4.330733340286331,4.033395089766557
5,1,null,110,3.091042453358316,4.033395089766557
5,1,null,200,2.4849066497880004,4.033395089766557
5,1,null,125,3.295836866004329,4.033395089766557
5,1,null,99,1.791759469228055,4.033395089766557
5,1,null,27,3.295836866004329,4.033395089766557
5,1,null,3,5.147494476813453,4.033395089766557
5,1,null,76,3.8066624897703196,4.033395089766557
5,1,null,42,3.9512437185814275,4.033395089766557
5,1,null,87,3.5553480614894135,4.033395089766557
5,1,null,12,4.5217885770490405,4.033395089766557
5,1,null,142,3.912023005428146,4.033395089766557
5,1,null,0,5.288267030694535,4.033395089766557
5,1,null,154,5.365976015021851,4.033395089766557
5,1,null,147,4.709530201312334,4.033395089766557
5,1,null,191,5.5134287461649825,4.033395089766557
5,1,null,136,4.174387269895637,4.033395089766557
5,1,null,31,5.908082938168931,4.033395089766557
5,1,null,36,2.995732273553991,4.033395089766557
5,1,null,107,2.3978952727983707,4.033395089766557
5,1,null,104,2.772588722239781,4.033395089766557
5,1,null,53,3.58351893845611,4.033395089766557
5,1,null,43,4.0943445622221,4.033395089766557
5,1,null,169,5.356586274672012,4.033395089766557
5,1,null,28,4.343805421853684,4.033395089766557
5,1,null,166,4.7535901911063645,4.033395089766557
5,1,null,71,4.1588830833596715,4.033395089766557
5,1,null,143,4.189654742026425,4.033395089766557
5,1,null,145,4.30406509320417,4.033395089766557
5,1,null,138,3.912023005428146,4.033395089766557
5,1,null,148,4.962844630259907,4.033395089766557
5,1,null,46,2.8903717578961645,4.033395089766557
5,1,null,203,3.044522437723423,4.033395089766557
5,1,null,180,4.6913478822291435,4.033395089766557
5,1,null,207,4.204692619390966,4.033395089766557
5,1,null,115,4.330733340286331,4.033395089766557
5,1,null,152,5.91350300563827,4.033395089766557
5,1,null,96,6.142037405587356,4.033395089766557
5,1,null,79,4.430816798843313,4.033395089766557
5,1,null,114,3.912023005428146,4.033395089766557
5,1,null,74,3.784189633918261,4.033395089766557
5,1,null,54,3.258096538021482,4.033395089766557
5,1,null,73,3.58351893845611,4.033395089766557
5,1,null,29,3.295836866004329,4.033395089766557
5,1,null,170,3.2188758248682006,4.033395089766557
5,1,null,86,3.6888794541139363,4.033395089766557
5,1,null,5,5.762051382780177,4.033395089766557
5,1,null,40,3.58351893845611,4.033395089766557
5,1,null,44,4.276666119016055,4.033395089766557
5,1,null,113,3.5263605246161616,4.033395089766557
5,1,null,131,2.772588722239781,4.033395089766557
5,1,null,11,3.6888794541139363,4.033395089766557
5,1,null,30,5.6131281063880705,4.033395089766557
5,1,null,20,3.4011973816621555,4.033395089766557
5,1,null,106,3.4657359027997265,4.033395089766557
5,1,null,49,4.127134385045092,4.033395089766557
5,1,null,88,4.897839799950911,4.033395089766557
5,1,null,201,2.6390573296152584,4.033395089766557
5,1,null,168,4.941642422609304,4.033395089766557
5,1,null,193,4.248495242049359,4.033395089766557
5,1,null,64,4.969813299576001,4.033395089766557
5,1,null,70,4.127134385045092,4.033395089766557
5,1,null,50,3.1780538303479458,4.033395089766557
5,1,null,126,3.8066624897703196,4.033395089766557
5,1,null,4,4.882801922586371,4.033395089766557
5,1,null,94,5.4680601411351315,4.033395089766557
5,1,null,59,2.995732273553991,4.033395089766557
5,1,null,194,4.736198448394496,4.033395089766557
5,1,null,9,7.042286171939743,4.033395089766557
5,1,knn,72,3.091042453358316,3.306967711045501
5,1,knn,41,3.6888794541139363,4.164815440426049
5,1,knn,92,3.091042453358316,3.4915737872877513
5,1,knn,137,3.4011973816621555,3.668939891529891
5,1,knn,97,5.6240175061873385,5.356911009554867
5,1,knn,160,3.044522437723423,3.4598194262517663
5,1,knn,98,5.220355825078324,4.961248596694548
5,1,knn,121,4.890349128221754,4.575369406492151
5,1,knn,33,4.143134726391533,3.639404459493369
5,1,knn,89,4.189654742026425,4.006827491942337
5,1,knn,17,3.332204510175204,3.551301262196001
5,1,knn,39,3.258096538021482,3.296784341750158
5,1,knn,140,4.127134385045092,3.952911730889513
5,1,knn,208,3.8066624897703196,3.21775051479639
5,1,knn,197,5.983936280687191,5.726847422924453
5,1,knn,177,3.4657359027997265,3.144651955335422
5,1,knn,21,3.4965075614664802,3.687088767745897
5,1,knn,60,2.772588722239781,2.8100434755981767
5,1,knn,15,3.5553480614894135,3.8598328698843787
5,1,knn,135,3.9889840465642745,4.267585445771352
5,1,knn,157,2.0794415416798357,3.0521532485929628
5,1,knn,118,3.8918202981106265,3.949782674797507
5,1,knn,108,2.3978952727983707,2.955829536414549
5,1,knn,179,4.0943445622221,3.7428332376180546
5,1,knn,37,3.367295829986474,3.2752446490025258
5,1,knn,204,3.7376696182833684,3.471020049699397
5,1,knn,101,3.8066624897703196,3.4876451643757824
5,1,knn,13,4.927253685157205,4.414382110149061
5,1,knn,153,6.234410725718371,6.0441717365510685
5,1,knn,105,3.4657359027997265,3.2095818665993368
5,1,knn,167,4.605170185988092,4.984144877535212
5,1,knn,48,3.6888794541139363,3.2722143774733654
5,1,knn,95,6.142037405587356,6.048501664793219
5,1,knn,102,1.9459101490553132,2.6727674104571606
5,1,knn,173,3.2188758248682006,3.1586218623654383
5,1,knn,127,4.02535169073515,3.6937496706140913
5,1,knn,23,4.330733340286331,4.055712038029383
5,1,knn,110,3.091042453358316,2.950883139122124
5,1,knn,200,2.4849066497880004,3.109362939410709
5,1,knn,125,3.295836866004329,3.3931289747695934
5,1,knn,99,1.791759469228055,3.1162155894591694
5,1,knn,27,3.295836866004329,3.16885931348303
5,1,knn,3,5.147494476813453,5.487026070337451
5,1,knn,76,3.8066624897703196,3.241014563292387
5,1,knn,42,3.9512437185814275,4.159085388492719
5,1,knn,87,3.5553480614894135,3.4915737872877513
5,1,knn,12,4.5217885770490405,4.018701299729301
5,1,knn,142,3.912023005428146,3.61972547283658
5,1,knn,0,5.288267030694535,4.81580419398463
5,1,knn,154,5.365976015021851,4.817928404005852
5,1,knn,147,4.709530201312334,4.532653578784692
5,1,knn,191,5.5134287461649825,5.587662089783218
5,1,knn,136,4.174387269895637,4.267585445771352
5,1,knn,31,5.908082938168931,4.886312061745891
5,1,knn,36,2.995732273553991,3.0898939424840908
5,1,knn,107,2.3978952727983707,2.9791760507479235
5,1,knn,104,2.772588722239781,3.0740320986465783
5,1,knn,53,3.58351893845611,3.4087049215066894
5,1,knn,43,4.0943445622221,4.159085388492719
5,1,knn,169,5.356586274672012,5.13391047912651
5,1,knn,28,4.343805421853684,3.2062003481801042
5,1,knn,166,4.7535901911063645,3.9416192433216337
5,1,knn,71,4.1588830833596715,3.770137580655043
5,1,knn,143,4.189654742026425,4.196720820461898
5,1,knn,145,4.30406509320417,4.339009523614252
5,1,knn,138,3.912023005428146,3.764398014692592
5,1,knn,148,4.962844630259907,4.593878244006763
5,1,knn,46,2.8903717578961645,2.976811410438396
5,1,knn,203,3.044522437723423,3.1456135985616878
5,1,knn,180,4.6913478822291435,3.9121811483485693
5,1,knn,207,4.204692619390966,3.318752807333283
5,1,knn,115,4.330733340286331,4.202633023828185
5,1,knn,152,5.91350300563827,5.6808209784665005
5,1,knn,96,6.142037405587356,6.025876453852559
5,1,knn,79,4.430816798843313,3.8237982939075232
5,1,knn,114,3.912023005428146,3.626285280519756
5,1,knn,74,3.784189633918261,3.482490931819773
5,1,knn,54,3.258096538021482,3.3361065753435692
5,1,knn,73,3.58351893845611,3.4734500841327045
5,1,knn,29,3.295836866004329,3.2053704572877733
5,1,knn,170,3.2188758248682006,3.0993065992808746
5,1,knn,86,3.6888794541139363,3.4093500976098894
5,1,knn,5,5.762051382780177,5.6518306364198905
5,1,knn,40,3.58351893845611,3.6255138879060094
5,1,knn,44,4.276666119016055,3.975360718434013
5,1,knn,113,3.5263605246161616,3.404386571462361
5,1,knn,131,2.772588722239781,3.4707196093853234
5,1,knn,11,3.6888794541139363,3.194097210876851
5,1,knn,30,5.6131281063880705,4.886312061745891
5,1,knn,20,3.4011973816621555,3.574026780422271
5,1,knn,106,3.4657359027997265,3.4771005562660817
5,1,knn,49,4.127134385045092,3.4644834620611307
5,1,knn,88,4.897839799950911,4.582048806890235
5,1,knn,201,2.6390573296152584,3.1456135985616878
5,1,knn,168,4.941642422609304,5.3499316316665215
5,1,knn,193,4.248495242049359,3.8465605461224452
5,1,knn,64,4.969813299576001,4.688392730571162
5,1,knn,70,4.127134385045092,3.694318937573239
5,1,knn,50,3.1780538303479458,2.902266157069921
5,1,knn,126,3.8066624897703196,3.7017812614819934
5,1,knn,4,4.882801922586371,5.284706062965598
5,1,knn,94,5.4680601411351315,4.930140301613942
5,1,knn,59,2.995732273553991,2.8100434755981767
5,1,knn,194,4.736198448394496,4.7252322283963295
5,1,knn,9,7.042286171939743,6.3569733348922375
5,1,edited,72,3.091042453358316,3.3094436076007754
5,1,edited,41,3.6888794541139363,4.15843298235488
5,1,edited,92,3.091042453358316,3.51476151483014
5,1,edited,137,3.4011973816621555,3.6437819543412346
5,1,edited,97,5.6240175061873385,5.432856258145868
5,1,edited,160,3.044522437723423,3.4473194818600454
5,1,edited,98,5.220355825078324,5.137388784263121
5,1,edited,121,4.890349128221754,4.700582310400646
5,1,edited,33,4.143134726391533,3.4861609454780353
5,1,edited,89,4.189654742026425,4.158078312301836
5,1,edited,17,3.332204510175204,3.5352857570255285
5,1,edited,39,3.258096538021482,3.258328673794915
5,1,edited,140,4.127134385045092,3.982905938601643
5,1,edited,208,3.8066624897703196,3.304049569419218
5,1,edited,197,5.983936280687191,5.7268477475936175
5,1,edited,177,3.4657359027997265,3.1407928686036275
5,1,edited,21,3.4965075614664802,3.67554367615098
5,1,edited,60,2.772588722239781,2.765289422516308
5,1,edited,15,3.5553480614894135,3.8976258913858355
5,1,edited,135,3.9889840465642745,4.260139930297655
5,1,edited,157,2.0794415416798357,2.9901402940066455
5,1,edited,118,3.8918202981106265,3.9834575979534006
5,1,edited,108,2.3978952727983707,2.9543407770820425
5,1,edited,179,4.0943445622221,3.769341454476933
5,1,edited,37,3.367295829986474,3.1972073706324116
5,1,edited,204,3.7376696182833684,3.4787091085785797
5,1,edited,101,3.8066624897703196,3.498572531882391
5,1,edited,13,4.927253685157205,4.478337042574381
5,1,edited,153,6.234410725718371,6.0486526951117305
5,1,edited,105,3.4657359027997265,3.199531454295721
5,1,edited,167,4.605170185988092,4.947755646173384
5,1,edited,48,3.6888794541139363,3.285333302327103
5,1,edited,95,6.142037405587356,6.048860559486901
5,1,edited,102,1.9459101490553132,2.587288045193481
5,1,edited,173,3.2188758248682006,3.0784534871853277
5,1,edited,127,4.02535169073515,3.8166900165903095
5,1,edited,23,4.330733340286331,4.103543821529493
5,1,edited,110,3.091042453358316,2.9391876896815012
5,1,edited,200,2.4849066497880004,3.054077273069286
5,1,edited,125,3.295836866004329,3.357833627906925
5,1,edited,99,1.791759469228055,3.2136712022167346
5,1,edited,27,3.295836866004329,2.9990131610835116
5,1,edited,3,5.147494476813453,5.493831453641341
5,1,edited,76,3.8066624897703196,3.2743576555993754
5,1,edited,42,3.9512437185814275,4.145189308954721
5,1,edited,87,3.5553480614894135,3.51476151483014
5,1,edited,12,4.5217885770490405,3.864281004848051
5,1,edited,142,3.912023005428146,3.6407066654382043
5,1,edited,0,5.288267030694535,4.7901180730141375
5,1,edited,154,5.365976015021851,4.89209825045662
5,1,edited,147,4.709530201312334,4.536088811370568
5,1,edited,191,5.5134287461649825,5.669133373413866
5,1,edited,136,4.174387269895637,4.260139930297655
5,1,edited,31,5.908082938168931,5.004978063092861
5,1,edited,36,2.995732273553991,3.019526985129631
5,1,edited,107,2.3978952727983707,2.9822100191631886
5,1,edited,104,2.772588722239781,3.121903337453795
5,1,edited,53,3.58351893845611,3.4097616203696988
5,1,edited,43,4.0943445622221,4.145189308954721
5,1,edited,169,5.356586274672012,5.132436203342577
5,1,edited,28,4.343805421853684,3.144755989052223
5,1,edited,166,4.7535901911063645,3.9283907455679987
5,1,edited,71,4.1588830833596715,3.8522420831777193
5,1,edited,143,4.189654742026425,4.174189334126444
5,1,edited,145,4.30406509320417,4.434263275120974
5,1,edited,138,3.912023005428146,3.7962823982385734
5,1,edited,148,4.962844630259907,4.568772385511516
5,1,edited,46,2.8903717578961645,2.9837561872490395
5,1,edited,203,3.044522437723423,3.1020903784109484
5,1,edited,180,4.6913478822291435,3.893493487548541
5,1,edited,207,4.204692619390966,3.3335106553267417
5,1,edited,115,4.330733340286331,4.23880537830765
5,1,edited,152,5.91350300563827,5.7042500128043265
5,1,edited,96,6.142037405587356,6.047284969054113
5,1,edited,79,4.430816798843313,3.8632227056748922
5,1,edited,114,3.912023005428146,3.6633222707357165
5,1,edited,74,3.784189633918261,3.5229444990687995
5,1,edited,54,3.258096538021482,3.3299286606036556
5,1,edited,73,3.58351893845611,3.514027773727016
5,1,edited,29,3.295836866004329,3.1657388291346846
5,1,edited,170,3.2188758248682006,3.0550191482964624
5,1,edited,86,3.6888794541139363,3.3992649518240565
5,1,edited,5,5.762051382780177,5.6934482500430885
5,1,edited,40,3.58351893845611,3.656601168535181
5,1,edited,44,4.276666119016055,4.015054919111485
5,1,edited,113,3.5263605246161616,3.4880902062034913
5,1,edited,131,2.772588722239781,3.48222288412718
5,1,edited,11,3.6888794541139363,3.185081159109432
5,1,edited,30,5.6131281063880705,5.004978063092861
5,1,edited,20,3.4011973816621555,3.554832578918456
5,1,edited,106,3.4657359027997265,3.3821478486383345
5,1,edited,49,4.127134385045092,3.49918566103966
5,1,edited,88,4.897839799950911,4.715147633040565
5,1,edited,201,2.6390573296152584,3.1020903784109484
5,1,edited,168,4.941642422609304,5.457532374596355
5,1,edited,193,4.248495242049359,3.8382233617208352
5,1,edited,64,4.969813299576001,4.901106613996254
5,1,edited,70,4.127134385045092,3.704321143416824
5,1,edited,50,3.1780538303479458,2.8514369987580954
5,1,edited,126,3.8066624897703196,3.7394201151798336
5,1,edited,4,4.882801922586371,5.352793016492543
5,1,edited,94,5.4680601411351315,4.952270518116632
5,1,edited,59,2.995732273553991,2.765289422516308
5,1,edited,194,4.736198448394496,4.784321764265444
5,1,edited,9,7.042286171939743,6.418341931102972
5,1,condensed,72,3.091042453358316,3.3527282002267387
5,1,condensed,41,3.6888794541139363,4.231809000226352
5,1,condensed,92,3.091042453358316,3.4356201925529004
5,1,condensed,137,3.4011973816621555,3.6392896869242444
5,1,condensed,97,5.6240175061873385,5.136953254182357
5,1,condensed,160,3.044522437723423,3.519298404962969
5,1,condensed,98,5.220355825078324,4.80608917981
5,1,condensed,121,4.890349128221754,4.332316290603967
5,1,condensed,33,4.143134726391533,4.0053865061357605
5,1,condensed,89,4.189654742026425,4.304627822652199
5,1,condensed,17,3.332204510175204,3.5927594753575933
5,1,condensed,39,3.258096538021482,3.4465108624829934
5,1,condensed,140,4.127134385045092,3.9910883416137146
5,1,condensed,208,3.8066624897703196,3.2237696829404223
5,1,condensed,197,5.983936280687191,5.726847747902757
5,1,condensed,177,3.4657359027997265,3.0823636036636017
5,1,condensed,21,3.4965075614664802,3.7076096294811656
5,1,condensed,60,2.772588722239781,2.8455541856680915
5,1,condensed,15,3.5553480614894135,3.938515333862018
5,1,condensed,135,3.9889840465642745,4.262209466827324
5,1,condensed,157,2.0794415416798357,2.9061652764798303
5,1,condensed,118,3.8918202981106265,3.9880021919345663
5,1,condensed,108,2.3978952727983707,3.0172029624170573
5,1,condensed,179,4.0943445622221,3.80599572606806
5,1,condensed,37,3.367295829986474,3.304314214091716
5,1,condensed,204,3.7376696182833684,3.6284634423400655
5,1,condensed,101,3.8066624897703196,3.5867730296970235
5,1,condensed,13,4.927253685157205,4.365170062578384
5,1,condensed,153,6.234410725718371,6.112653376184
5,1,condensed,105,3.4657359027997265,3.2108759119600836
5,1,condensed,167,4.605170185988092,4.8178806313459
5,1,condensed,48,3.6888794541139363,3.356345866629252
5,1,condensed,95,6.142037405587356,5.985819335803958
5,1,condensed,102,1.9459101490553132,3.0488662846962478
5,1,condensed,173,3.2188758248682006,3.0754641728820666
5,1,condensed,127,4.02535169073515,3.7854353159858896
5,1,condensed,23,4.330733340286331,3.809747061471605
5,1,condensed,110,3.091042453358316,2.9935230534815576
5,1,condensed,200,2.4849066497880004,3.077254183779292
5,1,condensed,125,3.295836866004329,3.47249388898963
5,1,condensed,99,1.791759469228055,3.1338215086610175
5,1,condensed,27,3.295836866004329,3.1484181654202303
5,1,condensed,3,5.147494476813453,5.423811028298757
5,1,condensed,76,3.8066624897703196,3.2377915396271173
5,1,condensed,42,3.9512437185814275,4.230098917189777
5,1,condensed,87,3.5553480614894135,3.4356201925529004
5,1,condensed,12,4.5217885770490405,3.9927627560290824
5,1,condensed,142,3.912023005428146,3.673499945971107
5,1,condensed,0,5.288267030694535,5.579568721987113
5,1,condensed,154,5.365976015021851,4.701213472371967
5,1,condensed,147,4.709530201312334,4.499934700393888
5,1,condensed,191,5.5134287461649825,5.688336119274204
5,1,condensed,136,4.174387269895637,4.262209466827324
5,1,condensed,31,5.908082938168931,4.390522760977276
5,1,condensed,36,2.995732273553991,3.0311556695134265
5,1,condensed,107,2.3978952727983707,3.048614880399104
5,1,condensed,104,2.772588722239781,3.1609255625762165
5,1,condensed,53,3.58351893845611,3.597954404075763
5,1,condensed,43,4.0943445622221,4.230098917189777
5,1,condensed,169,5.356586274672012,4.83902257291632
5,1,condensed,28,4.343805421853684,3.1815673668130686
5,1,condensed,166,4.7535901911063645,4.091354990301904
5,1,condensed,71,4.1588830833596715,3.7385364813316864
5,1,condensed,143,4.189654742026425,4.145678684453609
5,1,condensed,145,4.30406509320417,4.345460924277467
5,1,condensed,138,3.912023005428146,3.8666422287873843
5,1,condensed,148,4.962844630259907,4.51816689607933
5,1,condensed,46,2.8903717578961645,3.03031207217249
5,1,condensed,203,3.044522437723423,3.079814158494569
5,1,condensed,180,4.6913478822291435,3.9190427049863805
5,1,condensed,207,4.204692619390966,3.269573646043157
5,1,condensed,115,4.330733340286331,4.253162060500944
5,1,condensed,152,5.91350300563827,5.767710516268501
5,1,condensed,96,6.142037405587356,5.686887249701096
5,1,condensed,79,4.430816798843313,3.9040912992939956
5,1,condensed,114,3.912023005428146,3.7342833341863098
5,1,condensed,74,3.784189633918261,3.476111097089675
5,1,condensed,54,3.258096538021482,3.326446532294971
5,1,condensed,73,3.58351893845611,3.475106730552045
5,1,condensed,29,3.295836866004329,3.182034497885811
5,1,condensed,170,3.2188758248682006,2.9830078348695492
5,1,condensed,86,3.6888794541139363,3.3752541990836358
5,1,condensed,5,5.762051382780177,5.75300854441573
5,1,condensed,40,3.58351893845611,3.7770292112484953
5,1,condensed,44,4.276666119016055,4.084485084318708
5,1,condensed,113,3.5263605246161616,3.312409153927962
5,1,condensed,131,2.772588722239781,3.5745371784207376
5,1,condensed,11,3.6888794541139363,3.2021066066285484
5,1,condensed,30,5.6131281063880705,4.390522760977276
5,1,condensed,20,3.4011973816621555,3.6409956503925014
5,1,condensed,106,3.4657359027997265,3.5065532496078418
5,1,condensed,49,4.127134385045092,3.5196217516113846
5,1,condensed,88,4.897839799950911,4.6403011694791445
5,1,condensed,201,2.6390573296152584,3.079814158494569
5,1,condensed,168,4.941642422609304,5.167064002874026
5,1,condensed,193,4.248495242049359,3.8366522714191595
5,1,condensed,64,4.969813299576001,4.763561633621111
5,1,condensed,70,4.127134385045092,3.7586240569918767
5,1,condensed,50,3.1780538303479458,2.945759158769466
5,1,condensed,126,3.8066624897703196,3.7878753310352082
5,1,condensed,4,4.882801922586371,5.057206373135765
5,1,condensed,94,5.4680601411351315,4.862707451791843
5,1,condensed,59,2.995732273553991,2.8455541856680915
5,1,condensed,194,4.736198448394496,4.741145426606097
5,1,condensed,9,7.042286171939743,6.455180991448448
5,2,null,192,6.003887067106539,4.0410525124913494
5,2,null,16,2.9444389791664403,4.0410525124913494
5,2,null,25,4.23410650459726,4.0410525124913494
5,2,null,178,3.6375861597263857,4.0410525124913494
5,2,null,133,3.4657359027997265,4.0410525124913494
5,2,null,123,2.8903717578961645,4.0410525124913494
5,2,null,189,5.236441962829949,4.0410525124913494
5,2,null,151,5.6240175061873385,4.0410525124913494
5,2,null,186,4.867534450455582,4.0410525124913494
5,2,null,51,3.1780538303479458,4.0410525124913494
5,2,null,158,2.4849066497880004,4.0410525124913494
5,2,null,161,3.1780538303479458,4.0410525124913494
5,2,null,188,4.727387818712341,4.0410525124913494
5,2,null,109,2.8903717578961645,4.0410525124913494
5,2,null,2,5.393627546352362,4.0410525124913494
5,2,null,132,3.258096538021482,4.0410525124913494
5,2,null,172,3.713572066704308,4.0410525124913494
5,2,null,77,3.970291913552122,4.0410525124913494
5,2,null,111,3.6109179126442243,4.0410525124913494
5,2,null,45,4.276666119016055,4.0410525124913494
5,2,null,149,4.653960350157523,4.0410525124913494
5,2,null,100,3.1780538303479458,4.0410525124913494
5,2,null,183,3.091042453358316,4.0410525124913494
5,2,null,128,4.248495242049359,4.0410525124913494
5,2,null,116,4.189654742026425,4.0410525124913494
5,2,null,163,3.7376696182833684,4.0410525124913494
5,2,null,81,3.6375861597263857,4.0410525124913494
5,2,null,182,2.3978952727983707,4.0410525124913494
5,2,null,90,4.948759890378168,4.0410525124913494
5,2,null,162,3.5263605246161616,4.0410525124913494
5,2,null,134,3.8066624897703196,4.0410525124913494
5,2,null,184,3.4965075614664802,4.0410525124913494
5,2,null,122,2.4849066497880004,4.0410525124913494
5,2,null,68,3.4657359027997265,4.0410525124913494
5,2,null,185,4.060443010546419,4.0410525124913494
5,2,null,196,5.726847747587197,4.0410525124913494
5,2,null,32,3.4657359027997265,4.0410525124913494
5,2,null,129,4.382026634673881,4.0410525124913494
5,2,null,57,2.4849066497880004,4.0410525124913494
5,2,null,75,3.912023005428146,4.0410525124913494
5,2,null,176,3.4011973816621555,4.0410525124913494
5,2,null,14,2.302585092994046,4.0410525124913494
5,2,null,144,4.454347296253507,4.0410525124913494
5,2,null,19,4.787491742782046,4.0410525124913494
5,2,null,18,3.4339872044851463,4.0410525124913494
5,2,null,156,6.234410725718371,4.0410525124913494
5,2,null,78,3.58351893845611,4.0410525124913494
5,2,null,47,2.995732273553991,4.0410525124913494
5,2,null,164,3.828641396489095,4.0410525124913494
5,2,null,155,5.786897381366708,4.0410525124913494
5,2,null,82,3.6375861597263857,4.0410525124913494
5,2,null,199,7.047517221357296,4.0410525124913494
5,2,null,124,2.995732273553991,4.0410525124913494
5,2,null,103,2.5649493574615367,4.0410525124913494
5,2,null,66,2.833213344056216,4.0410525124913494
5,2,null,146,4.532599493153256,4.0410525124913494
5,2,null,187,4.31748811353631,4.0410525124913494
5,2,null,206,3.9512437185814275,4.0410525124913494
5,2,null,8,6.455198563340122,4.0410525124913494
5,2,null,175,3.912023005428146,4.0410525124913494
5,2,null,10,3.6375861597263857,4.0410525124913494
5,2,null,190,5.153291594497779,4.0410525124913494
5,2,null,120,4.605170185988092,4.0410525124913494
5,2,null,198,6.818924065275521,4.0410525124913494
5,2,null,84,3.091042453358316,4.0410525124913494
5,2,null,171,3.4011973816621555,4.0410525124913494
5,2,null,159,2.833213344056216,4.0410525124913494
5,2,null,38,4.2626798770413155,4.0410525124913494
5,2,null,80,2.772588722239781,4.0410525124913494
5,2,null,139,3.6888794541139363,4.0410525124913494
5,2,null,195,5.337538079701318,4.0410525124913494
5,2,null,1,5.594711379601839,4.0410525124913494
5,2,null,6,5.905361848054571,4.0410525124913494
5,2,null,24,3.1354942159291497,4.0410525124913494
5,2,null,165,3.9318256327243257,4.0410525124913494
5,2,null,174,3.912023005428146,4.0410525124913494
5,2,null,150,5.365976015021851,4.0410525124913494
5,2,null,117,3.1780538303479458,4.0410525124913494
5,2,null,119,4.189654742026425,4.0410525124913494
5,2,null,34,4.663439094112067,4.0410525124913494
5,2,null,58,2.6390573296152584,4.0410525124913494
5,2,null,62,3.58351893845611,4.0410525124913494
5,2,null,7,6.192362489474872,4.0410525124913494
5,2,null,85,3.367295829986474,4.0410525124913494
5,2,null,69,3.4657359027997265,4.0410525124913494
5,2,null,63,4.969813299576001,4.0410525124913494
5,2,null,26,3.4965075614664802,4.0410525124913494
5,2,null,22,4.110873864173311,4.0410525124913494
5,2,null,35,5.337538079701318,4.0410525124913494
5,2,null,141,4.0943445622221,4.0410525124913494
5,2,null,83,2.772588722239781,4.0410525124913494
5,2,null,55,4.0943445622221,4.0410525124913494
5,2,null,130,4.912654885736052,4.0410525124913494
5,2,null,61,3.091042453358316,4.0410525124913494
5,2,null,65,5.556828061699537,4.0410525124913494
5,2,null,112,3.6888794541139363,4.0410525124913494
5,2,null,91,5.241747015059643,4.0410525124913494
5,2,null,52,4.927253685157205,4.0410525124913494
5,2,null,56,4.2626798770413155,4.0410525124913494
5,2,null,205,3.828641396489095,4.0410525124913494
5,2,null,93,4.882801922586371,4.0410525124913494
5,2,null,67,3.258096538021482,4.0410525124913494
5,2,null,181,1.791759469228055,4.0410525124913494
5,2,null,202,2.8903717578961645,4.0410525124913494
5,2,knn,192,6.003887067106539,5.682507713068934
5,2,knn,16,2.9444389791664403,3.2762538007641853
5,2,knn,25,4.23410650459726,3.349011717930535
5,2,knn,178,3.6375861597263857,3.389386886225096
5,2,knn,133,3.4657359027997265,3.793835527447015
5,2,knn,123,2.8903717578961645,2.2553830998589084
5,2,knn,189,5.236441962829949,5.0293881990610805
5,2,knn,151,5.6240175061873385,5.683653055666436
5,2,knn,186,4.867534450455582,4.343949364363689
5,2,knn,51,3.1780538303479458,2.9152048588947785
5,2,knn,158,2.4849066497880004,3.0354254376950434
5,2,knn,161,3.1780538303479458,3.5765996764993737
5,2,knn,188,4.727387818712341,4.337266440528031
5,2,knn,109,2.8903717578961645,2.7562363753520347
5,2,knn,2,5.393627546352362,5.336003413039991
5,2,knn,132,3.258096538021482,3.77750834071573
5,2,knn,172,3.713572066704308,4.2765322691341705
5,2,knn,77,3.970291913552122,3.9342930934326863
5,2,knn,111,3.6109179126442243,2.73759119884535
5,2,knn,45,4.276666119016055,3.745757155903447
5,2,knn,149,4.653960350157523,3.66690364609446
5,2,knn,100,3.1780538303479458,3.175888381329365
5,2,knn,183,3.091042453358316,3.398954100235679
5,2,knn,128,4.248495242049359,4.004778737331352
5,2,knn,116,4.189654742026425,4.096115650127958
5,2,knn,163,3.7376696182833684,3.8175865814276264
5,2,knn,81,3.6375861597263857,3.9674568884510664
5,2,knn,182,2.3978952727983707,3.2487136011380295
5,2,knn,90,4.948759890378168,4.824436135729407
5,2,knn,162,3.5263605246161616,3.6365492290083177
5,2,knn,134,3.8066624897703196,4.056014600008782
5,2,knn,184,3.4965075614664802,3.677948413791908
5,2,knn,122,2.4849066497880004,2.2520693113509886
5,2,knn,68,3.4657359027997265,3.478985495253988
5,2,knn,185,4.060443010546419,3.8855819629245896
5,2,knn,196,5.726847747587197,5.983931454806825
5,2,knn,32,3.4657359027997265,4.2532814957397305
5,2,knn,129,4.382026634673881,4.004778737331352
5,2,knn,57,2.4849066497880004,2.8906077860530077
5,2,knn,75,3.912023005428146,3.7861432428935906
5,2,knn,176,3.4011973816621555,3.109503015226879
5,2,knn,14,2.302585092994046,3.30365915023802
5,2,knn,144,4.454347296253507,4.2378069974097015
5,2,knn,19,4.787491742782046,5.31274006644985
5,2,knn,18,3.4339872044851463,3.3896854967757233
5,2,knn,156,6.234410725718371,5.901989256596739
5,2,knn,78,3.58351893845611,3.5580874032358194
5,2,knn,47,2.995732273553991,2.840836020073008
5,2,knn,164,3.828641396489095,3.91822220492015
5,2,knn,155,5.786897381366708,5.685678872146885
5,2,knn,82,3.6375861597263857,3.6205336859809227
5,2,knn,199,7.047517221357296,5.261451092288091
5,2,knn,124,2.995732273553991,2.799494690161852
5,2,knn,103,2.5649493574615367,2.271600659671741
5,2,knn,66,2.833213344056216,3.0932215465938553
5,2,knn,146,4.532599493153256,4.670626675021981
5,2,knn,187,4.31748811353631,4.001125346286788
5,2,knn,206,3.9512437185814275,3.696583217058286
5,2,knn,8,6.455198563340122,5.963726869335049
5,2,knn,175,3.912023005428146,3.9377889483401063
5,2,knn,10,3.6375861597263857,3.3756469302527816
5,2,knn,190,5.153291594497779,5.176380830620548
5,2,knn,120,4.605170185988092,4.246242206554724
5,2,knn,198,6.818924065275521,4.9929428839627885
5,2,knn,84,3.091042453358316,3.4645007037527944
5,2,knn,171,3.4011973816621555,3.2238159016998025
5,2,knn,159,2.833213344056216,3.23455858195689
5,2,knn,38,4.2626798770413155,3.620228330601896
5,2,knn,80,2.772588722239781,3.3797469290762794
5,2,knn,139,3.6888794541139363,3.2638140962128133
5,2,knn,195,5.337538079701318,5.185560270760772
5,2,knn,1,5.594711379601839,5.336003413039991
5,2,knn,6,5.905361848054571,6.104324027351493
5,2,knn,24,3.1354942159291497,3.5040590628513595
5,2,knn,165,3.9318256327243257,4.623834457992687
5,2,knn,174,3.912023005428146,3.4091808081476542
5,2,knn,150,5.365976015021851,4.858160589174955
5,2,knn,117,3.1780538303479458,3.317655516445477
5,2,knn,119,4.189654742026425,3.837877296474074
5,2,knn,34,4.663439094112067,4.972255569354488
5,2,knn,58,2.6390573296152584,2.8906077860530077
5,2,knn,62,3.58351893845611,3.497055737981046
5,2,knn,7,6.192362489474872,6.104324027351493
5,2,knn,85,3.367295829986474,3.2394139114849714
5,2,knn,69,3.4657359027997265,3.52420906086785
5,2,knn,63,4.969813299576001,4.418056026703948
5,2,knn,26,3.4965075614664802,3.5096463653664625
5,2,knn,22,4.110873864173311,4.144201903089266
5,2,knn,35,5.337538079701318,4.9719365562604345
5,2,knn,141,4.0943445622221,3.943507225697466
5,2,knn,83,2.772588722239781,3.3547246093747165
5,2,knn,55,4.0943445622221,3.8714217994766935
5,2,knn,130,4.912654885736052,4.643754395589515
5,2,knn,61,3.091042453358316,2.8906077860530077
5,2,knn,65,5.556828061699537,4.936981517884079
5,2,knn,112,3.6888794541139363,3.4211612605941566
5,2,knn,91,5.241747015059643,4.824436135729407
5,2,knn,52,4.927253685157205,3.9619939383011555
5,2,knn,56,4.2626798770413155,3.5943952941657016
5,2,knn,205,3.828641396489095,3.9257476324000953
5,2,knn,93,4.882801922586371,4.130825662295734
5,2,knn,67,3.258096538021482,3.10058913574811
5,2,knn,181,1.791759469228055,3.2291569756039933
5,2,knn,202,2.8903717578961645,3.1098659659558496
5,2,edited,192,6.003887067106539,5.699302742727583
5,2,edited,16,2.9444389791664403,3.160594976658767
5,2,edited,25,4.23410650459726,3.3961126360289744
5,2,edited,178,3.6375861597263857,3.4465942135325505
5,2,edited,133,3.4657359027997265,3.804646007775989
5,2,edited,123,2.8903717578961645,2.2526522882565274
5,2,edited,189,5.236441962829949,5.013041211129734
5,2,edited,151,5.6240175061873385,5.700732211931332
5,2,edited,186,4.867534450455582,4.375924152213416
5,2,edited,51,3.1780538303479458,2.9261677888756235
5,2,edited,158,2.4849066497880004,2.967585598189236
5,2,edited,161,3.1780538303479458,3.5954272678026693
5,2,edited,188,4.727387818712341,4.33426276557376
5,2,edited,109,2.8903717578961645,2.753741739214698
5,2,edited,2,5.393627546352362,5.337362799981566
5,2,edited,132,3.258096538021482,3.838633738276703
5,2,edited,172,3.713572066704308,4.313863378724407
5,2,edited,77,3.970291913552122,3.960877809825851
5,2,edited,111,3.6109179126442243,2.733218145752521
5,2,edited,45,4.276666119016055,3.8004972019596734
5,2,edited,149,4.653960350157523,3.6691400188382817
5,2,edited,100,3.1780538303479458,3.097702384721102
5,2,edited,183,3.091042453358316,3.4185073994182265
5,2,edited,128,4.248495242049359,4.037652586917385
5,2,edited,116,4.189654742026425,4.108339150743668
5,2,edited,163,3.7376696182833684,3.8095728856025413
5,2,edited,81,3.6375861597263857,3.994881508259154
5,2,edited,182,2.3978952727983707,3.2095213592426757
5,2,edited,90,4.948759890378168,4.867460962652592
5,2,edited,162,3.5263605246161616,3.6414518344680373
5,2,edited,134,3.8066624897703196,4.0831612350619775
5,2,edited,184,3.4965075614664802,3.718589374634458
5,2,edited,122,2.4849066497880004,2.249369592232515
5,2,edited,68,3.4657359027997265,3.4829536930490868
5,2,edited,185,4.060443010546419,3.877398894787392
5,2,edited,196,5.726847747587197,5.983932138321406
5,2,edited,32,3.4657359027997265,4.231821659254968
5,2,edited,129,4.382026634673881,4.037652586917385
5,2,edited,57,2.4849066497880004,2.8877898041374688
5,2,edited,75,3.912023005428146,3.8092457820691092
5,2,edited,176,3.4011973816621555,3.1202613073102334
5,2,edited,14,2.302585092994046,3.402631257909624
5,2,edited,144,4.454347296253507,4.2427061889589
5,2,edited,19,4.787491742782046,5.364501188734416
5,2,edited,18,3.4339872044851463,3.3508675724534327
5,2,edited,156,6.234410725718371,5.907365258633728
5,2,edited,78,3.58351893845611,3.5371686398798308
5,2,edited,47,2.995732273553991,2.8365828454171993
5,2,edited,164,3.828641396489095,3.9730894817419586
5,2,edited,155,5.786897381366708,5.702609366021081
5,2,edited,82,3.6375861597263857,3.6219170180454983
5,2,edited,199,7.047517221357296,5.222623185368046
5,2,edited,124,2.995732273553991,2.7955633892262965
5,2,edited,103,2.5649493574615367,2.2687821809751587
5,2,edited,66,2.833213344056216,3.072062096167278
5,2,edited,146,4.532599493153256,4.651094946200708
5,2,edited,187,4.31748811353631,4.022206360109054
5,2,edited,206,3.9512437185814275,3.681676084731189
5,2,edited,8,6.455198563340122,5.974067585803809
5,2,edited,175,3.912023005428146,3.9282253979853627
5,2,edited,10,3.6375861597263857,3.5107310537612904
5,2,edited,190,5.153291594497779,5.253067449950853
5,2,edited,120,4.605170185988092,4.2502394859308295
5,2,edited,198,6.818924065275521,5.002508778034177
5,2,edited,84,3.091042453358316,3.4269572334657825
5,2,edited,171,3.4011973816621555,3.1603567385113407
5,2,edited,159,2.833213344056216,3.2573784411212516
5,2,edited,38,4.2626798770413155,3.6435238166618538
5,2,edited,80,2.772588722239781,3.4223814460260296
5,2,edited,139,3.6888794541139363,3.165375486728326
5,2,edited,195,5.337538079701318,5.239469531537561
5,2,edited,1,5.594711379601839,5.337362799981566
5,2,edited,6,5.905361848054571,6.106858824862591
5,2,edited,24,3.1354942159291497,3.517760215534364
5,2,edited,165,3.9318256327243257,4.614144690933833
5,2,edited,174,3.912023005428146,3.3548871155979128
5,2,edited,150,5.365976015021851,4.860782825138486
5,2,edited,117,3.1780538303479458,3.3479906388092484
5,2,edited,119,4.189654742026425,3.8498675659140233
5,2,edited,34,4.663439094112067,4.9660800101545135
5,2,edited,58,2.6390573296152584,2.8877898041374688
5,2,edited,62,3.58351893845611,3.459096145242133
5,2,edited,7,6.192362489474872,6.106858824862591
5,2,edited,85,3.367295829986474,3.211398780432968
5,2,edited,69,3.4657359027997265,3.4988456361025224
5,2,edited,63,4.969813299576001,4.424504072343345
5,2,edited,26,3.4965075614664802,3.507037577427676
5,2,edited,22,4.110873864173311,4.1668093424313595
5,2,edited,35,5.337538079701318,4.965830094568908
5,2,edited,141,4.0943445622221,3.959988632143265
5,2,edited,83,2.772588722239781,3.4038096079983844
5,2,edited,55,4.0943445622221,3.8609674467972876
5,2,edited,130,4.912654885736052,4.664350874927206
5,2,edited,61,3.091042453358316,2.8877898041374688
5,2,edited,65,5.556828061699537,4.952328574375041
5,2,edited,112,3.6888794541139363,3.4430874334015535
5,2,edited,91,5.241747015059643,4.867460962652592
5,2,edited,52,4.927253685157205,4.037446125769633
5,2,edited,56,4.2626798770413155,3.557765155317966
5,2,edited,205,3.828641396489095,3.9845160184199293
5,2,edited,93,4.882801922586371,4.143896098786826
5,2,edited,67,3.258096538021482,3.086810517147786
5,2,edited,181,1.791759469228055,3.147540707392563
5,2,edited,202,2.8903717578961645,3.071967416960454
5,2,condensed,192,6.003887067106539,5.547717166721731
5,2,condensed,16,2.9444389791664403,3.2035112132519354
5,2,condensed,25,4.23410650459726,3.304336962608979
5,2,condensed,178,3.6375861597263857,3.3875848621996956
5,2,condensed,133,3.4657359027997265,3.8156987240844886
5,2,condensed,123,2.8903717578961645,2.0263888997084605
5,2,condensed,189,5.236441962829949,5.053460835363466
5,2,condensed,151,5.6240175061873385,5.707849205452348
5,2,condensed,186,4.867534450455582,4.352744563020044
5,2,condensed,51,3.1780538303479458,2.9544563765049165
5,2,condensed,158,2.4849066497880004,2.9484336252560563
5,2,condensed,161,3.1780538303479458,3.5284747833884356
5,2,condensed,188,4.727387818712341,4.295734463954747
5,2,condensed,109,2.8903717578961645,2.7113973495483354
5,2,condensed,2,5.393627546352362,5.3043799616128355
5,2,condensed,132,3.258096538021482,3.7886334769330205
5,2,condensed,172,3.713572066704308,4.34122174116428
5,2,condensed,77,3.970291913552122,3.9458991099537912
5,2,condensed,111,3.6109179126442243,2.7178630016567165
5,2,condensed,45,4.276666119016055,3.6927296238003735
5,2,condensed,149,4.653960350157523,3.6637868878328432
5,2,condensed,100,3.1780538303479458,3.070311860380184
5,2,condensed,183,3.091042453358316,3.3663087418695237
5,2,condensed,128,4.248495242049359,3.9963570138781805
5,2,condensed,116,4.189654742026425,4.090514687465769
5,2,condensed,163,3.7376696182833684,3.7717328706428064
5,2,condensed,81,3.6375861597263857,3.960452223573423
5,2,condensed,182,2.3978952727983707,3.1321826041302523
5,2,condensed,90,4.948759890378168,4.796917256925116
5,2,condensed,162,3.5263605246161616,3.5385188987930802
5,2,condensed,134,3.8066624897703196,3.9644437957772314
5,2,condensed,184,3.4965075614664802,3.7460657536043436
5,2,condensed,122,2.4849066497880004,2.024007979957277
5,2,condensed,68,3.4657359027997265,3.578023098294916
5,2,condensed,185,4.060443010546419,3.9116994392876254
5,2,condensed,196,5.726847747587197,5.983933467300657
5,2,condensed,32,3.4657359027997265,4.248082808039522
5,2,condensed,129,4.382026634673881,3.9963570138781805
5,2,condensed,57,2.4849066497880004,2.8817085244287104
5,2,condensed,75,3.912023005428146,3.8504565389722267
5,2,condensed,176,3.4011973816621555,3.001336683937933
5,2,condensed,14,2.302585092994046,3.3079480467108553
5,2,condensed,144,4.454347296253507,4.271386648920603
5,2,condensed,19,4.787491742782046,5.085549682326852
5,2,condensed,18,3.4339872044851463,3.320953904143741
5,2,condensed,156,6.234410725718371,5.130077783157682
5,2,condensed,78,3.58351893845611,3.5417360382114733
5,2,condensed,47,2.995732273553991,2.8924993444466285
5,2,condensed,164,3.828641396489095,3.844274178891408
5,2,condensed,155,5.786897381366708,5.710270000491922
5,2,condensed,82,3.6375861597263857,3.5059170729990083
5,2,condensed,199,7.047517221357296,4.914431005794345
5,2,condensed,124,2.995732273553991,2.8840723379512117
5,2,condensed,103,2.5649493574615367,2.0301864192099215
5,2,condensed,66,2.833213344056216,3.0730693055984935
5,2,condensed,146,4.532599493153256,4.657871025615992
5,2,condensed,187,4.31748811353631,3.748283366427562
5,2,condensed,206,3.9512437185814275,3.6538768293230737
5,2,condensed,8,6.455198563340122,5.876827362793761
5,2,condensed,175,3.912023005428146,3.962044711150978
5,2,condensed,10,3.6375861597263857,3.376387674953755
5,2,condensed,190,5.153291594497779,5.300605002753048
5,2,condensed,120,4.605170185988092,4.0202273158274755
5,2,condensed,198,6.818924065275521,4.674692298048653
5,2,condensed,84,3.091042453358316,3.416620185381104
5,2,condensed,171,3.4011973816621555,3.1075179317860715
5,2,condensed,159,2.833213344056216,3.116689325309878
5,2,condensed,38,4.2626798770413155,3.5229464579558942
5,2,condensed,80,2.772588722239781,3.4302228191652024
5,2,condensed,139,3.6888794541139363,3.1924962231365384
5,2,condensed,195,5.337538079701318,5.187339596122575
5,2,condensed,1,5.594711379601839,5.3043799616128355
5,2,condensed,6,5.905361848054571,6.1019048938409215
5,2,condensed,24,3.1354942159291497,3.4540057485924254
5,2,condensed,165,3.9318256327243257,4.635497464205155
5,2,condensed,174,3.912023005428146,3.301585703407398
5,2,condensed,150,5.365976015021851,5.013856966022249
5,2,condensed,117,3.1780538303479458,3.281338717719871
5,2,condensed,119,4.189654742026425,3.737384617054649
5,2,condensed,34,4.663439094112067,5.0696279738609356
5,2,condensed,58,2.6390573296152584,2.8817085244287104
5,2,condensed,62,3.58351893845611,3.419488050242119
5,2,condensed,7,6.192362489474872,6.1019048938409215
5,2,condensed,85,3.367295829986474,3.223775459177259
5,2,condensed,69,3.4657359027997265,3.560560449182062
5,2,condensed,63,4.969813299576001,4.441462659787977
5,2,condensed,26,3.4965075614664802,3.469767289837275
5,2,condensed,22,4.110873864173311,3.9025648735535174
5,2,condensed,35,5.337538079701318,5.06914543971195
5,2,condensed,141,4.0943445622221,3.9645540002940325
5,2,condensed,83,2.772588722239781,3.3725339642801324
5,2,condensed,55,4.0943445622221,3.86109787342929
5,2,condensed,130,4.912654885736052,4.641265342773
5,2,condensed,61,3.091042453358316,2.8817085244287104
5,2,condensed,65,5.556828061699537,4.8556698104107845
5,2,condensed,112,3.6888794541139363,3.328028672179029
5,2,condensed,91,5.241747015059643,4.796917256925116
5,2,condensed,52,4.927253685157205,3.9694744459968363
5,2,condensed,56,4.2626798770413155,3.4932381861328894
5,2,condensed,205,3.828641396489095,3.898965966741752
5,2,condensed,93,4.882801922586371,3.9605805814166684
5,2,condensed,67,3.258096538021482,3.0538878976552932
5,2,condensed,181,1.791759469228055,3.1192107896520382
5,2,condensed,202,2.8903717578961645,2.959899796991057
